user_id,skill_name,correct,response_time
user_001,G6_S1_ORG_CHARS,0,24.77
user_001,G6_S1_ORG_CHARS,0,22.25
user_001,G6_S1_ORG_CHARS,1,25.15
user_001,G6_S1_ORG_CHARS,1,20.78
user_001,G6_S1_ORG_CHARS,1,14.38
user_001,G6_S1_ORG_CHARS,1,8.19
user_001,G6_S1_ORG_CHARS,1,9.93
user_001,G6_S1_ORG_CHARS,1,13.22
user_001,G6_S1_ORG_CHARS,1,8.95
user_001,G6_S1_ORG_CHARS,1,6.03
user_001,G6_S1_ORG_CHARS,1,9.61
user_001,G6_S1_ORG_CHARS,1,16.19
user_001,G6_S1_ORG_CLASS,1,20.79
user_001,G6_S1_ORG_CLASS,1,19.83
user_001,G6_S1_ORG_CLASS,1,16.55
user_001,G6_S1_ORG_CLASS,1,11.34
user_001,G6_S1_ORG_CLASS,1,20.89
user_001,G6_S1_ORG_CLASS,1,15.01
user_001,G6_S1_ORG_CLASS,0,16.32
user_001,G6_S1_ORG_CLASS,1,11.17
user_001,G6_S1_ORG_CLASS,1,12.89
user_001,G6_S1_ORG_CLASS,1,14.54
user_001,G6_S1_ORG_CLASS,1,14.02
user_001,G6_S1_ORG_CLASS,1,11.97
user_001,G6_S2_MAT_STATES,0,17.83
user_001,G6_S2_MAT_STATES,0,24.23
user_001,G6_S2_MAT_STATES,0,20.86
user_001,G6_S2_MAT_STATES,1,19.72
user_001,G6_S2_MAT_STATES,0,13.99
user_001,G6_S2_MAT_STATES,0,18.2
user_001,G6_S2_MAT_STATES,1,18.3
user_001,G6_S2_MAT_STATES,0,14.85
user_001,G6_S2_MAT_STATES,1,20.39
user_001,G6_S2_MAT_STATES,1,14.94
user_001,G6_S2_MAT_STATES,1,12.23
user_001,G6_S2_MAT_STATES,1,10.81
user_001,G6_S2_MAT_PROPS,0,23.25
user_001,G6_S2_MAT_PROPS,0,24.7
user_001,G6_S2_MAT_PROPS,1,18.81
user_001,G6_S2_MAT_PROPS,0,15.48
user_001,G6_S2_MAT_PROPS,1,20.17
user_001,G6_S2_MAT_PROPS,1,14.41
user_001,G6_S2_MAT_PROPS,1,12.76
user_001,G6_S2_MAT_PROPS,1,14.47
user_001,G6_S2_MAT_PROPS,1,3.9
user_001,G6_S2_MAT_PROPS,0,14.41
user_001,G6_S2_MAT_PROPS,1,14.01
user_001,G6_S2_MAT_PROPS,0,14.36
user_001,G6_S4_ENE_SOURCES,0,24.84
user_001,G6_S4_ENE_SOURCES,1,19.9
user_001,G6_S4_ENE_SOURCES,0,15.49
user_001,G6_S4_ENE_SOURCES,0,17.4
user_001,G6_S4_ENE_SOURCES,0,25.7
user_001,G6_S4_ENE_SOURCES,1,21.57
user_001,G6_S4_ENE_SOURCES,1,17.48
user_001,G6_S4_ENE_SOURCES,1,12.68
user_001,G6_S4_ENE_SOURCES,1,10.54
user_001,G6_S4_ENE_SOURCES,1,11.55
user_001,G6_S4_ENE_SOURCES,1,13.13
user_001,G6_S4_ENE_SOURCES,1,15.41
user_001,G6_S8_ELE_CIRCUITS,0,27.01
user_001,G6_S8_ELE_CIRCUITS,1,18.84
user_001,G6_S8_ELE_CIRCUITS,1,16.13
user_001,G6_S8_ELE_CIRCUITS,1,13.24
user_001,G6_S8_ELE_CIRCUITS,1,12.0
user_001,G6_S8_ELE_CIRCUITS,1,16.1
user_001,G6_S8_ELE_CIRCUITS,1,13.09
user_001,G6_S8_ELE_CIRCUITS,1,12.2
user_001,G6_S8_ELE_CIRCUITS,0,7.78
user_001,G6_S8_ELE_CIRCUITS,1,11.67
user_001,G6_S8_ELE_CIRCUITS,1,13.72
user_001,G6_S8_ELE_CIRCUITS,0,13.65
user_001,G6_S8_ELE_CONDINS,0,26.46
user_001,G6_S8_ELE_CONDINS,1,17.53
user_001,G6_S8_ELE_CONDINS,1,19.06
user_001,G6_S8_ELE_CONDINS,0,15.29
user_001,G6_S8_ELE_CONDINS,1,15.39
user_001,G6_S8_ELE_CONDINS,0,11.99
user_001,G6_S8_ELE_CONDINS,0,21.23
user_001,G6_S8_ELE_CONDINS,0,19.87
user_001,G6_S8_ELE_CONDINS,1,21.04
user_001,G6_S8_ELE_CONDINS,0,13.31
user_001,G6_S8_ELE_CONDINS,0,22.82
user_001,G6_S8_ELE_CONDINS,1,17.85
user_001,G7_S1_PLA_DIVER,0,26.96
user_001,G7_S1_PLA_DIVER,0,24.49
user_001,G7_S1_PLA_DIVER,1,22.27
user_001,G7_S1_PLA_DIVER,1,14.15
user_001,G7_S1_PLA_DIVER,1,13.57
user_001,G7_S1_PLA_DIVER,1,13.0
user_001,G7_S1_PLA_DIVER,1,16.35
user_001,G7_S1_PLA_DIVER,1,7.45
user_001,G7_S1_PLA_DIVER,1,6.69
user_001,G7_S1_PLA_DIVER,1,16.14
user_001,G7_S1_PLA_DIVER,0,16.92
user_001,G7_S1_PLA_DIVER,1,17.15
user_001,G7_S1_PLA_CLASSIF,0,23.06
user_001,G7_S1_PLA_CLASSIF,0,22.58
user_001,G7_S1_PLA_CLASSIF,0,19.93
user_001,G7_S1_PLA_CLASSIF,0,24.18
user_001,G7_S1_PLA_CLASSIF,0,19.53
user_001,G7_S1_PLA_CLASSIF,0,20.31
user_001,G7_S1_PLA_CLASSIF,1,23.82
user_001,G7_S1_PLA_CLASSIF,0,14.52
user_001,G7_S1_PLA_CLASSIF,0,18.38
user_001,G7_S1_PLA_CLASSIF,1,18.82
user_001,G7_S1_PLA_CLASSIF,1,14.54
user_001,G7_S1_PLA_CLASSIF,0,14.69
user_001,G7_S2_STA_CHARGES,0,22.53
user_001,G7_S2_STA_CHARGES,1,23.45
user_001,G7_S2_STA_CHARGES,1,16.65
user_001,G7_S2_STA_CHARGES,1,14.92
user_001,G7_S2_STA_CHARGES,0,10.26
user_001,G7_S2_STA_CHARGES,1,11.31
user_001,G7_S2_STA_CHARGES,1,13.22
user_001,G7_S2_STA_CHARGES,1,12.41
user_001,G7_S2_STA_CHARGES,1,9.15
user_001,G7_S2_STA_CHARGES,1,10.48
user_001,G7_S2_STA_CHARGES,1,12.77
user_001,G7_S2_STA_CHARGES,1,14.8
user_001,G7_S2_STA_CAPACIT,0,23.66
user_001,G7_S2_STA_CAPACIT,0,22.3
user_001,G7_S2_STA_CAPACIT,0,18.86
user_001,G7_S2_STA_CAPACIT,0,24.88
user_001,G7_S2_STA_CAPACIT,0,21.31
user_001,G7_S2_STA_CAPACIT,1,22.63
user_001,G7_S2_STA_CAPACIT,1,12.08
user_001,G7_S2_STA_CAPACIT,1,14.4
user_001,G7_S2_STA_CAPACIT,1,11.49
user_001,G7_S2_STA_CAPACIT,1,11.11
user_001,G7_S2_STA_CAPACIT,1,12.32
user_001,G7_S2_STA_CAPACIT,1,15.67
user_001,G7_S3_ELE_SOURCES,0,23.31
user_001,G7_S3_ELE_SOURCES,0,20.34
user_001,G7_S3_ELE_SOURCES,1,24.13
user_001,G7_S3_ELE_SOURCES,1,15.4
user_001,G7_S3_ELE_SOURCES,1,14.62
user_001,G7_S3_ELE_SOURCES,1,10.16
user_001,G7_S3_ELE_SOURCES,1,15.39
user_001,G7_S3_ELE_SOURCES,0,11.9
user_001,G7_S3_ELE_SOURCES,0,10.47
user_001,G7_S3_ELE_SOURCES,1,15.4
user_001,G7_S3_ELE_SOURCES,0,8.84
user_001,G7_S3_ELE_SOURCES,0,16.94
user_001,G7_S3_ELE_CURRENTS,0,23.06
user_001,G7_S3_ELE_CURRENTS,0,23.26
user_001,G7_S3_ELE_CURRENTS,0,17.9
user_001,G7_S3_ELE_CURRENTS,1,20.76
user_001,G7_S3_ELE_CURRENTS,1,16.53
user_001,G7_S3_ELE_CURRENTS,1,15.72
user_001,G7_S3_ELE_CURRENTS,1,13.76
user_001,G7_S3_ELE_CURRENTS,1,13.62
user_001,G7_S3_ELE_CURRENTS,1,14.45
user_001,G7_S3_ELE_CURRENTS,1,13.13
user_001,G7_S3_ELE_CURRENTS,1,12.83
user_001,G7_S3_ELE_CURRENTS,1,14.58
user_001,G7_S4_WAT_SOLVENT,0,21.58
user_001,G7_S4_WAT_SOLVENT,0,17.03
user_001,G7_S4_WAT_SOLVENT,0,23.59
user_001,G7_S4_WAT_SOLVENT,0,21.43
user_001,G7_S4_WAT_SOLVENT,0,23.74
user_001,G7_S4_WAT_SOLVENT,0,20.62
user_001,G7_S4_WAT_SOLVENT,0,19.99
user_001,G7_S4_WAT_SOLVENT,1,20.32
user_001,G7_S4_WAT_SOLVENT,1,17.83
user_001,G7_S4_WAT_SOLVENT,1,13.19
user_001,G7_S4_WAT_SOLVENT,1,13.61
user_001,G7_S4_WAT_SOLVENT,1,14.47
user_001,G7_S4_WAT_COOLANT,0,25.54
user_001,G7_S4_WAT_COOLANT,0,21.83
user_001,G7_S4_WAT_COOLANT,1,20.35
user_001,G7_S4_WAT_COOLANT,1,15.82
user_001,G7_S4_WAT_COOLANT,1,12.55
user_001,G7_S4_WAT_COOLANT,1,13.74
user_001,G7_S4_WAT_COOLANT,1,9.36
user_001,G7_S4_WAT_COOLANT,1,14.95
user_001,G7_S4_WAT_COOLANT,1,12.58
user_001,G7_S4_WAT_COOLANT,1,12.39
user_001,G7_S4_WAT_COOLANT,0,10.12
user_001,G7_S4_WAT_COOLANT,1,15.7
user_001,G7_S5_ACI_IDENTIF,0,23.32
user_001,G7_S5_ACI_IDENTIF,1,15.55
user_001,G7_S5_ACI_IDENTIF,1,17.82
user_001,G7_S5_ACI_IDENTIF,1,14.89
user_001,G7_S5_ACI_IDENTIF,1,13.37
user_001,G7_S5_ACI_IDENTIF,1,15.92
user_001,G7_S5_ACI_IDENTIF,1,9.08
user_001,G7_S5_ACI_IDENTIF,1,9.68
user_001,G7_S5_ACI_IDENTIF,1,13.28
user_001,G7_S5_ACI_IDENTIF,1,11.91
user_001,G7_S5_ACI_IDENTIF,1,9.49
user_001,G7_S5_ACI_IDENTIF,1,6.73
user_001,G7_S5_ACI_INDICAT,0,26.43
user_001,G7_S5_ACI_INDICAT,0,23.09
user_001,G7_S5_ACI_INDICAT,1,21.72
user_001,G7_S5_ACI_INDICAT,1,11.76
user_001,G7_S5_ACI_INDICAT,1,17.56
user_001,G7_S5_ACI_INDICAT,1,12.02
user_001,G7_S5_ACI_INDICAT,1,10.26
user_001,G7_S5_ACI_INDICAT,1,14.24
user_001,G7_S5_ACI_INDICAT,0,12.65
user_001,G7_S5_ACI_INDICAT,0,11.71
user_001,G7_S5_ACI_INDICAT,1,16.27
user_001,G7_S5_ACI_INDICAT,1,9.43
user_001,G7_S6_ANI_CLASSIF,0,25.03
user_001,G7_S6_ANI_CLASSIF,0,21.03
user_001,G7_S6_ANI_CLASSIF,0,18.65
user_001,G7_S6_ANI_CLASSIF,0,21.43
user_001,G7_S6_ANI_CLASSIF,1,23.86
user_001,G7_S6_ANI_CLASSIF,1,12.51
user_001,G7_S6_ANI_CLASSIF,0,13.24
user_001,G7_S6_ANI_CLASSIF,1,18.96
user_001,G7_S6_ANI_CLASSIF,1,17.8
user_001,G7_S6_ANI_CLASSIF,1,13.19
user_001,G7_S6_ANI_CLASSIF,1,12.83
user_001,G7_S6_ANI_CLASSIF,1,10.06
user_001,G7_S6_ANI_ADAPTAT,0,23.11
user_001,G7_S6_ANI_ADAPTAT,0,21.76
user_001,G7_S6_ANI_ADAPTAT,1,20.63
user_001,G7_S6_ANI_ADAPTAT,0,14.08
user_001,G7_S6_ANI_ADAPTAT,0,18.07
user_001,G7_S6_ANI_ADAPTAT,0,18.59
user_001,G7_S6_ANI_ADAPTAT,1,21.69
user_001,G7_S6_ANI_ADAPTAT,1,20.31
user_001,G7_S6_ANI_ADAPTAT,1,10.76
user_001,G7_S6_ANI_ADAPTAT,1,13.06
user_001,G7_S6_ANI_ADAPTAT,1,10.44
user_001,G7_S6_ANI_ADAPTAT,1,15.45
user_001,G7_S7_ENE_FORMS,1,24.31
user_001,G7_S7_ENE_FORMS,1,20.8
user_001,G7_S7_ENE_FORMS,1,15.64
user_001,G7_S7_ENE_FORMS,1,11.67
user_001,G7_S7_ENE_FORMS,1,11.39
user_001,G7_S7_ENE_FORMS,1,5.74
user_001,G7_S7_ENE_FORMS,1,13.45
user_001,G7_S7_ENE_FORMS,1,13.09
user_001,G7_S7_ENE_FORMS,1,15.12
user_001,G7_S7_ENE_FORMS,1,12.42
user_001,G7_S7_ENE_FORMS,0,8.66
user_001,G7_S7_ENE_FORMS,1,11.68
user_001,G7_S7_ENE_TRANSF,0,18.3
user_001,G7_S7_ENE_TRANSF,0,21.76
user_001,G7_S7_ENE_TRANSF,0,19.93
user_001,G7_S7_ENE_TRANSF,1,21.9
user_001,G7_S7_ENE_TRANSF,0,12.29
user_001,G7_S7_ENE_TRANSF,1,21.19
user_001,G7_S7_ENE_TRANSF,1,15.37
user_001,G7_S7_ENE_TRANSF,1,12.63
user_001,G7_S7_ENE_TRANSF,1,9.85
user_001,G7_S7_ENE_TRANSF,1,19.44
user_001,G7_S7_ENE_TRANSF,1,8.83
user_001,G7_S7_ENE_TRANSF,1,9.53
user_001,G7_S8_EAR_STRUCT,0,20.7
user_001,G7_S8_EAR_STRUCT,0,22.26
user_001,G7_S8_EAR_STRUCT,0,20.15
user_001,G7_S8_EAR_STRUCT,0,24.42
user_001,G7_S8_EAR_STRUCT,0,22.82
user_001,G7_S8_EAR_STRUCT,1,20.74
user_001,G7_S8_EAR_STRUCT,1,16.75
user_001,G7_S8_EAR_STRUCT,1,14.19
user_001,G7_S8_EAR_STRUCT,1,9.21
user_001,G7_S8_EAR_STRUCT,1,13.15
user_001,G7_S8_EAR_STRUCT,1,11.15
user_001,G7_S8_EAR_STRUCT,1,8.54
user_001,G7_S8_EAR_TECTON,0,26.92
user_001,G7_S8_EAR_TECTON,0,19.53
user_001,G7_S8_EAR_TECTON,0,23.63
user_001,G7_S8_EAR_TECTON,0,20.28
user_001,G7_S8_EAR_TECTON,0,25.07
user_001,G7_S8_EAR_TECTON,1,18.85
user_001,G7_S8_EAR_TECTON,1,14.24
user_001,G7_S8_EAR_TECTON,1,16.52
user_001,G7_S8_EAR_TECTON,1,14.84
user_001,G7_S8_EAR_TECTON,1,14.73
user_001,G7_S8_EAR_TECTON,0,9.34
user_001,G7_S8_EAR_TECTON,1,13.24
user_001,G7_S9_LIG_SHADOWS,1,21.24
user_001,G7_S9_LIG_SHADOWS,1,19.65
user_001,G7_S9_LIG_SHADOWS,1,18.32
user_001,G7_S9_LIG_SHADOWS,1,11.34
user_001,G7_S9_LIG_SHADOWS,0,15.77
user_001,G7_S9_LIG_SHADOWS,1,13.44
user_001,G7_S9_LIG_SHADOWS,1,12.45
user_001,G7_S9_LIG_SHADOWS,1,9.47
user_001,G7_S9_LIG_SHADOWS,0,13.47
user_001,G7_S9_LIG_SHADOWS,1,16.1
user_001,G7_S9_LIG_SHADOWS,1,14.17
user_001,G7_S9_LIG_SHADOWS,1,13.37
user_001,G7_S9_LIG_MIRRORS,0,24.51
user_001,G7_S9_LIG_MIRRORS,0,19.78
user_001,G7_S9_LIG_MIRRORS,1,25.39
user_001,G7_S9_LIG_MIRRORS,1,15.1
user_001,G7_S9_LIG_MIRRORS,1,12.62
user_001,G7_S9_LIG_MIRRORS,0,14.41
user_001,G7_S9_LIG_MIRRORS,1,7.42
user_001,G7_S9_LIG_MIRRORS,1,12.1
user_001,G7_S9_LIG_MIRRORS,1,10.96
user_001,G7_S9_LIG_MIRRORS,1,12.98
user_001,G7_S9_LIG_MIRRORS,1,9.3
user_001,G7_S9_LIG_MIRRORS,1,9.28
user_001,G7_S10_MIC_LIGHT,0,25.48
user_001,G7_S10_MIC_LIGHT,0,20.34
user_001,G7_S10_MIC_LIGHT,1,24.55
user_001,G7_S10_MIC_LIGHT,1,15.65
user_001,G7_S10_MIC_LIGHT,1,10.23
user_001,G7_S10_MIC_LIGHT,1,11.37
user_001,G7_S10_MIC_LIGHT,0,14.46
user_001,G7_S10_MIC_LIGHT,1,12.09
user_001,G7_S10_MIC_LIGHT,1,8.59
user_001,G7_S10_MIC_LIGHT,1,12.23
user_001,G7_S10_MIC_LIGHT,1,15.57
user_001,G7_S10_MIC_LIGHT,1,6.35
user_001,G7_S10_MIC_ELECTR,0,19.14
user_001,G7_S10_MIC_ELECTR,0,25.03
user_001,G7_S10_MIC_ELECTR,0,22.36
user_001,G7_S10_MIC_ELECTR,0,19.57
user_001,G7_S10_MIC_ELECTR,0,23.63
user_001,G7_S10_MIC_ELECTR,0,19.86
user_001,G7_S10_MIC_ELECTR,1,20.05
user_001,G7_S10_MIC_ELECTR,0,18.93
user_001,G7_S10_MIC_ELECTR,0,20.77
user_001,G7_S10_MIC_ELECTR,1,22.87
user_001,G7_S10_MIC_ELECTR,1,12.84
user_001,G7_S10_MIC_ELECTR,1,12.16
user_001,G8_S1_BIO_DIVER,1,22.16
user_001,G8_S1_BIO_DIVER,1,16.59
user_001,G8_S1_BIO_DIVER,0,18.95
user_001,G8_S1_BIO_DIVER,0,19.84
user_001,G8_S1_BIO_DIVER,0,17.89
user_001,G8_S1_BIO_DIVER,0,23.33
user_001,G8_S1_BIO_DIVER,0,20.43
user_001,G8_S1_BIO_DIVER,0,21.13
user_001,G8_S1_BIO_DIVER,0,24.45
user_001,G8_S1_BIO_DIVER,0,17.54
user_001,G8_S1_BIO_DIVER,0,17.41
user_001,G8_S1_BIO_DIVER,0,22.14
user_001,G8_S1_BIO_CLASSIF,0,24.7
user_001,G8_S1_BIO_CLASSIF,0,23.66
user_001,G8_S1_BIO_CLASSIF,1,19.94
user_001,G8_S1_BIO_CLASSIF,0,12.56
user_001,G8_S1_BIO_CLASSIF,0,20.74
user_001,G8_S1_BIO_CLASSIF,1,18.88
user_001,G8_S1_BIO_CLASSIF,0,15.66
user_001,G8_S1_BIO_CLASSIF,1,14.07
user_001,G8_S1_BIO_CLASSIF,1,10.47
user_001,G8_S1_BIO_CLASSIF,0,8.54
user_001,G8_S1_BIO_CLASSIF,0,13.29
user_001,G8_S1_BIO_CLASSIF,0,18.32
user_001,G8_S2_TIS_PLANT,0,19.7
user_001,G8_S2_TIS_PLANT,0,22.74
user_001,G8_S2_TIS_PLANT,1,21.84
user_001,G8_S2_TIS_PLANT,1,13.91
user_001,G8_S2_TIS_PLANT,1,9.85
user_001,G8_S2_TIS_PLANT,1,11.66
user_001,G8_S2_TIS_PLANT,1,16.43
user_001,G8_S2_TIS_PLANT,1,14.46
user_001,G8_S2_TIS_PLANT,1,13.28
user_001,G8_S2_TIS_PLANT,1,11.45
user_001,G8_S2_TIS_PLANT,1,12.13
user_001,G8_S2_TIS_PLANT,1,12.47
user_001,G8_S2_TIS_ANIMAL,0,22.55
user_001,G8_S2_TIS_ANIMAL,0,20.15
user_001,G8_S2_TIS_ANIMAL,1,18.21
user_001,G8_S2_TIS_ANIMAL,1,15.2
user_001,G8_S2_TIS_ANIMAL,1,14.84
user_001,G8_S2_TIS_ANIMAL,1,11.37
user_001,G8_S2_TIS_ANIMAL,1,12.56
user_001,G8_S2_TIS_ANIMAL,1,15.32
user_001,G8_S2_TIS_ANIMAL,0,10.32
user_001,G8_S2_TIS_ANIMAL,1,19.27
user_001,G8_S2_TIS_ANIMAL,1,9.03
user_001,G8_S2_TIS_ANIMAL,1,10.75
user_001,G8_S3_PHO_PROCESS,1,20.96
user_001,G8_S3_PHO_PROCESS,0,17.72
user_001,G8_S3_PHO_PROCESS,1,21.72
user_001,G8_S3_PHO_PROCESS,1,12.89
user_001,G8_S3_PHO_PROCESS,1,10.61
user_001,G8_S3_PHO_PROCESS,1,9.91
user_001,G8_S3_PHO_PROCESS,1,13.98
user_001,G8_S3_PHO_PROCESS,0,9.29
user_001,G8_S3_PHO_PROCESS,1,11.95
user_001,G8_S3_PHO_PROCESS,1,14.73
user_001,G8_S3_PHO_PROCESS,1,13.88
user_001,G8_S3_PHO_PROCESS,1,13.24
user_001,G8_S3_PHO_IMPORT,1,25.18
user_001,G8_S3_PHO_IMPORT,0,21.95
user_001,G8_S3_PHO_IMPORT,0,24.57
user_001,G8_S3_PHO_IMPORT,1,18.6
user_001,G8_S3_PHO_IMPORT,0,12.32
user_001,G8_S3_PHO_IMPORT,0,19.97
user_001,G8_S3_PHO_IMPORT,1,25.24
user_001,G8_S3_PHO_IMPORT,1,20.41
user_001,G8_S3_PHO_IMPORT,0,16.01
user_001,G8_S3_PHO_IMPORT,0,13.45
user_001,G8_S3_PHO_IMPORT,0,20.11
user_001,G8_S3_PHO_IMPORT,0,18.43
user_001,G8_S4_MAT_ELEMENTS,1,20.59
user_001,G8_S4_MAT_ELEMENTS,0,18.33
user_001,G8_S4_MAT_ELEMENTS,0,17.26
user_001,G8_S4_MAT_ELEMENTS,0,19.08
user_001,G8_S4_MAT_ELEMENTS,1,21.41
user_001,G8_S4_MAT_ELEMENTS,0,16.5
user_001,G8_S4_MAT_ELEMENTS,0,21.9
user_001,G8_S4_MAT_ELEMENTS,1,20.42
user_001,G8_S4_MAT_ELEMENTS,0,17.59
user_001,G8_S4_MAT_ELEMENTS,1,19.3
user_001,G8_S4_MAT_ELEMENTS,1,16.99
user_001,G8_S4_MAT_ELEMENTS,1,12.03
user_001,G8_S4_MAT_COMPOUNDS,1,24.15
user_001,G8_S4_MAT_COMPOUNDS,1,18.26
user_001,G8_S4_MAT_COMPOUNDS,1,14.1
user_001,G8_S4_MAT_COMPOUNDS,1,6.79
user_001,G8_S4_MAT_COMPOUNDS,1,13.62
user_001,G8_S4_MAT_COMPOUNDS,1,14.21
user_001,G8_S4_MAT_COMPOUNDS,1,7.2
user_001,G8_S4_MAT_COMPOUNDS,1,15.37
user_001,G8_S4_MAT_COMPOUNDS,1,6.63
user_001,G8_S4_MAT_COMPOUNDS,1,14.19
user_001,G8_S4_MAT_COMPOUNDS,1,10.96
user_001,G8_S4_MAT_COMPOUNDS,0,9.38
user_001,G8_S5_MAT_DENSITY,0,21.92
user_001,G8_S5_MAT_DENSITY,1,22.34
user_001,G8_S5_MAT_DENSITY,0,12.82
user_001,G8_S5_MAT_DENSITY,0,20.21
user_001,G8_S5_MAT_DENSITY,0,24.73
user_001,G8_S5_MAT_DENSITY,1,21.47
user_001,G8_S5_MAT_DENSITY,1,14.86
user_001,G8_S5_MAT_DENSITY,1,12.57
user_001,G8_S5_MAT_DENSITY,1,13.31
user_001,G8_S5_MAT_DENSITY,1,16.9
user_001,G8_S5_MAT_DENSITY,1,12.3
user_001,G8_S5_MAT_DENSITY,0,12.04
user_001,G8_S5_MAT_THERMAL,1,24.42
user_001,G8_S5_MAT_THERMAL,1,21.02
user_001,G8_S5_MAT_THERMAL,1,15.86
user_001,G8_S5_MAT_THERMAL,1,13.22
user_001,G8_S5_MAT_THERMAL,1,11.75
user_001,G8_S5_MAT_THERMAL,1,13.55
user_001,G8_S5_MAT_THERMAL,1,8.26
user_001,G8_S5_MAT_THERMAL,1,11.51
user_001,G8_S5_MAT_THERMAL,1,11.01
user_001,G8_S5_MAT_THERMAL,1,12.06
user_001,G8_S5_MAT_THERMAL,0,16.2
user_001,G8_S5_MAT_THERMAL,0,14.24
user_001,G8_S6_CHA_PHYSICAL,0,17.19
user_001,G8_S6_CHA_PHYSICAL,1,23.06
user_001,G8_S6_CHA_PHYSICAL,1,13.87
user_001,G8_S6_CHA_PHYSICAL,1,15.71
user_001,G8_S6_CHA_PHYSICAL,0,13.38
user_001,G8_S6_CHA_PHYSICAL,1,15.06
user_001,G8_S6_CHA_PHYSICAL,1,12.25
user_001,G8_S6_CHA_PHYSICAL,1,15.65
user_001,G8_S6_CHA_PHYSICAL,1,15.13
user_001,G8_S6_CHA_PHYSICAL,1,12.06
user_001,G8_S6_CHA_PHYSICAL,1,15.19
user_001,G8_S6_CHA_PHYSICAL,1,14.33
user_001,G8_S6_CHA_BURNING,0,23.62
user_001,G8_S6_CHA_BURNING,1,17.63
user_001,G8_S6_CHA_BURNING,1,17.49
user_001,G8_S6_CHA_BURNING,1,16.12
user_001,G8_S6_CHA_BURNING,1,14.76
user_001,G8_S6_CHA_BURNING,1,13.72
user_001,G8_S6_CHA_BURNING,1,15.32
user_001,G8_S6_CHA_BURNING,1,16.62
user_001,G8_S6_CHA_BURNING,1,13.06
user_001,G8_S6_CHA_BURNING,1,12.76
user_001,G8_S6_CHA_BURNING,1,9.17
user_001,G8_S6_CHA_BURNING,1,11.05
user_001,G8_S7_FOR_TYPES,0,24.78
user_001,G8_S7_FOR_TYPES,0,23.03
user_001,G8_S7_FOR_TYPES,0,23.9
user_001,G8_S7_FOR_TYPES,0,18.46
user_001,G8_S7_FOR_TYPES,0,19.41
user_001,G8_S7_FOR_TYPES,1,23.82
user_001,G8_S7_FOR_TYPES,1,16.18
user_001,G8_S7_FOR_TYPES,1,14.13
user_001,G8_S7_FOR_TYPES,1,12.54
user_001,G8_S7_FOR_TYPES,1,9.04
user_001,G8_S7_FOR_TYPES,1,16.52
user_001,G8_S7_FOR_TYPES,1,11.44
user_001,G8_S7_FOR_PRESSURE,0,28.62
user_001,G8_S7_FOR_PRESSURE,0,22.37
user_001,G8_S7_FOR_PRESSURE,1,22.87
user_001,G8_S7_FOR_PRESSURE,1,19.88
user_001,G8_S7_FOR_PRESSURE,1,18.2
user_001,G8_S7_FOR_PRESSURE,1,12.6
user_001,G8_S7_FOR_PRESSURE,1,14.34
user_001,G8_S7_FOR_PRESSURE,1,14.81
user_001,G8_S7_FOR_PRESSURE,1,12.7
user_001,G8_S7_FOR_PRESSURE,1,14.6
user_001,G8_S7_FOR_PRESSURE,1,11.41
user_001,G8_S7_FOR_PRESSURE,1,8.06
user_001,G8_S8_STA_PHENOM,1,24.5
user_001,G8_S8_STA_PHENOM,0,19.99
user_001,G8_S8_STA_PHENOM,0,20.12
user_001,G8_S8_STA_PHENOM,0,24.4
user_001,G8_S8_STA_PHENOM,0,20.38
user_001,G8_S8_STA_PHENOM,1,24.96
user_001,G8_S8_STA_PHENOM,1,15.62
user_001,G8_S8_STA_PHENOM,1,16.94
user_001,G8_S8_STA_PHENOM,1,14.76
user_001,G8_S8_STA_PHENOM,1,12.9
user_001,G8_S8_STA_PHENOM,1,11.64
user_001,G8_S8_STA_PHENOM,1,13.72
user_001,G8_S8_STA_LIGHTNG,1,23.03
user_001,G8_S8_STA_LIGHTNG,0,19.47
user_001,G8_S8_STA_LIGHTNG,1,18.26
user_001,G8_S8_STA_LIGHTNG,1,18.48
user_001,G8_S8_STA_LIGHTNG,1,13.37
user_001,G8_S8_STA_LIGHTNG,1,11.45
user_001,G8_S8_STA_LIGHTNG,1,17.55
user_001,G8_S8_STA_LIGHTNG,1,12.79
user_001,G8_S8_STA_LIGHTNG,1,8.77
user_001,G8_S8_STA_LIGHTNG,1,10.47
user_001,G8_S8_STA_LIGHTNG,1,14.25
user_001,G8_S8_STA_LIGHTNG,1,12.42
user_001,G9_S1_SYS_DIGEST,0,25.83
user_001,G9_S1_SYS_DIGEST,1,16.74
user_001,G9_S1_SYS_DIGEST,0,17.43
user_001,G9_S1_SYS_DIGEST,0,23.28
user_001,G9_S1_SYS_DIGEST,1,20.11
user_001,G9_S1_SYS_DIGEST,1,18.77
user_001,G9_S1_SYS_DIGEST,1,12.62
user_001,G9_S1_SYS_DIGEST,1,12.57
user_001,G9_S1_SYS_DIGEST,0,10.03
user_001,G9_S1_SYS_DIGEST,1,16.66
user_001,G9_S1_SYS_DIGEST,1,12.67
user_001,G9_S1_SYS_DIGEST,1,13.61
user_001,G9_S1_SYS_CIRCUL,0,23.39
user_001,G9_S1_SYS_CIRCUL,1,17.99
user_001,G9_S1_SYS_CIRCUL,0,11.82
user_001,G9_S1_SYS_CIRCUL,0,20.53
user_001,G9_S1_SYS_CIRCUL,0,24.02
user_001,G9_S1_SYS_CIRCUL,0,19.93
user_001,G9_S1_SYS_CIRCUL,0,23.58
user_001,G9_S1_SYS_CIRCUL,1,18.82
user_001,G9_S1_SYS_CIRCUL,1,13.8
user_001,G9_S1_SYS_CIRCUL,1,13.52
user_001,G9_S1_SYS_CIRCUL,1,10.17
user_001,G9_S1_SYS_CIRCUL,1,12.06
user_001,G9_S2_RHY_EARTH,1,23.64
user_001,G9_S2_RHY_EARTH,0,18.02
user_001,G9_S2_RHY_EARTH,0,18.52
user_001,G9_S2_RHY_EARTH,0,19.18
user_001,G9_S2_RHY_EARTH,0,22.46
user_001,G9_S2_RHY_EARTH,0,16.22
user_001,G9_S2_RHY_EARTH,0,19.93
user_001,G9_S2_RHY_EARTH,0,19.43
user_001,G9_S2_RHY_EARTH,1,22.19
user_001,G9_S2_RHY_EARTH,0,16.08
user_001,G9_S2_RHY_EARTH,1,18.68
user_001,G9_S2_RHY_EARTH,1,11.48
user_001,G9_S2_RHY_CLIMATE,1,20.78
user_001,G9_S2_RHY_CLIMATE,0,20.63
user_001,G9_S2_RHY_CLIMATE,1,19.53
user_001,G9_S2_RHY_CLIMATE,1,17.85
user_001,G9_S2_RHY_CLIMATE,1,10.06
user_001,G9_S2_RHY_CLIMATE,1,10.06
user_001,G9_S2_RHY_CLIMATE,1,15.24
user_001,G9_S2_RHY_CLIMATE,1,14.2
user_001,G9_S2_RHY_CLIMATE,1,9.27
user_001,G9_S2_RHY_CLIMATE,1,7.81
user_001,G9_S2_RHY_CLIMATE,1,11.01
user_001,G9_S2_RHY_CLIMATE,1,11.5
user_001,G9_S3_LIG_REFRAC,0,22.41
user_001,G9_S3_LIG_REFRAC,0,19.19
user_001,G9_S3_LIG_REFRAC,0,20.42
user_001,G9_S3_LIG_REFRAC,0,23.42
user_001,G9_S3_LIG_REFRAC,0,19.08
user_001,G9_S3_LIG_REFRAC,0,17.29
user_001,G9_S3_LIG_REFRAC,0,17.84
user_001,G9_S3_LIG_REFRAC,0,20.68
user_001,G9_S3_LIG_REFRAC,0,20.26
user_001,G9_S3_LIG_REFRAC,1,22.4
user_001,G9_S3_LIG_REFRAC,0,13.89
user_001,G9_S3_LIG_REFRAC,1,19.83
user_001,G9_S3_LIG_LENSES,1,23.79
user_001,G9_S3_LIG_LENSES,0,18.9
user_001,G9_S3_LIG_LENSES,0,21.34
user_001,G9_S3_LIG_LENSES,1,20.62
user_001,G9_S3_LIG_LENSES,0,18.48
user_001,G9_S3_LIG_LENSES,1,21.59
user_001,G9_S3_LIG_LENSES,0,16.36
user_001,G9_S3_LIG_LENSES,1,14.93
user_001,G9_S3_LIG_LENSES,1,12.25
user_001,G9_S3_LIG_LENSES,1,15.09
user_001,G9_S3_LIG_LENSES,1,11.58
user_001,G9_S3_LIG_LENSES,1,16.13
user_001,G9_S4_SOU_PROPAG,0,21.58
user_001,G9_S4_SOU_PROPAG,0,25.46
user_001,G9_S4_SOU_PROPAG,0,17.13
user_001,G9_S4_SOU_PROPAG,0,25.27
user_001,G9_S4_SOU_PROPAG,0,20.49
user_001,G9_S4_SOU_PROPAG,0,23.26
user_001,G9_S4_SOU_PROPAG,0,22.71
user_001,G9_S4_SOU_PROPAG,1,17.01
user_001,G9_S4_SOU_PROPAG,1,13.75
user_001,G9_S4_SOU_PROPAG,1,10.1
user_001,G9_S4_SOU_PROPAG,1,15.34
user_001,G9_S4_SOU_PROPAG,1,8.45
user_001,G9_S4_SOU_HEARING,0,22.43
user_001,G9_S4_SOU_HEARING,1,26.59
user_001,G9_S4_SOU_HEARING,1,17.38
user_001,G9_S4_SOU_HEARING,1,12.25
user_001,G9_S4_SOU_HEARING,1,13.02
user_001,G9_S4_SOU_HEARING,1,12.29
user_001,G9_S4_SOU_HEARING,1,14.47
user_001,G9_S4_SOU_HEARING,1,12.06
user_001,G9_S4_SOU_HEARING,0,13.99
user_001,G9_S4_SOU_HEARING,1,9.88
user_001,G9_S4_SOU_HEARING,1,11.2
user_001,G9_S4_SOU_HEARING,1,16.55
user_001,G9_S5_HEA_EXPANS,1,22.45
user_001,G9_S5_HEA_EXPANS,1,17.05
user_001,G9_S5_HEA_EXPANS,1,15.0
user_001,G9_S5_HEA_EXPANS,1,17.54
user_001,G9_S5_HEA_EXPANS,1,11.2
user_001,G9_S5_HEA_EXPANS,1,12.0
user_001,G9_S5_HEA_EXPANS,1,14.56
user_001,G9_S5_HEA_EXPANS,1,12.9
user_001,G9_S5_HEA_EXPANS,1,16.15
user_001,G9_S5_HEA_EXPANS,1,15.5
user_001,G9_S5_HEA_EXPANS,1,10.38
user_001,G9_S5_HEA_EXPANS,1,11.98
user_001,G9_S5_HEA_TRANSF,0,21.83
user_001,G9_S5_HEA_TRANSF,0,20.26
user_001,G9_S5_HEA_TRANSF,0,26.77
user_001,G9_S5_HEA_TRANSF,1,24.48
user_001,G9_S5_HEA_TRANSF,1,8.8
user_001,G9_S5_HEA_TRANSF,1,12.69
user_001,G9_S5_HEA_TRANSF,1,8.95
user_001,G9_S5_HEA_TRANSF,0,12.81
user_001,G9_S5_HEA_TRANSF,1,17.21
user_001,G9_S5_HEA_TRANSF,1,12.73
user_001,G9_S5_HEA_TRANSF,1,9.32
user_001,G9_S5_HEA_TRANSF,1,9.17
user_001,G9_S6_NAT_ATOMS,0,26.07
user_001,G9_S6_NAT_ATOMS,0,22.28
user_001,G9_S6_NAT_ATOMS,1,21.74
user_001,G9_S6_NAT_ATOMS,0,13.09
user_001,G9_S6_NAT_ATOMS,0,19.98
user_001,G9_S6_NAT_ATOMS,0,20.17
user_001,G9_S6_NAT_ATOMS,0,20.99
user_001,G9_S6_NAT_ATOMS,1,21.91
user_001,G9_S6_NAT_ATOMS,1,18.32
user_001,G9_S6_NAT_ATOMS,0,11.66
user_001,G9_S6_NAT_ATOMS,1,15.78
user_001,G9_S6_NAT_ATOMS,1,16.89
user_001,G9_S6_NAT_CONFIG,0,24.1
user_001,G9_S6_NAT_CONFIG,1,16.68
user_001,G9_S6_NAT_CONFIG,1,13.24
user_001,G9_S6_NAT_CONFIG,1,17.14
user_001,G9_S6_NAT_CONFIG,0,7.53
user_001,G9_S6_NAT_CONFIG,1,17.93
user_001,G9_S6_NAT_CONFIG,1,15.08
user_001,G9_S6_NAT_CONFIG,1,10.89
user_001,G9_S6_NAT_CONFIG,1,15.03
user_001,G9_S6_NAT_CONFIG,1,13.7
user_001,G9_S6_NAT_CONFIG,1,11.73
user_001,G9_S6_NAT_CONFIG,1,13.03
user_001,G9_S7_ACI_SALTS,1,21.15
user_001,G9_S7_ACI_SALTS,0,18.16
user_001,G9_S7_ACI_SALTS,1,25.68
user_001,G9_S7_ACI_SALTS,1,17.89
user_001,G9_S7_ACI_SALTS,0,12.59
user_001,G9_S7_ACI_SALTS,0,24.36
user_001,G9_S7_ACI_SALTS,1,19.07
user_001,G9_S7_ACI_SALTS,0,14.44
user_001,G9_S7_ACI_SALTS,0,21.24
user_001,G9_S7_ACI_SALTS,0,20.66
user_001,G9_S7_ACI_SALTS,0,22.09
user_001,G9_S7_ACI_SALTS,0,21.43
user_001,G9_S7_ACI_NEUTRAL,0,20.87
user_001,G9_S7_ACI_NEUTRAL,0,23.56
user_001,G9_S7_ACI_NEUTRAL,0,23.51
user_001,G9_S7_ACI_NEUTRAL,0,20.57
user_001,G9_S7_ACI_NEUTRAL,0,18.92
user_001,G9_S7_ACI_NEUTRAL,0,20.85
user_001,G9_S7_ACI_NEUTRAL,1,24.26
user_001,G9_S7_ACI_NEUTRAL,1,18.95
user_001,G9_S7_ACI_NEUTRAL,1,11.54
user_001,G9_S7_ACI_NEUTRAL,1,11.68
user_001,G9_S7_ACI_NEUTRAL,1,14.16
user_001,G9_S7_ACI_NEUTRAL,1,12.11
user_002,G6_S1_ORG_CHARS,0,25.92
user_002,G6_S1_ORG_CHARS,0,24.78
user_002,G6_S1_ORG_CHARS,0,20.46
user_002,G6_S1_ORG_CHARS,0,21.77
user_002,G6_S1_ORG_CHARS,0,20.49
user_002,G6_S1_ORG_CHARS,1,23.43
user_002,G6_S1_ORG_CHARS,1,20.37
user_002,G6_S1_ORG_CHARS,1,10.54
user_002,G6_S1_ORG_CHARS,0,9.69
user_002,G6_S1_ORG_CHARS,1,12.31
user_002,G6_S1_ORG_CHARS,1,13.45
user_002,G6_S1_ORG_CHARS,1,13.6
user_002,G6_S1_ORG_CLASS,1,20.37
user_002,G6_S1_ORG_CLASS,0,17.03
user_002,G6_S1_ORG_CLASS,0,20.0
user_002,G6_S1_ORG_CLASS,1,20.64
user_002,G6_S1_ORG_CLASS,0,15.49
user_002,G6_S1_ORG_CLASS,0,17.31
user_002,G6_S1_ORG_CLASS,0,26.98
user_002,G6_S1_ORG_CLASS,0,24.23
user_002,G6_S1_ORG_CLASS,0,20.43
user_002,G6_S1_ORG_CLASS,0,19.37
user_002,G6_S1_ORG_CLASS,0,20.4
user_002,G6_S1_ORG_CLASS,0,20.2
user_002,G6_S2_MAT_STATES,0,23.23
user_002,G6_S2_MAT_STATES,1,20.97
user_002,G6_S2_MAT_STATES,1,18.1
user_002,G6_S2_MAT_STATES,1,15.6
user_002,G6_S2_MAT_STATES,1,17.33
user_002,G6_S2_MAT_STATES,1,10.41
user_002,G6_S2_MAT_STATES,1,10.17
user_002,G6_S2_MAT_STATES,1,9.88
user_002,G6_S2_MAT_STATES,1,9.38
user_002,G6_S2_MAT_STATES,1,11.57
user_002,G6_S2_MAT_STATES,0,14.15
user_002,G6_S2_MAT_STATES,1,15.75
user_002,G6_S2_MAT_PROPS,0,24.24
user_002,G6_S2_MAT_PROPS,0,18.91
user_002,G6_S2_MAT_PROPS,1,24.7
user_002,G6_S2_MAT_PROPS,1,18.04
user_002,G6_S2_MAT_PROPS,1,14.1
user_002,G6_S2_MAT_PROPS,1,10.13
user_002,G6_S2_MAT_PROPS,1,10.89
user_002,G6_S2_MAT_PROPS,0,10.76
user_002,G6_S2_MAT_PROPS,1,14.87
user_002,G6_S2_MAT_PROPS,1,9.12
user_002,G6_S2_MAT_PROPS,1,14.66
user_002,G6_S2_MAT_PROPS,1,13.13
user_002,G6_S4_ENE_SOURCES,1,20.92
user_002,G6_S4_ENE_SOURCES,0,16.71
user_002,G6_S4_ENE_SOURCES,0,25.19
user_002,G6_S4_ENE_SOURCES,1,16.38
user_002,G6_S4_ENE_SOURCES,1,14.42
user_002,G6_S4_ENE_SOURCES,1,12.41
user_002,G6_S4_ENE_SOURCES,1,12.37
user_002,G6_S4_ENE_SOURCES,1,13.27
user_002,G6_S4_ENE_SOURCES,1,10.8
user_002,G6_S4_ENE_SOURCES,1,10.95
user_002,G6_S4_ENE_SOURCES,1,10.67
user_002,G6_S4_ENE_SOURCES,1,14.93
user_002,G6_S8_ELE_CIRCUITS,0,19.66
user_002,G6_S8_ELE_CIRCUITS,0,21.47
user_002,G6_S8_ELE_CIRCUITS,1,27.02
user_002,G6_S8_ELE_CIRCUITS,1,16.86
user_002,G6_S8_ELE_CIRCUITS,0,13.49
user_002,G6_S8_ELE_CIRCUITS,1,18.34
user_002,G6_S8_ELE_CIRCUITS,1,15.62
user_002,G6_S8_ELE_CIRCUITS,1,9.94
user_002,G6_S8_ELE_CIRCUITS,1,13.63
user_002,G6_S8_ELE_CIRCUITS,1,10.06
user_002,G6_S8_ELE_CIRCUITS,1,12.34
user_002,G6_S8_ELE_CIRCUITS,1,9.86
user_002,G6_S8_ELE_CONDINS,0,23.58
user_002,G6_S8_ELE_CONDINS,1,24.36
user_002,G6_S8_ELE_CONDINS,1,15.95
user_002,G6_S8_ELE_CONDINS,0,10.85
user_002,G6_S8_ELE_CONDINS,0,21.27
user_002,G6_S8_ELE_CONDINS,0,24.88
user_002,G6_S8_ELE_CONDINS,0,18.27
user_002,G6_S8_ELE_CONDINS,0,26.19
user_002,G6_S8_ELE_CONDINS,1,18.57
user_002,G6_S8_ELE_CONDINS,1,15.49
user_002,G6_S8_ELE_CONDINS,1,11.41
user_002,G6_S8_ELE_CONDINS,1,14.58
user_002,G7_S1_PLA_DIVER,0,20.41
user_002,G7_S1_PLA_DIVER,0,21.22
user_002,G7_S1_PLA_DIVER,1,25.18
user_002,G7_S1_PLA_DIVER,1,16.46
user_002,G7_S1_PLA_DIVER,1,14.95
user_002,G7_S1_PLA_DIVER,1,9.89
user_002,G7_S1_PLA_DIVER,1,13.15
user_002,G7_S1_PLA_DIVER,1,10.06
user_002,G7_S1_PLA_DIVER,0,8.45
user_002,G7_S1_PLA_DIVER,1,10.8
user_002,G7_S1_PLA_DIVER,1,15.02
user_002,G7_S1_PLA_DIVER,0,12.65
user_002,G7_S1_PLA_CLASSIF,0,23.06
user_002,G7_S1_PLA_CLASSIF,0,18.32
user_002,G7_S1_PLA_CLASSIF,0,22.89
user_002,G7_S1_PLA_CLASSIF,0,24.21
user_002,G7_S1_PLA_CLASSIF,0,23.41
user_002,G7_S1_PLA_CLASSIF,1,24.14
user_002,G7_S1_PLA_CLASSIF,0,16.34
user_002,G7_S1_PLA_CLASSIF,1,19.89
user_002,G7_S1_PLA_CLASSIF,1,13.7
user_002,G7_S1_PLA_CLASSIF,1,10.33
user_002,G7_S1_PLA_CLASSIF,0,14.96
user_002,G7_S1_PLA_CLASSIF,1,10.51
user_002,G7_S2_STA_CHARGES,1,23.11
user_002,G7_S2_STA_CHARGES,0,20.57
user_002,G7_S2_STA_CHARGES,0,20.5
user_002,G7_S2_STA_CHARGES,0,22.76
user_002,G7_S2_STA_CHARGES,1,18.91
user_002,G7_S2_STA_CHARGES,0,20.24
user_002,G7_S2_STA_CHARGES,0,19.6
user_002,G7_S2_STA_CHARGES,1,18.28
user_002,G7_S2_STA_CHARGES,1,15.3
user_002,G7_S2_STA_CHARGES,0,13.07
user_002,G7_S2_STA_CHARGES,1,18.37
user_002,G7_S2_STA_CHARGES,1,16.27
user_002,G7_S2_STA_CAPACIT,1,19.29
user_002,G7_S2_STA_CAPACIT,0,23.21
user_002,G7_S2_STA_CAPACIT,1,23.1
user_002,G7_S2_STA_CAPACIT,1,18.67
user_002,G7_S2_STA_CAPACIT,0,15.94
user_002,G7_S2_STA_CAPACIT,0,11.03
user_002,G7_S2_STA_CAPACIT,1,18.65
user_002,G7_S2_STA_CAPACIT,1,19.05
user_002,G7_S2_STA_CAPACIT,1,13.02
user_002,G7_S2_STA_CAPACIT,1,15.15
user_002,G7_S2_STA_CAPACIT,1,15.6
user_002,G7_S2_STA_CAPACIT,1,10.66
user_002,G7_S3_ELE_SOURCES,0,21.02
user_002,G7_S3_ELE_SOURCES,0,20.57
user_002,G7_S3_ELE_SOURCES,0,20.89
user_002,G7_S3_ELE_SOURCES,0,20.79
user_002,G7_S3_ELE_SOURCES,0,24.71
user_002,G7_S3_ELE_SOURCES,1,23.82
user_002,G7_S3_ELE_SOURCES,1,18.47
user_002,G7_S3_ELE_SOURCES,0,12.07
user_002,G7_S3_ELE_SOURCES,0,15.82
user_002,G7_S3_ELE_SOURCES,0,20.96
user_002,G7_S3_ELE_SOURCES,1,18.13
user_002,G7_S3_ELE_SOURCES,1,12.02
user_002,G7_S3_ELE_CURRENTS,0,18.79
user_002,G7_S3_ELE_CURRENTS,0,20.61
user_002,G7_S3_ELE_CURRENTS,0,23.56
user_002,G7_S3_ELE_CURRENTS,1,25.71
user_002,G7_S3_ELE_CURRENTS,0,19.49
user_002,G7_S3_ELE_CURRENTS,0,20.24
user_002,G7_S3_ELE_CURRENTS,0,26.45
user_002,G7_S3_ELE_CURRENTS,0,19.97
user_002,G7_S3_ELE_CURRENTS,1,20.24
user_002,G7_S3_ELE_CURRENTS,0,16.6
user_002,G7_S3_ELE_CURRENTS,1,23.28
user_002,G7_S3_ELE_CURRENTS,1,15.86
user_002,G7_S4_WAT_SOLVENT,0,24.14
user_002,G7_S4_WAT_SOLVENT,1,19.34
user_002,G7_S4_WAT_SOLVENT,1,17.3
user_002,G7_S4_WAT_SOLVENT,1,15.12
user_002,G7_S4_WAT_SOLVENT,1,11.89
user_002,G7_S4_WAT_SOLVENT,1,7.92
user_002,G7_S4_WAT_SOLVENT,1,14.27
user_002,G7_S4_WAT_SOLVENT,1,16.36
user_002,G7_S4_WAT_SOLVENT,1,11.12
user_002,G7_S4_WAT_SOLVENT,1,12.04
user_002,G7_S4_WAT_SOLVENT,1,13.49
user_002,G7_S4_WAT_SOLVENT,1,13.78
user_002,G7_S4_WAT_COOLANT,1,22.91
user_002,G7_S4_WAT_COOLANT,0,22.69
user_002,G7_S4_WAT_COOLANT,1,20.52
user_002,G7_S4_WAT_COOLANT,1,15.92
user_002,G7_S4_WAT_COOLANT,1,14.63
user_002,G7_S4_WAT_COOLANT,1,12.99
user_002,G7_S4_WAT_COOLANT,1,7.16
user_002,G7_S4_WAT_COOLANT,1,12.1
user_002,G7_S4_WAT_COOLANT,1,16.12
user_002,G7_S4_WAT_COOLANT,1,15.76
user_002,G7_S4_WAT_COOLANT,1,12.41
user_002,G7_S4_WAT_COOLANT,1,13.42
user_002,G7_S5_ACI_IDENTIF,0,20.59
user_002,G7_S5_ACI_IDENTIF,0,19.85
user_002,G7_S5_ACI_IDENTIF,0,17.73
user_002,G7_S5_ACI_IDENTIF,1,20.31
user_002,G7_S5_ACI_IDENTIF,1,16.97
user_002,G7_S5_ACI_IDENTIF,1,8.88
user_002,G7_S5_ACI_IDENTIF,1,12.32
user_002,G7_S5_ACI_IDENTIF,1,11.34
user_002,G7_S5_ACI_IDENTIF,1,9.47
user_002,G7_S5_ACI_IDENTIF,1,11.33
user_002,G7_S5_ACI_IDENTIF,1,10.79
user_002,G7_S5_ACI_IDENTIF,1,14.73
user_002,G7_S5_ACI_INDICAT,1,21.64
user_002,G7_S5_ACI_INDICAT,1,17.87
user_002,G7_S5_ACI_INDICAT,0,11.6
user_002,G7_S5_ACI_INDICAT,1,18.27
user_002,G7_S5_ACI_INDICAT,1,9.62
user_002,G7_S5_ACI_INDICAT,1,13.59
user_002,G7_S5_ACI_INDICAT,1,13.86
user_002,G7_S5_ACI_INDICAT,1,8.54
user_002,G7_S5_ACI_INDICAT,1,11.67
user_002,G7_S5_ACI_INDICAT,0,12.88
user_002,G7_S5_ACI_INDICAT,0,17.8
user_002,G7_S5_ACI_INDICAT,1,16.85
user_002,G7_S6_ANI_CLASSIF,0,23.03
user_002,G7_S6_ANI_CLASSIF,0,17.37
user_002,G7_S6_ANI_CLASSIF,0,14.65
user_002,G7_S6_ANI_CLASSIF,0,24.87
user_002,G7_S6_ANI_CLASSIF,0,23.18
user_002,G7_S6_ANI_CLASSIF,0,19.95
user_002,G7_S6_ANI_CLASSIF,0,17.85
user_002,G7_S6_ANI_CLASSIF,1,20.39
user_002,G7_S6_ANI_CLASSIF,1,13.39
user_002,G7_S6_ANI_CLASSIF,1,12.51
user_002,G7_S6_ANI_CLASSIF,1,12.87
user_002,G7_S6_ANI_CLASSIF,1,12.2
user_002,G7_S6_ANI_ADAPTAT,0,19.7
user_002,G7_S6_ANI_ADAPTAT,0,20.59
user_002,G7_S6_ANI_ADAPTAT,1,20.12
user_002,G7_S6_ANI_ADAPTAT,0,18.5
user_002,G7_S6_ANI_ADAPTAT,0,23.19
user_002,G7_S6_ANI_ADAPTAT,1,23.74
user_002,G7_S6_ANI_ADAPTAT,0,16.89
user_002,G7_S6_ANI_ADAPTAT,1,19.42
user_002,G7_S6_ANI_ADAPTAT,1,18.67
user_002,G7_S6_ANI_ADAPTAT,1,13.87
user_002,G7_S6_ANI_ADAPTAT,1,12.29
user_002,G7_S6_ANI_ADAPTAT,1,9.8
user_002,G7_S7_ENE_FORMS,1,23.08
user_002,G7_S7_ENE_FORMS,1,18.08
user_002,G7_S7_ENE_FORMS,1,16.37
user_002,G7_S7_ENE_FORMS,1,9.38
user_002,G7_S7_ENE_FORMS,1,11.38
user_002,G7_S7_ENE_FORMS,1,10.35
user_002,G7_S7_ENE_FORMS,1,11.27
user_002,G7_S7_ENE_FORMS,1,10.73
user_002,G7_S7_ENE_FORMS,1,16.84
user_002,G7_S7_ENE_FORMS,0,10.59
user_002,G7_S7_ENE_FORMS,1,10.39
user_002,G7_S7_ENE_FORMS,0,13.6
user_002,G7_S7_ENE_TRANSF,0,20.55
user_002,G7_S7_ENE_TRANSF,1,17.8
user_002,G7_S7_ENE_TRANSF,1,18.31
user_002,G7_S7_ENE_TRANSF,1,15.51
user_002,G7_S7_ENE_TRANSF,1,13.69
user_002,G7_S7_ENE_TRANSF,1,10.58
user_002,G7_S7_ENE_TRANSF,1,14.82
user_002,G7_S7_ENE_TRANSF,0,10.58
user_002,G7_S7_ENE_TRANSF,1,14.76
user_002,G7_S7_ENE_TRANSF,1,13.83
user_002,G7_S7_ENE_TRANSF,1,16.34
user_002,G7_S7_ENE_TRANSF,1,9.99
user_002,G7_S8_EAR_STRUCT,0,23.24
user_002,G7_S8_EAR_STRUCT,0,23.24
user_002,G7_S8_EAR_STRUCT,0,22.45
user_002,G7_S8_EAR_STRUCT,0,20.25
user_002,G7_S8_EAR_STRUCT,0,18.79
user_002,G7_S8_EAR_STRUCT,0,20.36
user_002,G7_S8_EAR_STRUCT,1,21.76
user_002,G7_S8_EAR_STRUCT,0,15.93
user_002,G7_S8_EAR_STRUCT,0,27.08
user_002,G7_S8_EAR_STRUCT,0,27.53
user_002,G7_S8_EAR_STRUCT,1,20.04
user_002,G7_S8_EAR_STRUCT,0,15.03
user_002,G7_S8_EAR_TECTON,0,22.92
user_002,G7_S8_EAR_TECTON,0,19.17
user_002,G7_S8_EAR_TECTON,0,21.18
user_002,G7_S8_EAR_TECTON,0,24.25
user_002,G7_S8_EAR_TECTON,1,24.06
user_002,G7_S8_EAR_TECTON,0,15.45
user_002,G7_S8_EAR_TECTON,0,18.37
user_002,G7_S8_EAR_TECTON,0,23.02
user_002,G7_S8_EAR_TECTON,1,22.49
user_002,G7_S8_EAR_TECTON,0,17.23
user_002,G7_S8_EAR_TECTON,0,18.87
user_002,G7_S8_EAR_TECTON,1,21.9
user_002,G7_S9_LIG_SHADOWS,0,23.96
user_002,G7_S9_LIG_SHADOWS,0,19.04
user_002,G7_S9_LIG_SHADOWS,0,21.17
user_002,G7_S9_LIG_SHADOWS,0,25.81
user_002,G7_S9_LIG_SHADOWS,0,19.9
user_002,G7_S9_LIG_SHADOWS,0,21.44
user_002,G7_S9_LIG_SHADOWS,1,20.84
user_002,G7_S9_LIG_SHADOWS,0,13.07
user_002,G7_S9_LIG_SHADOWS,0,19.49
user_002,G7_S9_LIG_SHADOWS,1,20.53
user_002,G7_S9_LIG_SHADOWS,0,18.97
user_002,G7_S9_LIG_SHADOWS,0,18.71
user_002,G7_S9_LIG_MIRRORS,0,23.5
user_002,G7_S9_LIG_MIRRORS,0,20.0
user_002,G7_S9_LIG_MIRRORS,1,19.0
user_002,G7_S9_LIG_MIRRORS,1,16.61
user_002,G7_S9_LIG_MIRRORS,1,11.47
user_002,G7_S9_LIG_MIRRORS,1,10.63
user_002,G7_S9_LIG_MIRRORS,1,11.87
user_002,G7_S9_LIG_MIRRORS,1,12.05
user_002,G7_S9_LIG_MIRRORS,1,12.6
user_002,G7_S9_LIG_MIRRORS,1,12.09
user_002,G7_S9_LIG_MIRRORS,1,13.97
user_002,G7_S9_LIG_MIRRORS,1,7.21
user_002,G7_S10_MIC_LIGHT,1,23.47
user_002,G7_S10_MIC_LIGHT,1,19.22
user_002,G7_S10_MIC_LIGHT,1,13.56
user_002,G7_S10_MIC_LIGHT,1,14.88
user_002,G7_S10_MIC_LIGHT,1,5.51
user_002,G7_S10_MIC_LIGHT,1,9.26
user_002,G7_S10_MIC_LIGHT,1,14.16
user_002,G7_S10_MIC_LIGHT,1,9.29
user_002,G7_S10_MIC_LIGHT,1,14.1
user_002,G7_S10_MIC_LIGHT,1,13.44
user_002,G7_S10_MIC_LIGHT,1,13.61
user_002,G7_S10_MIC_LIGHT,1,12.23
user_002,G7_S10_MIC_ELECTR,0,23.21
user_002,G7_S10_MIC_ELECTR,0,18.35
user_002,G7_S10_MIC_ELECTR,1,20.46
user_002,G7_S10_MIC_ELECTR,1,15.94
user_002,G7_S10_MIC_ELECTR,0,15.16
user_002,G7_S10_MIC_ELECTR,1,13.76
user_002,G7_S10_MIC_ELECTR,1,17.51
user_002,G7_S10_MIC_ELECTR,1,9.97
user_002,G7_S10_MIC_ELECTR,1,14.05
user_002,G7_S10_MIC_ELECTR,0,11.25
user_002,G7_S10_MIC_ELECTR,1,12.81
user_002,G7_S10_MIC_ELECTR,1,8.47
user_002,G8_S1_BIO_DIVER,1,23.48
user_002,G8_S1_BIO_DIVER,0,19.97
user_002,G8_S1_BIO_DIVER,1,22.25
user_002,G8_S1_BIO_DIVER,0,14.67
user_002,G8_S1_BIO_DIVER,1,23.27
user_002,G8_S1_BIO_DIVER,1,14.79
user_002,G8_S1_BIO_DIVER,0,15.38
user_002,G8_S1_BIO_DIVER,0,16.46
user_002,G8_S1_BIO_DIVER,1,19.89
user_002,G8_S1_BIO_DIVER,1,8.97
user_002,G8_S1_BIO_DIVER,1,14.78
user_002,G8_S1_BIO_DIVER,0,12.68
user_002,G8_S1_BIO_CLASSIF,0,19.02
user_002,G8_S1_BIO_CLASSIF,0,25.91
user_002,G8_S1_BIO_CLASSIF,0,20.69
user_002,G8_S1_BIO_CLASSIF,0,20.34
user_002,G8_S1_BIO_CLASSIF,0,20.96
user_002,G8_S1_BIO_CLASSIF,1,20.22
user_002,G8_S1_BIO_CLASSIF,0,13.25
user_002,G8_S1_BIO_CLASSIF,1,16.41
user_002,G8_S1_BIO_CLASSIF,1,16.45
user_002,G8_S1_BIO_CLASSIF,1,12.64
user_002,G8_S1_BIO_CLASSIF,1,13.25
user_002,G8_S1_BIO_CLASSIF,1,13.3
user_002,G8_S2_TIS_PLANT,0,22.08
user_002,G8_S2_TIS_PLANT,0,21.77
user_002,G8_S2_TIS_PLANT,1,19.6
user_002,G8_S2_TIS_PLANT,1,14.7
user_002,G8_S2_TIS_PLANT,1,12.16
user_002,G8_S2_TIS_PLANT,0,12.92
user_002,G8_S2_TIS_PLANT,0,16.9
user_002,G8_S2_TIS_PLANT,1,17.61
user_002,G8_S2_TIS_PLANT,1,14.96
user_002,G8_S2_TIS_PLANT,1,13.96
user_002,G8_S2_TIS_PLANT,1,9.88
user_002,G8_S2_TIS_PLANT,1,13.15
user_002,G8_S2_TIS_ANIMAL,1,22.53
user_002,G8_S2_TIS_ANIMAL,0,20.65
user_002,G8_S2_TIS_ANIMAL,0,20.95
user_002,G8_S2_TIS_ANIMAL,1,22.1
user_002,G8_S2_TIS_ANIMAL,0,15.26
user_002,G8_S2_TIS_ANIMAL,0,22.7
user_002,G8_S2_TIS_ANIMAL,1,18.6
user_002,G8_S2_TIS_ANIMAL,0,20.52
user_002,G8_S2_TIS_ANIMAL,0,21.09
user_002,G8_S2_TIS_ANIMAL,0,22.41
user_002,G8_S2_TIS_ANIMAL,1,18.64
user_002,G8_S2_TIS_ANIMAL,0,22.67
user_002,G8_S3_PHO_PROCESS,1,21.6
user_002,G8_S3_PHO_PROCESS,0,15.73
user_002,G8_S3_PHO_PROCESS,1,17.31
user_002,G8_S3_PHO_PROCESS,1,18.9
user_002,G8_S3_PHO_PROCESS,1,10.19
user_002,G8_S3_PHO_PROCESS,1,11.12
user_002,G8_S3_PHO_PROCESS,1,6.56
user_002,G8_S3_PHO_PROCESS,1,10.33
user_002,G8_S3_PHO_PROCESS,1,10.31
user_002,G8_S3_PHO_PROCESS,1,12.9
user_002,G8_S3_PHO_PROCESS,1,12.85
user_002,G8_S3_PHO_PROCESS,1,9.79
user_002,G8_S3_PHO_IMPORT,0,22.72
user_002,G8_S3_PHO_IMPORT,0,24.89
user_002,G8_S3_PHO_IMPORT,0,27.72
user_002,G8_S3_PHO_IMPORT,0,24.4
user_002,G8_S3_PHO_IMPORT,1,15.7
user_002,G8_S3_PHO_IMPORT,0,16.62
user_002,G8_S3_PHO_IMPORT,0,20.22
user_002,G8_S3_PHO_IMPORT,0,18.54
user_002,G8_S3_PHO_IMPORT,0,20.36
user_002,G8_S3_PHO_IMPORT,0,20.31
user_002,G8_S3_PHO_IMPORT,0,18.97
user_002,G8_S3_PHO_IMPORT,1,23.83
user_002,G8_S4_MAT_ELEMENTS,0,21.48
user_002,G8_S4_MAT_ELEMENTS,0,19.34
user_002,G8_S4_MAT_ELEMENTS,0,21.13
user_002,G8_S4_MAT_ELEMENTS,1,21.59
user_002,G8_S4_MAT_ELEMENTS,1,12.94
user_002,G8_S4_MAT_ELEMENTS,1,12.61
user_002,G8_S4_MAT_ELEMENTS,1,9.08
user_002,G8_S4_MAT_ELEMENTS,1,14.77
user_002,G8_S4_MAT_ELEMENTS,1,11.84
user_002,G8_S4_MAT_ELEMENTS,1,12.59
user_002,G8_S4_MAT_ELEMENTS,1,13.3
user_002,G8_S4_MAT_ELEMENTS,0,11.86
user_002,G8_S4_MAT_COMPOUNDS,1,21.54
user_002,G8_S4_MAT_COMPOUNDS,1,20.33
user_002,G8_S4_MAT_COMPOUNDS,1,11.19
user_002,G8_S4_MAT_COMPOUNDS,1,12.84
user_002,G8_S4_MAT_COMPOUNDS,1,10.84
user_002,G8_S4_MAT_COMPOUNDS,1,16.31
user_002,G8_S4_MAT_COMPOUNDS,1,9.99
user_002,G8_S4_MAT_COMPOUNDS,1,9.25
user_002,G8_S4_MAT_COMPOUNDS,0,12.2
user_002,G8_S4_MAT_COMPOUNDS,1,14.68
user_002,G8_S4_MAT_COMPOUNDS,1,14.02
user_002,G8_S4_MAT_COMPOUNDS,1,11.73
user_002,G8_S5_MAT_DENSITY,1,20.92
user_002,G8_S5_MAT_DENSITY,1,15.89
user_002,G8_S5_MAT_DENSITY,1,14.76
user_002,G8_S5_MAT_DENSITY,1,15.49
user_002,G8_S5_MAT_DENSITY,1,13.3
user_002,G8_S5_MAT_DENSITY,1,16.01
user_002,G8_S5_MAT_DENSITY,1,16.05
user_002,G8_S5_MAT_DENSITY,1,15.05
user_002,G8_S5_MAT_DENSITY,1,10.34
user_002,G8_S5_MAT_DENSITY,0,12.64
user_002,G8_S5_MAT_DENSITY,1,10.66
user_002,G8_S5_MAT_DENSITY,1,9.77
user_002,G8_S5_MAT_THERMAL,0,19.87
user_002,G8_S5_MAT_THERMAL,0,25.24
user_002,G8_S5_MAT_THERMAL,0,20.77
user_002,G8_S5_MAT_THERMAL,0,19.36
user_002,G8_S5_MAT_THERMAL,1,22.1
user_002,G8_S5_MAT_THERMAL,1,17.89
user_002,G8_S5_MAT_THERMAL,1,12.82
user_002,G8_S5_MAT_THERMAL,1,9.92
user_002,G8_S5_MAT_THERMAL,1,11.13
user_002,G8_S5_MAT_THERMAL,1,13.21
user_002,G8_S5_MAT_THERMAL,1,5.87
user_002,G8_S5_MAT_THERMAL,1,4.01
user_002,G8_S6_CHA_PHYSICAL,0,23.87
user_002,G8_S6_CHA_PHYSICAL,0,23.06
user_002,G8_S6_CHA_PHYSICAL,1,21.1
user_002,G8_S6_CHA_PHYSICAL,1,16.98
user_002,G8_S6_CHA_PHYSICAL,1,16.32
user_002,G8_S6_CHA_PHYSICAL,1,11.85
user_002,G8_S6_CHA_PHYSICAL,1,8.26
user_002,G8_S6_CHA_PHYSICAL,1,14.49
user_002,G8_S6_CHA_PHYSICAL,1,16.14
user_002,G8_S6_CHA_PHYSICAL,1,12.94
user_002,G8_S6_CHA_PHYSICAL,1,10.74
user_002,G8_S6_CHA_PHYSICAL,1,11.81
user_002,G8_S6_CHA_BURNING,0,22.85
user_002,G8_S6_CHA_BURNING,1,18.41
user_002,G8_S6_CHA_BURNING,1,17.92
user_002,G8_S6_CHA_BURNING,1,9.57
user_002,G8_S6_CHA_BURNING,1,16.38
user_002,G8_S6_CHA_BURNING,1,13.29
user_002,G8_S6_CHA_BURNING,0,15.81
user_002,G8_S6_CHA_BURNING,1,15.87
user_002,G8_S6_CHA_BURNING,1,15.06
user_002,G8_S6_CHA_BURNING,1,12.22
user_002,G8_S6_CHA_BURNING,1,5.06
user_002,G8_S6_CHA_BURNING,1,15.03
user_002,G8_S7_FOR_TYPES,1,23.73
user_002,G8_S7_FOR_TYPES,1,14.82
user_002,G8_S7_FOR_TYPES,1,12.67
user_002,G8_S7_FOR_TYPES,1,11.35
user_002,G8_S7_FOR_TYPES,1,12.41
user_002,G8_S7_FOR_TYPES,1,12.96
user_002,G8_S7_FOR_TYPES,1,10.08
user_002,G8_S7_FOR_TYPES,1,11.63
user_002,G8_S7_FOR_TYPES,1,11.63
user_002,G8_S7_FOR_TYPES,0,16.86
user_002,G8_S7_FOR_TYPES,1,18.31
user_002,G8_S7_FOR_TYPES,1,15.8
user_002,G8_S7_FOR_PRESSURE,0,27.36
user_002,G8_S7_FOR_PRESSURE,1,21.25
user_002,G8_S7_FOR_PRESSURE,0,16.75
user_002,G8_S7_FOR_PRESSURE,0,24.13
user_002,G8_S7_FOR_PRESSURE,0,19.96
user_002,G8_S7_FOR_PRESSURE,0,18.83
user_002,G8_S7_FOR_PRESSURE,1,19.08
user_002,G8_S7_FOR_PRESSURE,1,17.93
user_002,G8_S7_FOR_PRESSURE,0,15.81
user_002,G8_S7_FOR_PRESSURE,1,19.13
user_002,G8_S7_FOR_PRESSURE,0,9.81
user_002,G8_S7_FOR_PRESSURE,1,22.51
user_002,G8_S8_STA_PHENOM,1,23.13
user_002,G8_S8_STA_PHENOM,0,14.59
user_002,G8_S8_STA_PHENOM,0,19.15
user_002,G8_S8_STA_PHENOM,1,18.95
user_002,G8_S8_STA_PHENOM,1,16.81
user_002,G8_S8_STA_PHENOM,1,15.88
user_002,G8_S8_STA_PHENOM,1,13.48
user_002,G8_S8_STA_PHENOM,1,10.3
user_002,G8_S8_STA_PHENOM,1,9.98
user_002,G8_S8_STA_PHENOM,1,12.36
user_002,G8_S8_STA_PHENOM,1,15.56
user_002,G8_S8_STA_PHENOM,1,14.61
user_002,G8_S8_STA_LIGHTNG,1,24.17
user_002,G8_S8_STA_LIGHTNG,1,15.99
user_002,G8_S8_STA_LIGHTNG,0,14.95
user_002,G8_S8_STA_LIGHTNG,1,21.98
user_002,G8_S8_STA_LIGHTNG,1,17.12
user_002,G8_S8_STA_LIGHTNG,1,17.24
user_002,G8_S8_STA_LIGHTNG,1,12.22
user_002,G8_S8_STA_LIGHTNG,1,14.47
user_002,G8_S8_STA_LIGHTNG,1,10.52
user_002,G8_S8_STA_LIGHTNG,1,13.39
user_002,G8_S8_STA_LIGHTNG,1,10.05
user_002,G8_S8_STA_LIGHTNG,1,9.04
user_002,G9_S1_SYS_DIGEST,0,23.7
user_002,G9_S1_SYS_DIGEST,0,22.69
user_002,G9_S1_SYS_DIGEST,1,19.76
user_002,G9_S1_SYS_DIGEST,0,12.95
user_002,G9_S1_SYS_DIGEST,1,20.68
user_002,G9_S1_SYS_DIGEST,1,16.65
user_002,G9_S1_SYS_DIGEST,1,15.12
user_002,G9_S1_SYS_DIGEST,0,13.79
user_002,G9_S1_SYS_DIGEST,1,15.04
user_002,G9_S1_SYS_DIGEST,1,8.9
user_002,G9_S1_SYS_DIGEST,0,14.2
user_002,G9_S1_SYS_DIGEST,1,16.1
user_002,G9_S1_SYS_CIRCUL,0,18.97
user_002,G9_S1_SYS_CIRCUL,0,22.93
user_002,G9_S1_SYS_CIRCUL,1,18.34
user_002,G9_S1_SYS_CIRCUL,0,17.74
user_002,G9_S1_SYS_CIRCUL,1,23.67
user_002,G9_S1_SYS_CIRCUL,1,17.24
user_002,G9_S1_SYS_CIRCUL,1,14.64
user_002,G9_S1_SYS_CIRCUL,1,11.73
user_002,G9_S1_SYS_CIRCUL,1,14.78
user_002,G9_S1_SYS_CIRCUL,1,13.68
user_002,G9_S1_SYS_CIRCUL,1,12.8
user_002,G9_S1_SYS_CIRCUL,1,8.52
user_002,G9_S2_RHY_EARTH,0,21.62
user_002,G9_S2_RHY_EARTH,0,24.18
user_002,G9_S2_RHY_EARTH,0,21.04
user_002,G9_S2_RHY_EARTH,0,22.01
user_002,G9_S2_RHY_EARTH,0,20.06
user_002,G9_S2_RHY_EARTH,0,21.27
user_002,G9_S2_RHY_EARTH,0,14.72
user_002,G9_S2_RHY_EARTH,0,20.06
user_002,G9_S2_RHY_EARTH,0,24.45
user_002,G9_S2_RHY_EARTH,0,24.75
user_002,G9_S2_RHY_EARTH,0,19.57
user_002,G9_S2_RHY_EARTH,0,17.52
user_002,G9_S2_RHY_CLIMATE,0,23.44
user_002,G9_S2_RHY_CLIMATE,1,21.53
user_002,G9_S2_RHY_CLIMATE,1,21.0
user_002,G9_S2_RHY_CLIMATE,1,15.38
user_002,G9_S2_RHY_CLIMATE,1,10.11
user_002,G9_S2_RHY_CLIMATE,1,12.25
user_002,G9_S2_RHY_CLIMATE,1,8.95
user_002,G9_S2_RHY_CLIMATE,1,11.41
user_002,G9_S2_RHY_CLIMATE,1,10.54
user_002,G9_S2_RHY_CLIMATE,1,12.04
user_002,G9_S2_RHY_CLIMATE,1,9.52
user_002,G9_S2_RHY_CLIMATE,1,14.31
user_002,G9_S3_LIG_REFRAC,0,25.95
user_002,G9_S3_LIG_REFRAC,0,22.97
user_002,G9_S3_LIG_REFRAC,0,22.3
user_002,G9_S3_LIG_REFRAC,0,21.69
user_002,G9_S3_LIG_REFRAC,0,19.72
user_002,G9_S3_LIG_REFRAC,0,20.02
user_002,G9_S3_LIG_REFRAC,0,24.08
user_002,G9_S3_LIG_REFRAC,0,23.89
user_002,G9_S3_LIG_REFRAC,1,24.12
user_002,G9_S3_LIG_REFRAC,0,14.86
user_002,G9_S3_LIG_REFRAC,0,20.43
user_002,G9_S3_LIG_REFRAC,0,22.18
user_002,G9_S3_LIG_LENSES,1,25.66
user_002,G9_S3_LIG_LENSES,1,16.13
user_002,G9_S3_LIG_LENSES,0,14.9
user_002,G9_S3_LIG_LENSES,0,19.58
user_002,G9_S3_LIG_LENSES,0,22.96
user_002,G9_S3_LIG_LENSES,1,22.32
user_002,G9_S3_LIG_LENSES,1,14.86
user_002,G9_S3_LIG_LENSES,1,12.99
user_002,G9_S3_LIG_LENSES,1,9.25
user_002,G9_S3_LIG_LENSES,1,10.59
user_002,G9_S3_LIG_LENSES,1,16.81
user_002,G9_S3_LIG_LENSES,1,13.48
user_002,G9_S4_SOU_PROPAG,0,21.53
user_002,G9_S4_SOU_PROPAG,0,22.27
user_002,G9_S4_SOU_PROPAG,0,16.09
user_002,G9_S4_SOU_PROPAG,0,19.32
user_002,G9_S4_SOU_PROPAG,1,19.96
user_002,G9_S4_SOU_PROPAG,0,19.21
user_002,G9_S4_SOU_PROPAG,1,21.61
user_002,G9_S4_SOU_PROPAG,1,16.7
user_002,G9_S4_SOU_PROPAG,0,15.2
user_002,G9_S4_SOU_PROPAG,0,19.77
user_002,G9_S4_SOU_PROPAG,0,21.29
user_002,G9_S4_SOU_PROPAG,1,21.53
user_002,G9_S4_SOU_HEARING,0,21.12
user_002,G9_S4_SOU_HEARING,1,24.11
user_002,G9_S4_SOU_HEARING,1,13.9
user_002,G9_S4_SOU_HEARING,1,12.02
user_002,G9_S4_SOU_HEARING,1,9.89
user_002,G9_S4_SOU_HEARING,1,10.63
user_002,G9_S4_SOU_HEARING,1,15.43
user_002,G9_S4_SOU_HEARING,1,9.76
user_002,G9_S4_SOU_HEARING,1,10.66
user_002,G9_S4_SOU_HEARING,1,13.08
user_002,G9_S4_SOU_HEARING,1,16.36
user_002,G9_S4_SOU_HEARING,1,8.03
user_002,G9_S5_HEA_EXPANS,0,24.8
user_002,G9_S5_HEA_EXPANS,1,18.28
user_002,G9_S5_HEA_EXPANS,1,17.14
user_002,G9_S5_HEA_EXPANS,1,16.46
user_002,G9_S5_HEA_EXPANS,0,12.28
user_002,G9_S5_HEA_EXPANS,0,13.47
user_002,G9_S5_HEA_EXPANS,0,14.63
user_002,G9_S5_HEA_EXPANS,1,20.09
user_002,G9_S5_HEA_EXPANS,0,16.95
user_002,G9_S5_HEA_EXPANS,1,20.1
user_002,G9_S5_HEA_EXPANS,0,17.96
user_002,G9_S5_HEA_EXPANS,1,20.38
user_002,G9_S5_HEA_TRANSF,0,22.7
user_002,G9_S5_HEA_TRANSF,1,23.28
user_002,G9_S5_HEA_TRANSF,0,15.09
user_002,G9_S5_HEA_TRANSF,1,15.96
user_002,G9_S5_HEA_TRANSF,1,16.18
user_002,G9_S5_HEA_TRANSF,1,13.42
user_002,G9_S5_HEA_TRANSF,1,13.05
user_002,G9_S5_HEA_TRANSF,1,13.35
user_002,G9_S5_HEA_TRANSF,1,6.1
user_002,G9_S5_HEA_TRANSF,1,10.76
user_002,G9_S5_HEA_TRANSF,1,12.03
user_002,G9_S5_HEA_TRANSF,1,13.35
user_002,G9_S6_NAT_ATOMS,0,24.26
user_002,G9_S6_NAT_ATOMS,1,18.17
user_002,G9_S6_NAT_ATOMS,0,15.48
user_002,G9_S6_NAT_ATOMS,1,20.78
user_002,G9_S6_NAT_ATOMS,1,10.97
user_002,G9_S6_NAT_ATOMS,1,12.27
user_002,G9_S6_NAT_ATOMS,0,14.6
user_002,G9_S6_NAT_ATOMS,1,13.87
user_002,G9_S6_NAT_ATOMS,1,12.35
user_002,G9_S6_NAT_ATOMS,1,14.84
user_002,G9_S6_NAT_ATOMS,1,16.65
user_002,G9_S6_NAT_ATOMS,0,12.48
user_002,G9_S6_NAT_CONFIG,1,23.58
user_002,G9_S6_NAT_CONFIG,0,16.2
user_002,G9_S6_NAT_CONFIG,0,18.61
user_002,G9_S6_NAT_CONFIG,0,19.94
user_002,G9_S6_NAT_CONFIG,1,25.77
user_002,G9_S6_NAT_CONFIG,1,18.29
user_002,G9_S6_NAT_CONFIG,1,17.02
user_002,G9_S6_NAT_CONFIG,1,9.87
user_002,G9_S6_NAT_CONFIG,1,10.79
user_002,G9_S6_NAT_CONFIG,1,12.51
user_002,G9_S6_NAT_CONFIG,1,11.69
user_002,G9_S6_NAT_CONFIG,1,12.51
user_002,G9_S7_ACI_SALTS,1,22.88
user_002,G9_S7_ACI_SALTS,1,20.15
user_002,G9_S7_ACI_SALTS,0,17.98
user_002,G9_S7_ACI_SALTS,1,19.8
user_002,G9_S7_ACI_SALTS,1,12.43
user_002,G9_S7_ACI_SALTS,1,14.59
user_002,G9_S7_ACI_SALTS,1,13.42
user_002,G9_S7_ACI_SALTS,1,13.43
user_002,G9_S7_ACI_SALTS,1,9.23
user_002,G9_S7_ACI_SALTS,1,9.0
user_002,G9_S7_ACI_SALTS,0,12.61
user_002,G9_S7_ACI_SALTS,1,10.97
user_002,G9_S7_ACI_NEUTRAL,0,24.96
user_002,G9_S7_ACI_NEUTRAL,0,20.01
user_002,G9_S7_ACI_NEUTRAL,1,20.68
user_002,G9_S7_ACI_NEUTRAL,0,18.06
user_002,G9_S7_ACI_NEUTRAL,0,27.32
user_002,G9_S7_ACI_NEUTRAL,0,23.93
user_002,G9_S7_ACI_NEUTRAL,0,27.85
user_002,G9_S7_ACI_NEUTRAL,1,21.36
user_002,G9_S7_ACI_NEUTRAL,1,16.05
user_002,G9_S7_ACI_NEUTRAL,0,17.72
user_002,G9_S7_ACI_NEUTRAL,1,19.36
user_002,G9_S7_ACI_NEUTRAL,0,13.77
user_003,G6_S1_ORG_CHARS,0,19.6
user_003,G6_S1_ORG_CHARS,0,26.07
user_003,G6_S1_ORG_CHARS,1,18.81
user_003,G6_S1_ORG_CHARS,0,16.36
user_003,G6_S1_ORG_CHARS,0,25.69
user_003,G6_S1_ORG_CHARS,0,23.07
user_003,G6_S1_ORG_CHARS,0,21.01
user_003,G6_S1_ORG_CHARS,0,21.85
user_003,G6_S1_ORG_CHARS,0,20.39
user_003,G6_S1_ORG_CHARS,0,22.55
user_003,G6_S1_ORG_CHARS,1,22.63
user_003,G6_S1_ORG_CHARS,1,20.43
user_003,G6_S1_ORG_CLASS,1,23.81
user_003,G6_S1_ORG_CLASS,1,17.32
user_003,G6_S1_ORG_CLASS,1,18.0
user_003,G6_S1_ORG_CLASS,1,10.26
user_003,G6_S1_ORG_CLASS,1,7.63
user_003,G6_S1_ORG_CLASS,1,9.39
user_003,G6_S1_ORG_CLASS,1,16.06
user_003,G6_S1_ORG_CLASS,1,7.46
user_003,G6_S1_ORG_CLASS,0,11.27
user_003,G6_S1_ORG_CLASS,1,14.06
user_003,G6_S1_ORG_CLASS,1,15.61
user_003,G6_S1_ORG_CLASS,1,17.08
user_003,G6_S2_MAT_STATES,0,21.53
user_003,G6_S2_MAT_STATES,0,21.11
user_003,G6_S2_MAT_STATES,0,26.09
user_003,G6_S2_MAT_STATES,1,20.46
user_003,G6_S2_MAT_STATES,0,19.71
user_003,G6_S2_MAT_STATES,0,23.25
user_003,G6_S2_MAT_STATES,1,21.34
user_003,G6_S2_MAT_STATES,0,12.72
user_003,G6_S2_MAT_STATES,1,27.54
user_003,G6_S2_MAT_STATES,1,17.18
user_003,G6_S2_MAT_STATES,1,19.68
user_003,G6_S2_MAT_STATES,1,9.76
user_003,G6_S2_MAT_PROPS,0,23.63
user_003,G6_S2_MAT_PROPS,0,21.91
user_003,G6_S2_MAT_PROPS,1,23.87
user_003,G6_S2_MAT_PROPS,0,18.91
user_003,G6_S2_MAT_PROPS,1,21.12
user_003,G6_S2_MAT_PROPS,0,15.06
user_003,G6_S2_MAT_PROPS,0,21.68
user_003,G6_S2_MAT_PROPS,1,24.18
user_003,G6_S2_MAT_PROPS,1,19.07
user_003,G6_S2_MAT_PROPS,1,15.28
user_003,G6_S2_MAT_PROPS,1,18.04
user_003,G6_S2_MAT_PROPS,1,11.48
user_003,G6_S4_ENE_SOURCES,0,21.35
user_003,G6_S4_ENE_SOURCES,0,22.13
user_003,G6_S4_ENE_SOURCES,0,20.32
user_003,G6_S4_ENE_SOURCES,1,19.48
user_003,G6_S4_ENE_SOURCES,1,19.55
user_003,G6_S4_ENE_SOURCES,1,12.61
user_003,G6_S4_ENE_SOURCES,0,13.95
user_003,G6_S4_ENE_SOURCES,1,17.53
user_003,G6_S4_ENE_SOURCES,1,8.6
user_003,G6_S4_ENE_SOURCES,1,10.95
user_003,G6_S4_ENE_SOURCES,1,10.13
user_003,G6_S4_ENE_SOURCES,1,10.36
user_003,G6_S8_ELE_CIRCUITS,0,24.98
user_003,G6_S8_ELE_CIRCUITS,1,26.7
user_003,G6_S8_ELE_CIRCUITS,1,18.42
user_003,G6_S8_ELE_CIRCUITS,1,15.37
user_003,G6_S8_ELE_CIRCUITS,1,12.26
user_003,G6_S8_ELE_CIRCUITS,1,10.34
user_003,G6_S8_ELE_CIRCUITS,1,15.13
user_003,G6_S8_ELE_CIRCUITS,1,13.11
user_003,G6_S8_ELE_CIRCUITS,1,10.52
user_003,G6_S8_ELE_CIRCUITS,1,14.09
user_003,G6_S8_ELE_CIRCUITS,1,10.85
user_003,G6_S8_ELE_CIRCUITS,1,11.2
user_003,G6_S8_ELE_CONDINS,1,22.15
user_003,G6_S8_ELE_CONDINS,0,18.51
user_003,G6_S8_ELE_CONDINS,0,19.41
user_003,G6_S8_ELE_CONDINS,0,24.02
user_003,G6_S8_ELE_CONDINS,1,20.94
user_003,G6_S8_ELE_CONDINS,0,17.14
user_003,G6_S8_ELE_CONDINS,0,19.87
user_003,G6_S8_ELE_CONDINS,0,22.97
user_003,G6_S8_ELE_CONDINS,1,22.32
user_003,G6_S8_ELE_CONDINS,0,18.41
user_003,G6_S8_ELE_CONDINS,0,23.53
user_003,G6_S8_ELE_CONDINS,0,23.48
user_003,G7_S1_PLA_DIVER,0,19.83
user_003,G7_S1_PLA_DIVER,0,20.71
user_003,G7_S1_PLA_DIVER,0,19.73
user_003,G7_S1_PLA_DIVER,0,23.78
user_003,G7_S1_PLA_DIVER,0,24.33
user_003,G7_S1_PLA_DIVER,1,20.48
user_003,G7_S1_PLA_DIVER,0,18.06
user_003,G7_S1_PLA_DIVER,0,18.75
user_003,G7_S1_PLA_DIVER,0,20.72
user_003,G7_S1_PLA_DIVER,1,19.3
user_003,G7_S1_PLA_DIVER,0,21.88
user_003,G7_S1_PLA_DIVER,0,27.63
user_003,G7_S1_PLA_CLASSIF,0,24.18
user_003,G7_S1_PLA_CLASSIF,0,24.14
user_003,G7_S1_PLA_CLASSIF,0,25.71
user_003,G7_S1_PLA_CLASSIF,0,22.28
user_003,G7_S1_PLA_CLASSIF,1,26.84
user_003,G7_S1_PLA_CLASSIF,1,15.14
user_003,G7_S1_PLA_CLASSIF,1,12.18
user_003,G7_S1_PLA_CLASSIF,1,13.79
user_003,G7_S1_PLA_CLASSIF,1,15.17
user_003,G7_S1_PLA_CLASSIF,1,9.15
user_003,G7_S1_PLA_CLASSIF,1,9.98
user_003,G7_S1_PLA_CLASSIF,1,13.35
user_003,G7_S2_STA_CHARGES,0,22.71
user_003,G7_S2_STA_CHARGES,0,16.76
user_003,G7_S2_STA_CHARGES,0,24.03
user_003,G7_S2_STA_CHARGES,0,23.61
user_003,G7_S2_STA_CHARGES,1,20.45
user_003,G7_S2_STA_CHARGES,1,20.24
user_003,G7_S2_STA_CHARGES,1,16.96
user_003,G7_S2_STA_CHARGES,1,13.51
user_003,G7_S2_STA_CHARGES,1,12.17
user_003,G7_S2_STA_CHARGES,1,11.59
user_003,G7_S2_STA_CHARGES,1,12.49
user_003,G7_S2_STA_CHARGES,1,16.12
user_003,G7_S2_STA_CAPACIT,0,26.8
user_003,G7_S2_STA_CAPACIT,1,22.86
user_003,G7_S2_STA_CAPACIT,1,15.21
user_003,G7_S2_STA_CAPACIT,1,15.39
user_003,G7_S2_STA_CAPACIT,0,17.48
user_003,G7_S2_STA_CAPACIT,1,21.1
user_003,G7_S2_STA_CAPACIT,0,13.32
user_003,G7_S2_STA_CAPACIT,0,19.69
user_003,G7_S2_STA_CAPACIT,1,21.79
user_003,G7_S2_STA_CAPACIT,0,21.15
user_003,G7_S2_STA_CAPACIT,0,23.49
user_003,G7_S2_STA_CAPACIT,0,18.59
user_003,G7_S3_ELE_SOURCES,1,21.34
user_003,G7_S3_ELE_SOURCES,1,20.87
user_003,G7_S3_ELE_SOURCES,0,14.5
user_003,G7_S3_ELE_SOURCES,1,19.22
user_003,G7_S3_ELE_SOURCES,0,15.91
user_003,G7_S3_ELE_SOURCES,0,18.91
user_003,G7_S3_ELE_SOURCES,0,21.67
user_003,G7_S3_ELE_SOURCES,0,20.56
user_003,G7_S3_ELE_SOURCES,0,21.61
user_003,G7_S3_ELE_SOURCES,1,21.5
user_003,G7_S3_ELE_SOURCES,1,17.0
user_003,G7_S3_ELE_SOURCES,0,13.26
user_003,G7_S3_ELE_CURRENTS,0,21.57
user_003,G7_S3_ELE_CURRENTS,0,23.53
user_003,G7_S3_ELE_CURRENTS,0,21.63
user_003,G7_S3_ELE_CURRENTS,0,20.54
user_003,G7_S3_ELE_CURRENTS,1,16.78
user_003,G7_S3_ELE_CURRENTS,0,16.38
user_003,G7_S3_ELE_CURRENTS,0,20.93
user_003,G7_S3_ELE_CURRENTS,0,20.57
user_003,G7_S3_ELE_CURRENTS,1,23.13
user_003,G7_S3_ELE_CURRENTS,1,15.06
user_003,G7_S3_ELE_CURRENTS,0,13.46
user_003,G7_S3_ELE_CURRENTS,1,17.56
user_003,G7_S4_WAT_SOLVENT,1,23.11
user_003,G7_S4_WAT_SOLVENT,0,15.75
user_003,G7_S4_WAT_SOLVENT,0,19.72
user_003,G7_S4_WAT_SOLVENT,0,23.46
user_003,G7_S4_WAT_SOLVENT,1,18.91
user_003,G7_S4_WAT_SOLVENT,0,18.49
user_003,G7_S4_WAT_SOLVENT,0,24.1
user_003,G7_S4_WAT_SOLVENT,0,24.11
user_003,G7_S4_WAT_SOLVENT,0,20.0
user_003,G7_S4_WAT_SOLVENT,0,24.91
user_003,G7_S4_WAT_SOLVENT,0,23.12
user_003,G7_S4_WAT_SOLVENT,0,22.99
user_003,G7_S4_WAT_COOLANT,0,23.61
user_003,G7_S4_WAT_COOLANT,0,20.89
user_003,G7_S4_WAT_COOLANT,0,21.89
user_003,G7_S4_WAT_COOLANT,0,23.6
user_003,G7_S4_WAT_COOLANT,0,23.77
user_003,G7_S4_WAT_COOLANT,0,18.23
user_003,G7_S4_WAT_COOLANT,0,20.68
user_003,G7_S4_WAT_COOLANT,0,18.82
user_003,G7_S4_WAT_COOLANT,0,22.15
user_003,G7_S4_WAT_COOLANT,0,24.79
user_003,G7_S4_WAT_COOLANT,1,21.48
user_003,G7_S4_WAT_COOLANT,1,15.91
user_003,G7_S5_ACI_IDENTIF,0,22.92
user_003,G7_S5_ACI_IDENTIF,0,25.22
user_003,G7_S5_ACI_IDENTIF,0,20.92
user_003,G7_S5_ACI_IDENTIF,0,19.75
user_003,G7_S5_ACI_IDENTIF,0,23.35
user_003,G7_S5_ACI_IDENTIF,1,21.2
user_003,G7_S5_ACI_IDENTIF,1,18.63
user_003,G7_S5_ACI_IDENTIF,0,19.53
user_003,G7_S5_ACI_IDENTIF,1,18.29
user_003,G7_S5_ACI_IDENTIF,1,13.48
user_003,G7_S5_ACI_IDENTIF,1,13.2
user_003,G7_S5_ACI_IDENTIF,1,10.43
user_003,G7_S5_ACI_INDICAT,0,22.28
user_003,G7_S5_ACI_INDICAT,0,24.26
user_003,G7_S5_ACI_INDICAT,0,24.35
user_003,G7_S5_ACI_INDICAT,0,19.85
user_003,G7_S5_ACI_INDICAT,1,24.39
user_003,G7_S5_ACI_INDICAT,0,16.65
user_003,G7_S5_ACI_INDICAT,1,20.84
user_003,G7_S5_ACI_INDICAT,0,17.65
user_003,G7_S5_ACI_INDICAT,1,21.04
user_003,G7_S5_ACI_INDICAT,1,18.38
user_003,G7_S5_ACI_INDICAT,0,11.36
user_003,G7_S5_ACI_INDICAT,0,16.88
user_003,G7_S6_ANI_CLASSIF,0,19.03
user_003,G7_S6_ANI_CLASSIF,1,22.61
user_003,G7_S6_ANI_CLASSIF,0,20.2
user_003,G7_S6_ANI_CLASSIF,0,21.49
user_003,G7_S6_ANI_CLASSIF,1,22.44
user_003,G7_S6_ANI_CLASSIF,0,15.25
user_003,G7_S6_ANI_CLASSIF,1,18.78
user_003,G7_S6_ANI_CLASSIF,1,14.55
user_003,G7_S6_ANI_CLASSIF,0,13.01
user_003,G7_S6_ANI_CLASSIF,1,17.99
user_003,G7_S6_ANI_CLASSIF,1,15.96
user_003,G7_S6_ANI_CLASSIF,1,12.73
user_003,G7_S6_ANI_ADAPTAT,1,20.91
user_003,G7_S6_ANI_ADAPTAT,1,16.08
user_003,G7_S6_ANI_ADAPTAT,1,14.64
user_003,G7_S6_ANI_ADAPTAT,1,14.28
user_003,G7_S6_ANI_ADAPTAT,1,14.7
user_003,G7_S6_ANI_ADAPTAT,1,16.13
user_003,G7_S6_ANI_ADAPTAT,1,11.74
user_003,G7_S6_ANI_ADAPTAT,1,8.97
user_003,G7_S6_ANI_ADAPTAT,0,14.36
user_003,G7_S6_ANI_ADAPTAT,0,12.93
user_003,G7_S6_ANI_ADAPTAT,1,18.17
user_003,G7_S6_ANI_ADAPTAT,0,18.91
user_003,G7_S7_ENE_FORMS,0,22.93
user_003,G7_S7_ENE_FORMS,1,26.15
user_003,G7_S7_ENE_FORMS,0,17.75
user_003,G7_S7_ENE_FORMS,1,20.76
user_003,G7_S7_ENE_FORMS,0,22.62
user_003,G7_S7_ENE_FORMS,1,22.28
user_003,G7_S7_ENE_FORMS,1,24.74
user_003,G7_S7_ENE_FORMS,1,16.54
user_003,G7_S7_ENE_FORMS,1,16.45
user_003,G7_S7_ENE_FORMS,1,12.8
user_003,G7_S7_ENE_FORMS,1,9.61
user_003,G7_S7_ENE_FORMS,1,11.38
user_003,G7_S7_ENE_TRANSF,0,21.02
user_003,G7_S7_ENE_TRANSF,0,20.95
user_003,G7_S7_ENE_TRANSF,0,22.03
user_003,G7_S7_ENE_TRANSF,1,25.69
user_003,G7_S7_ENE_TRANSF,0,21.86
user_003,G7_S7_ENE_TRANSF,1,24.35
user_003,G7_S7_ENE_TRANSF,1,19.38
user_003,G7_S7_ENE_TRANSF,1,15.41
user_003,G7_S7_ENE_TRANSF,1,11.19
user_003,G7_S7_ENE_TRANSF,1,12.08
user_003,G7_S7_ENE_TRANSF,1,14.92
user_003,G7_S7_ENE_TRANSF,1,12.86
user_003,G7_S8_EAR_STRUCT,0,22.32
user_003,G7_S8_EAR_STRUCT,0,22.56
user_003,G7_S8_EAR_STRUCT,0,24.22
user_003,G7_S8_EAR_STRUCT,1,19.33
user_003,G7_S8_EAR_STRUCT,1,14.18
user_003,G7_S8_EAR_STRUCT,1,13.58
user_003,G7_S8_EAR_STRUCT,1,13.34
user_003,G7_S8_EAR_STRUCT,1,19.34
user_003,G7_S8_EAR_STRUCT,1,13.36
user_003,G7_S8_EAR_STRUCT,1,13.02
user_003,G7_S8_EAR_STRUCT,1,12.81
user_003,G7_S8_EAR_STRUCT,1,10.18
user_003,G7_S8_EAR_TECTON,1,22.45
user_003,G7_S8_EAR_TECTON,0,16.95
user_003,G7_S8_EAR_TECTON,0,22.71
user_003,G7_S8_EAR_TECTON,0,24.32
user_003,G7_S8_EAR_TECTON,0,23.17
user_003,G7_S8_EAR_TECTON,0,21.68
user_003,G7_S8_EAR_TECTON,1,17.43
user_003,G7_S8_EAR_TECTON,1,21.29
user_003,G7_S8_EAR_TECTON,1,16.09
user_003,G7_S8_EAR_TECTON,1,8.91
user_003,G7_S8_EAR_TECTON,1,14.99
user_003,G7_S8_EAR_TECTON,1,14.56
user_003,G7_S9_LIG_SHADOWS,0,23.75
user_003,G7_S9_LIG_SHADOWS,0,24.5
user_003,G7_S9_LIG_SHADOWS,0,21.75
user_003,G7_S9_LIG_SHADOWS,0,21.04
user_003,G7_S9_LIG_SHADOWS,0,25.99
user_003,G7_S9_LIG_SHADOWS,0,23.06
user_003,G7_S9_LIG_SHADOWS,0,26.09
user_003,G7_S9_LIG_SHADOWS,1,26.36
user_003,G7_S9_LIG_SHADOWS,1,19.54
user_003,G7_S9_LIG_SHADOWS,1,14.13
user_003,G7_S9_LIG_SHADOWS,1,10.6
user_003,G7_S9_LIG_SHADOWS,1,8.5
user_003,G7_S9_LIG_MIRRORS,0,25.95
user_003,G7_S9_LIG_MIRRORS,0,21.88
user_003,G7_S9_LIG_MIRRORS,0,22.04
user_003,G7_S9_LIG_MIRRORS,0,21.35
user_003,G7_S9_LIG_MIRRORS,1,20.33
user_003,G7_S9_LIG_MIRRORS,1,21.67
user_003,G7_S9_LIG_MIRRORS,0,8.11
user_003,G7_S9_LIG_MIRRORS,1,17.11
user_003,G7_S9_LIG_MIRRORS,1,18.05
user_003,G7_S9_LIG_MIRRORS,0,17.04
user_003,G7_S9_LIG_MIRRORS,0,19.62
user_003,G7_S9_LIG_MIRRORS,1,22.43
user_003,G7_S10_MIC_LIGHT,0,24.03
user_003,G7_S10_MIC_LIGHT,0,22.94
user_003,G7_S10_MIC_LIGHT,0,22.66
user_003,G7_S10_MIC_LIGHT,0,25.06
user_003,G7_S10_MIC_LIGHT,0,24.03
user_003,G7_S10_MIC_LIGHT,1,20.36
user_003,G7_S10_MIC_LIGHT,1,17.66
user_003,G7_S10_MIC_LIGHT,1,13.25
user_003,G7_S10_MIC_LIGHT,1,13.65
user_003,G7_S10_MIC_LIGHT,1,12.24
user_003,G7_S10_MIC_LIGHT,1,11.21
user_003,G7_S10_MIC_LIGHT,1,14.85
user_003,G7_S10_MIC_ELECTR,0,24.58
user_003,G7_S10_MIC_ELECTR,1,21.58
user_003,G7_S10_MIC_ELECTR,1,15.11
user_003,G7_S10_MIC_ELECTR,1,14.92
user_003,G7_S10_MIC_ELECTR,1,10.48
user_003,G7_S10_MIC_ELECTR,1,9.06
user_003,G7_S10_MIC_ELECTR,1,12.55
user_003,G7_S10_MIC_ELECTR,1,14.31
user_003,G7_S10_MIC_ELECTR,0,11.39
user_003,G7_S10_MIC_ELECTR,1,15.63
user_003,G7_S10_MIC_ELECTR,1,12.96
user_003,G7_S10_MIC_ELECTR,1,13.31
user_003,G8_S1_BIO_DIVER,0,24.99
user_003,G8_S1_BIO_DIVER,1,24.38
user_003,G8_S1_BIO_DIVER,0,16.63
user_003,G8_S1_BIO_DIVER,0,23.12
user_003,G8_S1_BIO_DIVER,0,24.09
user_003,G8_S1_BIO_DIVER,0,23.84
user_003,G8_S1_BIO_DIVER,0,18.8
user_003,G8_S1_BIO_DIVER,0,20.12
user_003,G8_S1_BIO_DIVER,0,23.55
user_003,G8_S1_BIO_DIVER,0,21.96
user_003,G8_S1_BIO_DIVER,0,27.66
user_003,G8_S1_BIO_DIVER,0,23.99
user_003,G8_S1_BIO_CLASSIF,0,17.01
user_003,G8_S1_BIO_CLASSIF,1,22.04
user_003,G8_S1_BIO_CLASSIF,0,17.72
user_003,G8_S1_BIO_CLASSIF,0,19.9
user_003,G8_S1_BIO_CLASSIF,0,24.2
user_003,G8_S1_BIO_CLASSIF,0,20.36
user_003,G8_S1_BIO_CLASSIF,0,25.81
user_003,G8_S1_BIO_CLASSIF,1,20.25
user_003,G8_S1_BIO_CLASSIF,0,20.43
user_003,G8_S1_BIO_CLASSIF,1,20.65
user_003,G8_S1_BIO_CLASSIF,1,14.96
user_003,G8_S1_BIO_CLASSIF,1,9.34
user_003,G8_S2_TIS_PLANT,0,24.84
user_003,G8_S2_TIS_PLANT,0,19.48
user_003,G8_S2_TIS_PLANT,0,23.4
user_003,G8_S2_TIS_PLANT,0,25.58
user_003,G8_S2_TIS_PLANT,0,19.21
user_003,G8_S2_TIS_PLANT,0,16.4
user_003,G8_S2_TIS_PLANT,0,18.69
user_003,G8_S2_TIS_PLANT,0,22.29
user_003,G8_S2_TIS_PLANT,1,20.74
user_003,G8_S2_TIS_PLANT,0,20.07
user_003,G8_S2_TIS_PLANT,0,18.05
user_003,G8_S2_TIS_PLANT,0,24.24
user_003,G8_S2_TIS_ANIMAL,1,24.91
user_003,G8_S2_TIS_ANIMAL,1,15.73
user_003,G8_S2_TIS_ANIMAL,1,17.89
user_003,G8_S2_TIS_ANIMAL,1,16.31
user_003,G8_S2_TIS_ANIMAL,1,13.64
user_003,G8_S2_TIS_ANIMAL,1,13.97
user_003,G8_S2_TIS_ANIMAL,1,11.48
user_003,G8_S2_TIS_ANIMAL,1,10.31
user_003,G8_S2_TIS_ANIMAL,1,12.61
user_003,G8_S2_TIS_ANIMAL,1,11.14
user_003,G8_S2_TIS_ANIMAL,1,14.78
user_003,G8_S2_TIS_ANIMAL,1,9.2
user_003,G8_S3_PHO_PROCESS,1,23.33
user_003,G8_S3_PHO_PROCESS,1,14.54
user_003,G8_S3_PHO_PROCESS,1,16.89
user_003,G8_S3_PHO_PROCESS,0,11.83
user_003,G8_S3_PHO_PROCESS,0,14.5
user_003,G8_S3_PHO_PROCESS,1,22.65
user_003,G8_S3_PHO_PROCESS,1,12.56
user_003,G8_S3_PHO_PROCESS,0,10.31
user_003,G8_S3_PHO_PROCESS,0,19.63
user_003,G8_S3_PHO_PROCESS,0,18.4
user_003,G8_S3_PHO_PROCESS,0,18.78
user_003,G8_S3_PHO_PROCESS,0,21.28
user_003,G8_S3_PHO_IMPORT,0,22.0
user_003,G8_S3_PHO_IMPORT,0,23.72
user_003,G8_S3_PHO_IMPORT,1,23.58
user_003,G8_S3_PHO_IMPORT,1,21.46
user_003,G8_S3_PHO_IMPORT,1,14.07
user_003,G8_S3_PHO_IMPORT,1,12.78
user_003,G8_S3_PHO_IMPORT,1,10.65
user_003,G8_S3_PHO_IMPORT,1,15.56
user_003,G8_S3_PHO_IMPORT,1,11.85
user_003,G8_S3_PHO_IMPORT,0,12.87
user_003,G8_S3_PHO_IMPORT,1,11.46
user_003,G8_S3_PHO_IMPORT,1,10.02
user_003,G8_S4_MAT_ELEMENTS,0,22.86
user_003,G8_S4_MAT_ELEMENTS,1,20.4
user_003,G8_S4_MAT_ELEMENTS,1,20.63
user_003,G8_S4_MAT_ELEMENTS,1,15.02
user_003,G8_S4_MAT_ELEMENTS,1,13.9
user_003,G8_S4_MAT_ELEMENTS,1,13.13
user_003,G8_S4_MAT_ELEMENTS,1,11.07
user_003,G8_S4_MAT_ELEMENTS,1,13.44
user_003,G8_S4_MAT_ELEMENTS,1,16.62
user_003,G8_S4_MAT_ELEMENTS,0,12.05
user_003,G8_S4_MAT_ELEMENTS,1,12.49
user_003,G8_S4_MAT_ELEMENTS,1,10.18
user_003,G8_S4_MAT_COMPOUNDS,0,18.02
user_003,G8_S4_MAT_COMPOUNDS,0,18.22
user_003,G8_S4_MAT_COMPOUNDS,0,27.39
user_003,G8_S4_MAT_COMPOUNDS,0,19.49
user_003,G8_S4_MAT_COMPOUNDS,0,21.32
user_003,G8_S4_MAT_COMPOUNDS,0,27.57
user_003,G8_S4_MAT_COMPOUNDS,0,23.25
user_003,G8_S4_MAT_COMPOUNDS,1,19.94
user_003,G8_S4_MAT_COMPOUNDS,0,19.21
user_003,G8_S4_MAT_COMPOUNDS,0,24.39
user_003,G8_S4_MAT_COMPOUNDS,1,25.19
user_003,G8_S4_MAT_COMPOUNDS,1,17.24
user_003,G8_S5_MAT_DENSITY,1,20.43
user_003,G8_S5_MAT_DENSITY,0,14.56
user_003,G8_S5_MAT_DENSITY,0,23.44
user_003,G8_S5_MAT_DENSITY,0,23.8
user_003,G8_S5_MAT_DENSITY,0,22.74
user_003,G8_S5_MAT_DENSITY,0,18.82
user_003,G8_S5_MAT_DENSITY,0,23.76
user_003,G8_S5_MAT_DENSITY,0,24.44
user_003,G8_S5_MAT_DENSITY,1,26.27
user_003,G8_S5_MAT_DENSITY,0,19.33
user_003,G8_S5_MAT_DENSITY,0,21.2
user_003,G8_S5_MAT_DENSITY,0,23.8
user_003,G8_S5_MAT_THERMAL,0,22.01
user_003,G8_S5_MAT_THERMAL,0,22.56
user_003,G8_S5_MAT_THERMAL,0,20.27
user_003,G8_S5_MAT_THERMAL,0,19.79
user_003,G8_S5_MAT_THERMAL,0,22.09
user_003,G8_S5_MAT_THERMAL,0,21.48
user_003,G8_S5_MAT_THERMAL,1,22.84
user_003,G8_S5_MAT_THERMAL,1,17.04
user_003,G8_S5_MAT_THERMAL,0,13.04
user_003,G8_S5_MAT_THERMAL,0,21.04
user_003,G8_S5_MAT_THERMAL,0,20.75
user_003,G8_S5_MAT_THERMAL,0,22.05
user_003,G8_S6_CHA_PHYSICAL,0,16.57
user_003,G8_S6_CHA_PHYSICAL,1,20.64
user_003,G8_S6_CHA_PHYSICAL,0,22.4
user_003,G8_S6_CHA_PHYSICAL,0,19.47
user_003,G8_S6_CHA_PHYSICAL,0,25.16
user_003,G8_S6_CHA_PHYSICAL,0,21.4
user_003,G8_S6_CHA_PHYSICAL,1,25.59
user_003,G8_S6_CHA_PHYSICAL,1,18.82
user_003,G8_S6_CHA_PHYSICAL,0,13.46
user_003,G8_S6_CHA_PHYSICAL,0,23.38
user_003,G8_S6_CHA_PHYSICAL,1,18.94
user_003,G8_S6_CHA_PHYSICAL,1,19.77
user_003,G8_S6_CHA_BURNING,1,23.24
user_003,G8_S6_CHA_BURNING,1,23.64
user_003,G8_S6_CHA_BURNING,1,16.9
user_003,G8_S6_CHA_BURNING,0,8.84
user_003,G8_S6_CHA_BURNING,0,19.76
user_003,G8_S6_CHA_BURNING,0,20.85
user_003,G8_S6_CHA_BURNING,1,23.09
user_003,G8_S6_CHA_BURNING,0,19.11
user_003,G8_S6_CHA_BURNING,0,20.93
user_003,G8_S6_CHA_BURNING,0,23.3
user_003,G8_S6_CHA_BURNING,1,18.55
user_003,G8_S6_CHA_BURNING,1,15.49
user_003,G8_S7_FOR_TYPES,0,20.88
user_003,G8_S7_FOR_TYPES,0,21.04
user_003,G8_S7_FOR_TYPES,0,21.03
user_003,G8_S7_FOR_TYPES,0,23.98
user_003,G8_S7_FOR_TYPES,1,22.45
user_003,G8_S7_FOR_TYPES,0,19.79
user_003,G8_S7_FOR_TYPES,0,22.39
user_003,G8_S7_FOR_TYPES,0,21.24
user_003,G8_S7_FOR_TYPES,0,20.2
user_003,G8_S7_FOR_TYPES,0,22.93
user_003,G8_S7_FOR_TYPES,0,23.88
user_003,G8_S7_FOR_TYPES,0,25.34
user_003,G8_S7_FOR_PRESSURE,0,24.31
user_003,G8_S7_FOR_PRESSURE,1,24.7
user_003,G8_S7_FOR_PRESSURE,0,19.45
user_003,G8_S7_FOR_PRESSURE,1,22.21
user_003,G8_S7_FOR_PRESSURE,1,20.72
user_003,G8_S7_FOR_PRESSURE,1,14.64
user_003,G8_S7_FOR_PRESSURE,1,15.16
user_003,G8_S7_FOR_PRESSURE,1,10.58
user_003,G8_S7_FOR_PRESSURE,0,8.1
user_003,G8_S7_FOR_PRESSURE,1,14.22
user_003,G8_S7_FOR_PRESSURE,1,13.03
user_003,G8_S7_FOR_PRESSURE,1,8.37
user_003,G8_S8_STA_PHENOM,0,20.0
user_003,G8_S8_STA_PHENOM,0,22.11
user_003,G8_S8_STA_PHENOM,0,24.75
user_003,G8_S8_STA_PHENOM,0,18.68
user_003,G8_S8_STA_PHENOM,1,19.63
user_003,G8_S8_STA_PHENOM,1,18.31
user_003,G8_S8_STA_PHENOM,0,11.33
user_003,G8_S8_STA_PHENOM,0,13.23
user_003,G8_S8_STA_PHENOM,0,20.1
user_003,G8_S8_STA_PHENOM,0,23.3
user_003,G8_S8_STA_PHENOM,1,21.7
user_003,G8_S8_STA_PHENOM,1,18.98
user_003,G8_S8_STA_LIGHTNG,0,20.67
user_003,G8_S8_STA_LIGHTNG,0,24.48
user_003,G8_S8_STA_LIGHTNG,1,24.52
user_003,G8_S8_STA_LIGHTNG,0,18.09
user_003,G8_S8_STA_LIGHTNG,0,23.96
user_003,G8_S8_STA_LIGHTNG,1,18.34
user_003,G8_S8_STA_LIGHTNG,1,19.83
user_003,G8_S8_STA_LIGHTNG,1,17.27
user_003,G8_S8_STA_LIGHTNG,1,14.1
user_003,G8_S8_STA_LIGHTNG,1,9.76
user_003,G8_S8_STA_LIGHTNG,1,9.94
user_003,G8_S8_STA_LIGHTNG,1,11.92
user_003,G9_S1_SYS_DIGEST,0,19.16
user_003,G9_S1_SYS_DIGEST,0,22.7
user_003,G9_S1_SYS_DIGEST,1,22.8
user_003,G9_S1_SYS_DIGEST,0,19.95
user_003,G9_S1_SYS_DIGEST,1,22.49
user_003,G9_S1_SYS_DIGEST,0,20.2
user_003,G9_S1_SYS_DIGEST,1,21.82
user_003,G9_S1_SYS_DIGEST,0,22.02
user_003,G9_S1_SYS_DIGEST,0,19.47
user_003,G9_S1_SYS_DIGEST,1,22.32
user_003,G9_S1_SYS_DIGEST,0,19.49
user_003,G9_S1_SYS_DIGEST,0,21.61
user_003,G9_S1_SYS_CIRCUL,1,21.94
user_003,G9_S1_SYS_CIRCUL,1,17.17
user_003,G9_S1_SYS_CIRCUL,1,13.44
user_003,G9_S1_SYS_CIRCUL,0,13.89
user_003,G9_S1_SYS_CIRCUL,1,15.14
user_003,G9_S1_SYS_CIRCUL,1,12.65
user_003,G9_S1_SYS_CIRCUL,1,12.04
user_003,G9_S1_SYS_CIRCUL,1,13.15
user_003,G9_S1_SYS_CIRCUL,0,13.13
user_003,G9_S1_SYS_CIRCUL,1,12.67
user_003,G9_S1_SYS_CIRCUL,1,13.65
user_003,G9_S1_SYS_CIRCUL,1,7.91
user_003,G9_S2_RHY_EARTH,0,22.06
user_003,G9_S2_RHY_EARTH,0,26.18
user_003,G9_S2_RHY_EARTH,0,20.87
user_003,G9_S2_RHY_EARTH,0,21.4
user_003,G9_S2_RHY_EARTH,1,23.73
user_003,G9_S2_RHY_EARTH,1,22.27
user_003,G9_S2_RHY_EARTH,1,14.28
user_003,G9_S2_RHY_EARTH,1,13.29
user_003,G9_S2_RHY_EARTH,1,16.27
user_003,G9_S2_RHY_EARTH,1,13.17
user_003,G9_S2_RHY_EARTH,1,10.88
user_003,G9_S2_RHY_EARTH,1,12.29
user_003,G9_S2_RHY_CLIMATE,0,25.72
user_003,G9_S2_RHY_CLIMATE,0,19.86
user_003,G9_S2_RHY_CLIMATE,0,21.86
user_003,G9_S2_RHY_CLIMATE,0,22.87
user_003,G9_S2_RHY_CLIMATE,1,23.71
user_003,G9_S2_RHY_CLIMATE,1,14.89
user_003,G9_S2_RHY_CLIMATE,1,14.88
user_003,G9_S2_RHY_CLIMATE,1,9.04
user_003,G9_S2_RHY_CLIMATE,1,14.24
user_003,G9_S2_RHY_CLIMATE,1,14.27
user_003,G9_S2_RHY_CLIMATE,1,11.16
user_003,G9_S2_RHY_CLIMATE,1,16.97
user_003,G9_S3_LIG_REFRAC,1,21.33
user_003,G9_S3_LIG_REFRAC,0,13.59
user_003,G9_S3_LIG_REFRAC,1,24.96
user_003,G9_S3_LIG_REFRAC,0,16.4
user_003,G9_S3_LIG_REFRAC,1,19.97
user_003,G9_S3_LIG_REFRAC,1,16.64
user_003,G9_S3_LIG_REFRAC,1,14.39
user_003,G9_S3_LIG_REFRAC,1,10.27
user_003,G9_S3_LIG_REFRAC,1,10.46
user_003,G9_S3_LIG_REFRAC,1,8.5
user_003,G9_S3_LIG_REFRAC,1,9.85
user_003,G9_S3_LIG_REFRAC,1,12.4
user_003,G9_S3_LIG_LENSES,1,21.64
user_003,G9_S3_LIG_LENSES,0,21.35
user_003,G9_S3_LIG_LENSES,0,23.8
user_003,G9_S3_LIG_LENSES,0,19.41
user_003,G9_S3_LIG_LENSES,0,21.84
user_003,G9_S3_LIG_LENSES,1,20.95
user_003,G9_S3_LIG_LENSES,1,17.51
user_003,G9_S3_LIG_LENSES,1,18.11
user_003,G9_S3_LIG_LENSES,1,16.69
user_003,G9_S3_LIG_LENSES,1,17.81
user_003,G9_S3_LIG_LENSES,1,15.63
user_003,G9_S3_LIG_LENSES,1,16.54
user_003,G9_S4_SOU_PROPAG,1,22.58
user_003,G9_S4_SOU_PROPAG,1,20.3
user_003,G9_S4_SOU_PROPAG,1,19.07
user_003,G9_S4_SOU_PROPAG,1,13.21
user_003,G9_S4_SOU_PROPAG,1,7.88
user_003,G9_S4_SOU_PROPAG,1,8.98
user_003,G9_S4_SOU_PROPAG,1,10.72
user_003,G9_S4_SOU_PROPAG,1,12.79
user_003,G9_S4_SOU_PROPAG,1,12.03
user_003,G9_S4_SOU_PROPAG,1,12.78
user_003,G9_S4_SOU_PROPAG,1,12.34
user_003,G9_S4_SOU_PROPAG,1,13.62
user_003,G9_S4_SOU_HEARING,1,23.82
user_003,G9_S4_SOU_HEARING,0,17.66
user_003,G9_S4_SOU_HEARING,0,19.65
user_003,G9_S4_SOU_HEARING,0,24.02
user_003,G9_S4_SOU_HEARING,0,22.2
user_003,G9_S4_SOU_HEARING,1,21.41
user_003,G9_S4_SOU_HEARING,1,20.03
user_003,G9_S4_SOU_HEARING,1,8.77
user_003,G9_S4_SOU_HEARING,0,11.82
user_003,G9_S4_SOU_HEARING,1,17.2
user_003,G9_S4_SOU_HEARING,0,10.8
user_003,G9_S4_SOU_HEARING,1,13.54
user_003,G9_S5_HEA_EXPANS,1,24.21
user_003,G9_S5_HEA_EXPANS,0,19.76
user_003,G9_S5_HEA_EXPANS,0,26.3
user_003,G9_S5_HEA_EXPANS,0,20.88
user_003,G9_S5_HEA_EXPANS,0,20.16
user_003,G9_S5_HEA_EXPANS,0,16.46
user_003,G9_S5_HEA_EXPANS,0,22.61
user_003,G9_S5_HEA_EXPANS,0,16.21
user_003,G9_S5_HEA_EXPANS,0,21.84
user_003,G9_S5_HEA_EXPANS,1,22.03
user_003,G9_S5_HEA_EXPANS,1,13.59
user_003,G9_S5_HEA_EXPANS,1,9.15
user_003,G9_S5_HEA_TRANSF,1,20.01
user_003,G9_S5_HEA_TRANSF,1,23.7
user_003,G9_S5_HEA_TRANSF,1,14.97
user_003,G9_S5_HEA_TRANSF,1,10.99
user_003,G9_S5_HEA_TRANSF,1,12.64
user_003,G9_S5_HEA_TRANSF,0,11.3
user_003,G9_S5_HEA_TRANSF,1,9.97
user_003,G9_S5_HEA_TRANSF,1,16.38
user_003,G9_S5_HEA_TRANSF,0,10.03
user_003,G9_S5_HEA_TRANSF,1,8.35
user_003,G9_S5_HEA_TRANSF,1,11.91
user_003,G9_S5_HEA_TRANSF,1,7.33
user_003,G9_S6_NAT_ATOMS,1,22.42
user_003,G9_S6_NAT_ATOMS,1,21.15
user_003,G9_S6_NAT_ATOMS,1,16.82
user_003,G9_S6_NAT_ATOMS,1,10.69
user_003,G9_S6_NAT_ATOMS,1,12.46
user_003,G9_S6_NAT_ATOMS,1,9.17
user_003,G9_S6_NAT_ATOMS,1,10.12
user_003,G9_S6_NAT_ATOMS,0,10.22
user_003,G9_S6_NAT_ATOMS,0,15.03
user_003,G9_S6_NAT_ATOMS,0,15.1
user_003,G9_S6_NAT_ATOMS,0,20.88
user_003,G9_S6_NAT_ATOMS,0,23.88
user_003,G9_S6_NAT_CONFIG,1,23.24
user_003,G9_S6_NAT_CONFIG,0,16.04
user_003,G9_S6_NAT_CONFIG,0,18.32
user_003,G9_S6_NAT_CONFIG,1,24.26
user_003,G9_S6_NAT_CONFIG,0,17.11
user_003,G9_S6_NAT_CONFIG,0,18.37
user_003,G9_S6_NAT_CONFIG,1,22.69
user_003,G9_S6_NAT_CONFIG,1,20.91
user_003,G9_S6_NAT_CONFIG,1,13.97
user_003,G9_S6_NAT_CONFIG,1,15.69
user_003,G9_S6_NAT_CONFIG,1,10.54
user_003,G9_S6_NAT_CONFIG,1,10.69
user_003,G9_S7_ACI_SALTS,1,21.7
user_003,G9_S7_ACI_SALTS,0,16.86
user_003,G9_S7_ACI_SALTS,1,22.38
user_003,G9_S7_ACI_SALTS,1,19.33
user_003,G9_S7_ACI_SALTS,1,16.21
user_003,G9_S7_ACI_SALTS,1,14.07
user_003,G9_S7_ACI_SALTS,1,11.4
user_003,G9_S7_ACI_SALTS,0,13.14
user_003,G9_S7_ACI_SALTS,1,14.22
user_003,G9_S7_ACI_SALTS,1,11.22
user_003,G9_S7_ACI_SALTS,0,13.98
user_003,G9_S7_ACI_SALTS,1,11.75
user_003,G9_S7_ACI_NEUTRAL,0,21.46
user_003,G9_S7_ACI_NEUTRAL,0,25.35
user_003,G9_S7_ACI_NEUTRAL,0,22.11
user_003,G9_S7_ACI_NEUTRAL,0,21.63
user_003,G9_S7_ACI_NEUTRAL,0,20.62
user_003,G9_S7_ACI_NEUTRAL,0,20.51
user_003,G9_S7_ACI_NEUTRAL,0,17.25
user_003,G9_S7_ACI_NEUTRAL,1,20.36
user_003,G9_S7_ACI_NEUTRAL,1,22.01
user_003,G9_S7_ACI_NEUTRAL,0,17.78
user_003,G9_S7_ACI_NEUTRAL,1,16.81
user_003,G9_S7_ACI_NEUTRAL,1,13.84
user_004,G6_S1_ORG_CHARS,0,20.72
user_004,G6_S1_ORG_CHARS,0,24.75
user_004,G6_S1_ORG_CHARS,0,23.65
user_004,G6_S1_ORG_CHARS,1,20.34
user_004,G6_S1_ORG_CHARS,0,18.36
user_004,G6_S1_ORG_CHARS,0,22.38
user_004,G6_S1_ORG_CHARS,1,19.66
user_004,G6_S1_ORG_CHARS,0,15.09
user_004,G6_S1_ORG_CHARS,1,22.12
user_004,G6_S1_ORG_CHARS,1,18.14
user_004,G6_S1_ORG_CHARS,1,13.14
user_004,G6_S1_ORG_CHARS,1,15.91
user_004,G6_S1_ORG_CLASS,0,24.41
user_004,G6_S1_ORG_CLASS,0,20.17
user_004,G6_S1_ORG_CLASS,0,20.49
user_004,G6_S1_ORG_CLASS,1,22.58
user_004,G6_S1_ORG_CLASS,0,13.84
user_004,G6_S1_ORG_CLASS,0,15.98
user_004,G6_S1_ORG_CLASS,1,22.24
user_004,G6_S1_ORG_CLASS,1,17.65
user_004,G6_S1_ORG_CLASS,0,12.74
user_004,G6_S1_ORG_CLASS,1,17.57
user_004,G6_S1_ORG_CLASS,1,15.31
user_004,G6_S1_ORG_CLASS,1,13.38
user_004,G6_S2_MAT_STATES,0,24.48
user_004,G6_S2_MAT_STATES,1,20.47
user_004,G6_S2_MAT_STATES,1,16.88
user_004,G6_S2_MAT_STATES,0,13.33
user_004,G6_S2_MAT_STATES,1,15.48
user_004,G6_S2_MAT_STATES,1,10.26
user_004,G6_S2_MAT_STATES,1,15.73
user_004,G6_S2_MAT_STATES,1,11.85
user_004,G6_S2_MAT_STATES,1,15.84
user_004,G6_S2_MAT_STATES,1,11.46
user_004,G6_S2_MAT_STATES,1,9.84
user_004,G6_S2_MAT_STATES,1,9.66
user_004,G6_S2_MAT_PROPS,0,21.6
user_004,G6_S2_MAT_PROPS,1,20.32
user_004,G6_S2_MAT_PROPS,1,18.8
user_004,G6_S2_MAT_PROPS,1,11.92
user_004,G6_S2_MAT_PROPS,1,12.79
user_004,G6_S2_MAT_PROPS,1,12.36
user_004,G6_S2_MAT_PROPS,1,10.7
user_004,G6_S2_MAT_PROPS,1,14.42
user_004,G6_S2_MAT_PROPS,1,14.75
user_004,G6_S2_MAT_PROPS,1,11.27
user_004,G6_S2_MAT_PROPS,1,11.7
user_004,G6_S2_MAT_PROPS,1,13.84
user_004,G6_S4_ENE_SOURCES,0,20.31
user_004,G6_S4_ENE_SOURCES,0,23.54
user_004,G6_S4_ENE_SOURCES,1,21.66
user_004,G6_S4_ENE_SOURCES,1,14.75
user_004,G6_S4_ENE_SOURCES,1,11.97
user_004,G6_S4_ENE_SOURCES,1,13.27
user_004,G6_S4_ENE_SOURCES,1,13.49
user_004,G6_S4_ENE_SOURCES,1,8.75
user_004,G6_S4_ENE_SOURCES,1,13.04
user_004,G6_S4_ENE_SOURCES,1,9.84
user_004,G6_S4_ENE_SOURCES,1,11.31
user_004,G6_S4_ENE_SOURCES,1,15.46
user_004,G6_S8_ELE_CIRCUITS,0,21.81
user_004,G6_S8_ELE_CIRCUITS,1,20.79
user_004,G6_S8_ELE_CIRCUITS,1,15.4
user_004,G6_S8_ELE_CIRCUITS,1,13.0
user_004,G6_S8_ELE_CIRCUITS,1,11.53
user_004,G6_S8_ELE_CIRCUITS,1,8.41
user_004,G6_S8_ELE_CIRCUITS,1,9.96
user_004,G6_S8_ELE_CIRCUITS,1,12.23
user_004,G6_S8_ELE_CIRCUITS,1,14.82
user_004,G6_S8_ELE_CIRCUITS,1,12.11
user_004,G6_S8_ELE_CIRCUITS,1,15.42
user_004,G6_S8_ELE_CIRCUITS,1,7.23
user_004,G6_S8_ELE_CONDINS,0,25.36
user_004,G6_S8_ELE_CONDINS,1,23.08
user_004,G6_S8_ELE_CONDINS,0,18.3
user_004,G6_S8_ELE_CONDINS,1,16.67
user_004,G6_S8_ELE_CONDINS,0,15.21
user_004,G6_S8_ELE_CONDINS,0,24.27
user_004,G6_S8_ELE_CONDINS,0,24.23
user_004,G6_S8_ELE_CONDINS,0,22.35
user_004,G6_S8_ELE_CONDINS,0,24.5
user_004,G6_S8_ELE_CONDINS,0,21.5
user_004,G6_S8_ELE_CONDINS,0,20.31
user_004,G6_S8_ELE_CONDINS,1,24.84
user_004,G7_S1_PLA_DIVER,0,21.1
user_004,G7_S1_PLA_DIVER,0,21.61
user_004,G7_S1_PLA_DIVER,1,25.34
user_004,G7_S1_PLA_DIVER,1,14.32
user_004,G7_S1_PLA_DIVER,1,12.53
user_004,G7_S1_PLA_DIVER,1,11.05
user_004,G7_S1_PLA_DIVER,1,15.36
user_004,G7_S1_PLA_DIVER,1,15.07
user_004,G7_S1_PLA_DIVER,1,12.73
user_004,G7_S1_PLA_DIVER,1,9.49
user_004,G7_S1_PLA_DIVER,1,13.35
user_004,G7_S1_PLA_DIVER,1,12.91
user_004,G7_S1_PLA_CLASSIF,0,30.34
user_004,G7_S1_PLA_CLASSIF,0,18.42
user_004,G7_S1_PLA_CLASSIF,1,19.41
user_004,G7_S1_PLA_CLASSIF,0,13.77
user_004,G7_S1_PLA_CLASSIF,1,21.04
user_004,G7_S1_PLA_CLASSIF,0,21.98
user_004,G7_S1_PLA_CLASSIF,0,20.25
user_004,G7_S1_PLA_CLASSIF,1,18.8
user_004,G7_S1_PLA_CLASSIF,0,15.31
user_004,G7_S1_PLA_CLASSIF,0,20.99
user_004,G7_S1_PLA_CLASSIF,0,19.51
user_004,G7_S1_PLA_CLASSIF,0,22.4
user_004,G7_S2_STA_CHARGES,1,23.78
user_004,G7_S2_STA_CHARGES,0,21.5
user_004,G7_S2_STA_CHARGES,1,24.19
user_004,G7_S2_STA_CHARGES,1,12.72
user_004,G7_S2_STA_CHARGES,1,15.1
user_004,G7_S2_STA_CHARGES,1,14.31
user_004,G7_S2_STA_CHARGES,1,15.7
user_004,G7_S2_STA_CHARGES,1,12.2
user_004,G7_S2_STA_CHARGES,1,16.86
user_004,G7_S2_STA_CHARGES,1,12.71
user_004,G7_S2_STA_CHARGES,1,11.52
user_004,G7_S2_STA_CHARGES,1,8.7
user_004,G7_S2_STA_CAPACIT,0,20.14
user_004,G7_S2_STA_CAPACIT,0,21.41
user_004,G7_S2_STA_CAPACIT,0,20.13
user_004,G7_S2_STA_CAPACIT,1,24.69
user_004,G7_S2_STA_CAPACIT,1,21.73
user_004,G7_S2_STA_CAPACIT,1,16.05
user_004,G7_S2_STA_CAPACIT,0,13.58
user_004,G7_S2_STA_CAPACIT,1,17.63
user_004,G7_S2_STA_CAPACIT,1,14.85
user_004,G7_S2_STA_CAPACIT,1,9.39
user_004,G7_S2_STA_CAPACIT,1,12.14
user_004,G7_S2_STA_CAPACIT,1,14.47
user_004,G7_S3_ELE_SOURCES,1,24.41
user_004,G7_S3_ELE_SOURCES,1,18.19
user_004,G7_S3_ELE_SOURCES,0,18.12
user_004,G7_S3_ELE_SOURCES,1,21.56
user_004,G7_S3_ELE_SOURCES,1,17.02
user_004,G7_S3_ELE_SOURCES,1,11.76
user_004,G7_S3_ELE_SOURCES,1,13.09
user_004,G7_S3_ELE_SOURCES,1,10.48
user_004,G7_S3_ELE_SOURCES,1,10.23
user_004,G7_S3_ELE_SOURCES,0,17.59
user_004,G7_S3_ELE_SOURCES,1,12.95
user_004,G7_S3_ELE_SOURCES,1,9.48
user_004,G7_S3_ELE_CURRENTS,0,22.95
user_004,G7_S3_ELE_CURRENTS,1,25.24
user_004,G7_S3_ELE_CURRENTS,0,17.04
user_004,G7_S3_ELE_CURRENTS,0,21.52
user_004,G7_S3_ELE_CURRENTS,1,18.17
user_004,G7_S3_ELE_CURRENTS,0,18.58
user_004,G7_S3_ELE_CURRENTS,1,21.86
user_004,G7_S3_ELE_CURRENTS,1,18.98
user_004,G7_S3_ELE_CURRENTS,1,16.44
user_004,G7_S3_ELE_CURRENTS,1,12.64
user_004,G7_S3_ELE_CURRENTS,1,14.42
user_004,G7_S3_ELE_CURRENTS,1,12.09
user_004,G7_S4_WAT_SOLVENT,0,19.42
user_004,G7_S4_WAT_SOLVENT,0,23.55
user_004,G7_S4_WAT_SOLVENT,0,22.76
user_004,G7_S4_WAT_SOLVENT,0,25.82
user_004,G7_S4_WAT_SOLVENT,1,24.37
user_004,G7_S4_WAT_SOLVENT,1,15.86
user_004,G7_S4_WAT_SOLVENT,1,16.26
user_004,G7_S4_WAT_SOLVENT,1,11.94
user_004,G7_S4_WAT_SOLVENT,0,11.51
user_004,G7_S4_WAT_SOLVENT,1,15.62
user_004,G7_S4_WAT_SOLVENT,1,16.81
user_004,G7_S4_WAT_SOLVENT,1,12.78
user_004,G7_S4_WAT_COOLANT,1,20.04
user_004,G7_S4_WAT_COOLANT,0,18.6
user_004,G7_S4_WAT_COOLANT,1,23.38
user_004,G7_S4_WAT_COOLANT,1,17.63
user_004,G7_S4_WAT_COOLANT,1,12.45
user_004,G7_S4_WAT_COOLANT,1,11.82
user_004,G7_S4_WAT_COOLANT,1,7.97
user_004,G7_S4_WAT_COOLANT,1,15.36
user_004,G7_S4_WAT_COOLANT,1,12.57
user_004,G7_S4_WAT_COOLANT,1,10.74
user_004,G7_S4_WAT_COOLANT,1,7.51
user_004,G7_S4_WAT_COOLANT,1,9.75
user_004,G7_S5_ACI_IDENTIF,1,22.54
user_004,G7_S5_ACI_IDENTIF,1,16.48
user_004,G7_S5_ACI_IDENTIF,1,15.85
user_004,G7_S5_ACI_IDENTIF,0,11.06
user_004,G7_S5_ACI_IDENTIF,1,19.43
user_004,G7_S5_ACI_IDENTIF,1,9.93
user_004,G7_S5_ACI_IDENTIF,1,12.25
user_004,G7_S5_ACI_IDENTIF,1,12.04
user_004,G7_S5_ACI_IDENTIF,1,11.95
user_004,G7_S5_ACI_IDENTIF,1,12.82
user_004,G7_S5_ACI_IDENTIF,1,10.47
user_004,G7_S5_ACI_IDENTIF,1,12.14
user_004,G7_S5_ACI_INDICAT,0,20.88
user_004,G7_S5_ACI_INDICAT,0,23.43
user_004,G7_S5_ACI_INDICAT,0,21.93
user_004,G7_S5_ACI_INDICAT,0,23.49
user_004,G7_S5_ACI_INDICAT,1,24.23
user_004,G7_S5_ACI_INDICAT,1,18.69
user_004,G7_S5_ACI_INDICAT,1,16.22
user_004,G7_S5_ACI_INDICAT,1,14.01
user_004,G7_S5_ACI_INDICAT,1,14.28
user_004,G7_S5_ACI_INDICAT,1,14.48
user_004,G7_S5_ACI_INDICAT,1,13.26
user_004,G7_S5_ACI_INDICAT,1,15.29
user_004,G7_S6_ANI_CLASSIF,1,26.67
user_004,G7_S6_ANI_CLASSIF,1,20.84
user_004,G7_S6_ANI_CLASSIF,0,17.58
user_004,G7_S6_ANI_CLASSIF,1,20.65
user_004,G7_S6_ANI_CLASSIF,1,12.99
user_004,G7_S6_ANI_CLASSIF,1,15.56
user_004,G7_S6_ANI_CLASSIF,1,15.56
user_004,G7_S6_ANI_CLASSIF,0,11.91
user_004,G7_S6_ANI_CLASSIF,1,13.52
user_004,G7_S6_ANI_CLASSIF,1,12.92
user_004,G7_S6_ANI_CLASSIF,1,9.35
user_004,G7_S6_ANI_CLASSIF,1,15.03
user_004,G7_S6_ANI_ADAPTAT,1,28.44
user_004,G7_S6_ANI_ADAPTAT,0,21.57
user_004,G7_S6_ANI_ADAPTAT,0,21.35
user_004,G7_S6_ANI_ADAPTAT,0,21.18
user_004,G7_S6_ANI_ADAPTAT,1,21.12
user_004,G7_S6_ANI_ADAPTAT,1,17.75
user_004,G7_S6_ANI_ADAPTAT,1,15.05
user_004,G7_S6_ANI_ADAPTAT,1,15.56
user_004,G7_S6_ANI_ADAPTAT,1,12.16
user_004,G7_S6_ANI_ADAPTAT,1,10.89
user_004,G7_S6_ANI_ADAPTAT,1,9.1
user_004,G7_S6_ANI_ADAPTAT,1,10.4
user_004,G7_S7_ENE_FORMS,1,22.02
user_004,G7_S7_ENE_FORMS,0,23.76
user_004,G7_S7_ENE_FORMS,1,21.03
user_004,G7_S7_ENE_FORMS,1,16.87
user_004,G7_S7_ENE_FORMS,1,16.1
user_004,G7_S7_ENE_FORMS,0,9.87
user_004,G7_S7_ENE_FORMS,1,17.34
user_004,G7_S7_ENE_FORMS,1,10.48
user_004,G7_S7_ENE_FORMS,1,13.5
user_004,G7_S7_ENE_FORMS,1,12.07
user_004,G7_S7_ENE_FORMS,1,10.67
user_004,G7_S7_ENE_FORMS,1,11.86
user_004,G7_S7_ENE_TRANSF,0,23.37
user_004,G7_S7_ENE_TRANSF,1,21.69
user_004,G7_S7_ENE_TRANSF,1,16.47
user_004,G7_S7_ENE_TRANSF,1,16.12
user_004,G7_S7_ENE_TRANSF,1,10.63
user_004,G7_S7_ENE_TRANSF,1,14.96
user_004,G7_S7_ENE_TRANSF,0,7.79
user_004,G7_S7_ENE_TRANSF,1,13.79
user_004,G7_S7_ENE_TRANSF,1,15.98
user_004,G7_S7_ENE_TRANSF,1,9.45
user_004,G7_S7_ENE_TRANSF,1,11.92
user_004,G7_S7_ENE_TRANSF,1,13.51
user_004,G7_S8_EAR_STRUCT,0,24.93
user_004,G7_S8_EAR_STRUCT,0,23.13
user_004,G7_S8_EAR_STRUCT,0,20.57
user_004,G7_S8_EAR_STRUCT,1,20.55
user_004,G7_S8_EAR_STRUCT,1,21.91
user_004,G7_S8_EAR_STRUCT,1,12.29
user_004,G7_S8_EAR_STRUCT,1,12.7
user_004,G7_S8_EAR_STRUCT,1,13.44
user_004,G7_S8_EAR_STRUCT,1,13.49
user_004,G7_S8_EAR_STRUCT,1,10.58
user_004,G7_S8_EAR_STRUCT,1,17.37
user_004,G7_S8_EAR_STRUCT,0,18.09
user_004,G7_S8_EAR_TECTON,1,27.81
user_004,G7_S8_EAR_TECTON,1,16.24
user_004,G7_S8_EAR_TECTON,1,14.92
user_004,G7_S8_EAR_TECTON,1,12.03
user_004,G7_S8_EAR_TECTON,1,11.59
user_004,G7_S8_EAR_TECTON,1,8.1
user_004,G7_S8_EAR_TECTON,1,9.94
user_004,G7_S8_EAR_TECTON,0,13.51
user_004,G7_S8_EAR_TECTON,0,15.05
user_004,G7_S8_EAR_TECTON,0,17.07
user_004,G7_S8_EAR_TECTON,1,22.78
user_004,G7_S8_EAR_TECTON,1,19.41
user_004,G7_S9_LIG_SHADOWS,0,21.34
user_004,G7_S9_LIG_SHADOWS,1,21.19
user_004,G7_S9_LIG_SHADOWS,0,14.31
user_004,G7_S9_LIG_SHADOWS,0,23.55
user_004,G7_S9_LIG_SHADOWS,0,18.66
user_004,G7_S9_LIG_SHADOWS,0,19.45
user_004,G7_S9_LIG_SHADOWS,0,20.48
user_004,G7_S9_LIG_SHADOWS,1,21.85
user_004,G7_S9_LIG_SHADOWS,1,16.51
user_004,G7_S9_LIG_SHADOWS,1,12.65
user_004,G7_S9_LIG_SHADOWS,1,11.95
user_004,G7_S9_LIG_SHADOWS,1,5.02
user_004,G7_S9_LIG_MIRRORS,1,29.19
user_004,G7_S9_LIG_MIRRORS,0,16.25
user_004,G7_S9_LIG_MIRRORS,0,20.11
user_004,G7_S9_LIG_MIRRORS,1,24.04
user_004,G7_S9_LIG_MIRRORS,1,21.1
user_004,G7_S9_LIG_MIRRORS,1,14.88
user_004,G7_S9_LIG_MIRRORS,1,9.56
user_004,G7_S9_LIG_MIRRORS,1,9.7
user_004,G7_S9_LIG_MIRRORS,1,15.18
user_004,G7_S9_LIG_MIRRORS,1,9.19
user_004,G7_S9_LIG_MIRRORS,1,12.48
user_004,G7_S9_LIG_MIRRORS,0,11.53
user_004,G7_S10_MIC_LIGHT,0,19.82
user_004,G7_S10_MIC_LIGHT,0,24.29
user_004,G7_S10_MIC_LIGHT,0,21.28
user_004,G7_S10_MIC_LIGHT,1,21.23
user_004,G7_S10_MIC_LIGHT,1,15.5
user_004,G7_S10_MIC_LIGHT,1,17.71
user_004,G7_S10_MIC_LIGHT,1,11.81
user_004,G7_S10_MIC_LIGHT,1,11.67
user_004,G7_S10_MIC_LIGHT,1,13.42
user_004,G7_S10_MIC_LIGHT,1,9.84
user_004,G7_S10_MIC_LIGHT,1,13.16
user_004,G7_S10_MIC_LIGHT,1,6.58
user_004,G7_S10_MIC_ELECTR,1,20.67
user_004,G7_S10_MIC_ELECTR,1,20.31
user_004,G7_S10_MIC_ELECTR,1,14.05
user_004,G7_S10_MIC_ELECTR,1,11.08
user_004,G7_S10_MIC_ELECTR,1,10.37
user_004,G7_S10_MIC_ELECTR,1,7.28
user_004,G7_S10_MIC_ELECTR,1,12.99
user_004,G7_S10_MIC_ELECTR,1,12.98
user_004,G7_S10_MIC_ELECTR,1,9.81
user_004,G7_S10_MIC_ELECTR,1,11.79
user_004,G7_S10_MIC_ELECTR,1,14.37
user_004,G7_S10_MIC_ELECTR,1,11.42
user_004,G8_S1_BIO_DIVER,0,25.56
user_004,G8_S1_BIO_DIVER,0,20.22
user_004,G8_S1_BIO_DIVER,1,22.7
user_004,G8_S1_BIO_DIVER,0,16.31
user_004,G8_S1_BIO_DIVER,1,18.99
user_004,G8_S1_BIO_DIVER,1,19.91
user_004,G8_S1_BIO_DIVER,1,14.3
user_004,G8_S1_BIO_DIVER,1,13.32
user_004,G8_S1_BIO_DIVER,1,12.18
user_004,G8_S1_BIO_DIVER,1,14.83
user_004,G8_S1_BIO_DIVER,1,17.13
user_004,G8_S1_BIO_DIVER,1,12.34
user_004,G8_S1_BIO_CLASSIF,0,20.49
user_004,G8_S1_BIO_CLASSIF,1,22.22
user_004,G8_S1_BIO_CLASSIF,0,16.93
user_004,G8_S1_BIO_CLASSIF,0,23.22
user_004,G8_S1_BIO_CLASSIF,0,21.7
user_004,G8_S1_BIO_CLASSIF,1,20.91
user_004,G8_S1_BIO_CLASSIF,0,21.07
user_004,G8_S1_BIO_CLASSIF,0,21.09
user_004,G8_S1_BIO_CLASSIF,0,19.69
user_004,G8_S1_BIO_CLASSIF,1,26.73
user_004,G8_S1_BIO_CLASSIF,1,18.04
user_004,G8_S1_BIO_CLASSIF,1,16.4
user_004,G8_S2_TIS_PLANT,0,19.43
user_004,G8_S2_TIS_PLANT,1,19.51
user_004,G8_S2_TIS_PLANT,1,11.89
user_004,G8_S2_TIS_PLANT,1,10.58
user_004,G8_S2_TIS_PLANT,1,10.74
user_004,G8_S2_TIS_PLANT,1,13.9
user_004,G8_S2_TIS_PLANT,1,10.25
user_004,G8_S2_TIS_PLANT,1,11.52
user_004,G8_S2_TIS_PLANT,1,11.69
user_004,G8_S2_TIS_PLANT,1,15.05
user_004,G8_S2_TIS_PLANT,1,11.26
user_004,G8_S2_TIS_PLANT,1,11.4
user_004,G8_S2_TIS_ANIMAL,0,25.67
user_004,G8_S2_TIS_ANIMAL,0,21.61
user_004,G8_S2_TIS_ANIMAL,0,23.61
user_004,G8_S2_TIS_ANIMAL,0,21.44
user_004,G8_S2_TIS_ANIMAL,1,13.89
user_004,G8_S2_TIS_ANIMAL,1,16.55
user_004,G8_S2_TIS_ANIMAL,1,11.79
user_004,G8_S2_TIS_ANIMAL,1,11.8
user_004,G8_S2_TIS_ANIMAL,1,13.79
user_004,G8_S2_TIS_ANIMAL,1,15.21
user_004,G8_S2_TIS_ANIMAL,0,12.71
user_004,G8_S2_TIS_ANIMAL,1,12.99
user_004,G8_S3_PHO_PROCESS,1,25.41
user_004,G8_S3_PHO_PROCESS,0,15.8
user_004,G8_S3_PHO_PROCESS,0,19.55
user_004,G8_S3_PHO_PROCESS,0,24.18
user_004,G8_S3_PHO_PROCESS,1,22.19
user_004,G8_S3_PHO_PROCESS,0,19.06
user_004,G8_S3_PHO_PROCESS,1,18.21
user_004,G8_S3_PHO_PROCESS,1,15.74
user_004,G8_S3_PHO_PROCESS,1,11.12
user_004,G8_S3_PHO_PROCESS,1,15.64
user_004,G8_S3_PHO_PROCESS,1,13.18
user_004,G8_S3_PHO_PROCESS,1,14.09
user_004,G8_S3_PHO_IMPORT,0,26.63
user_004,G8_S3_PHO_IMPORT,0,19.66
user_004,G8_S3_PHO_IMPORT,0,18.08
user_004,G8_S3_PHO_IMPORT,0,17.94
user_004,G8_S3_PHO_IMPORT,1,22.09
user_004,G8_S3_PHO_IMPORT,0,15.17
user_004,G8_S3_PHO_IMPORT,0,19.15
user_004,G8_S3_PHO_IMPORT,1,24.95
user_004,G8_S3_PHO_IMPORT,1,18.19
user_004,G8_S3_PHO_IMPORT,0,17.59
user_004,G8_S3_PHO_IMPORT,0,13.61
user_004,G8_S3_PHO_IMPORT,1,25.31
user_004,G8_S4_MAT_ELEMENTS,1,26.27
user_004,G8_S4_MAT_ELEMENTS,0,18.32
user_004,G8_S4_MAT_ELEMENTS,0,19.02
user_004,G8_S4_MAT_ELEMENTS,0,23.88
user_004,G8_S4_MAT_ELEMENTS,0,21.27
user_004,G8_S4_MAT_ELEMENTS,1,19.84
user_004,G8_S4_MAT_ELEMENTS,1,15.0
user_004,G8_S4_MAT_ELEMENTS,1,13.28
user_004,G8_S4_MAT_ELEMENTS,0,12.77
user_004,G8_S4_MAT_ELEMENTS,1,17.14
user_004,G8_S4_MAT_ELEMENTS,1,13.68
user_004,G8_S4_MAT_ELEMENTS,1,7.02
user_004,G8_S4_MAT_COMPOUNDS,1,20.11
user_004,G8_S4_MAT_COMPOUNDS,1,19.18
user_004,G8_S4_MAT_COMPOUNDS,0,13.99
user_004,G8_S4_MAT_COMPOUNDS,0,16.26
user_004,G8_S4_MAT_COMPOUNDS,1,24.48
user_004,G8_S4_MAT_COMPOUNDS,0,13.19
user_004,G8_S4_MAT_COMPOUNDS,0,23.18
user_004,G8_S4_MAT_COMPOUNDS,0,24.48
user_004,G8_S4_MAT_COMPOUNDS,0,21.54
user_004,G8_S4_MAT_COMPOUNDS,0,21.74
user_004,G8_S4_MAT_COMPOUNDS,0,20.93
user_004,G8_S4_MAT_COMPOUNDS,0,21.2
user_004,G8_S5_MAT_DENSITY,1,19.43
user_004,G8_S5_MAT_DENSITY,1,18.4
user_004,G8_S5_MAT_DENSITY,1,12.37
user_004,G8_S5_MAT_DENSITY,1,17.28
user_004,G8_S5_MAT_DENSITY,1,11.88
user_004,G8_S5_MAT_DENSITY,1,14.24
user_004,G8_S5_MAT_DENSITY,1,13.28
user_004,G8_S5_MAT_DENSITY,1,13.69
user_004,G8_S5_MAT_DENSITY,1,10.52
user_004,G8_S5_MAT_DENSITY,1,12.0
user_004,G8_S5_MAT_DENSITY,1,14.51
user_004,G8_S5_MAT_DENSITY,1,15.06
user_004,G8_S5_MAT_THERMAL,1,25.91
user_004,G8_S5_MAT_THERMAL,1,21.02
user_004,G8_S5_MAT_THERMAL,1,17.37
user_004,G8_S5_MAT_THERMAL,1,15.21
user_004,G8_S5_MAT_THERMAL,1,14.84
user_004,G8_S5_MAT_THERMAL,1,13.08
user_004,G8_S5_MAT_THERMAL,1,8.37
user_004,G8_S5_MAT_THERMAL,1,9.65
user_004,G8_S5_MAT_THERMAL,1,10.47
user_004,G8_S5_MAT_THERMAL,1,16.25
user_004,G8_S5_MAT_THERMAL,1,5.83
user_004,G8_S5_MAT_THERMAL,1,10.81
user_004,G8_S6_CHA_PHYSICAL,0,25.89
user_004,G8_S6_CHA_PHYSICAL,0,25.11
user_004,G8_S6_CHA_PHYSICAL,0,18.24
user_004,G8_S6_CHA_PHYSICAL,0,22.73
user_004,G8_S6_CHA_PHYSICAL,0,21.91
user_004,G8_S6_CHA_PHYSICAL,0,23.42
user_004,G8_S6_CHA_PHYSICAL,0,23.76
user_004,G8_S6_CHA_PHYSICAL,0,20.47
user_004,G8_S6_CHA_PHYSICAL,0,22.92
user_004,G8_S6_CHA_PHYSICAL,0,16.9
user_004,G8_S6_CHA_PHYSICAL,1,19.51
user_004,G8_S6_CHA_PHYSICAL,1,17.77
user_004,G8_S6_CHA_BURNING,1,23.29
user_004,G8_S6_CHA_BURNING,1,16.4
user_004,G8_S6_CHA_BURNING,1,17.42
user_004,G8_S6_CHA_BURNING,1,9.42
user_004,G8_S6_CHA_BURNING,1,13.27
user_004,G8_S6_CHA_BURNING,1,9.4
user_004,G8_S6_CHA_BURNING,1,9.99
user_004,G8_S6_CHA_BURNING,0,10.09
user_004,G8_S6_CHA_BURNING,1,10.69
user_004,G8_S6_CHA_BURNING,1,16.12
user_004,G8_S6_CHA_BURNING,1,8.35
user_004,G8_S6_CHA_BURNING,1,13.85
user_004,G8_S7_FOR_TYPES,1,22.42
user_004,G8_S7_FOR_TYPES,0,17.96
user_004,G8_S7_FOR_TYPES,0,18.13
user_004,G8_S7_FOR_TYPES,0,22.0
user_004,G8_S7_FOR_TYPES,0,22.43
user_004,G8_S7_FOR_TYPES,0,20.44
user_004,G8_S7_FOR_TYPES,1,25.2
user_004,G8_S7_FOR_TYPES,0,19.59
user_004,G8_S7_FOR_TYPES,1,17.27
user_004,G8_S7_FOR_TYPES,1,15.8
user_004,G8_S7_FOR_TYPES,1,16.88
user_004,G8_S7_FOR_TYPES,1,8.91
user_004,G8_S7_FOR_PRESSURE,1,23.75
user_004,G8_S7_FOR_PRESSURE,0,20.31
user_004,G8_S7_FOR_PRESSURE,0,19.98
user_004,G8_S7_FOR_PRESSURE,0,20.97
user_004,G8_S7_FOR_PRESSURE,1,16.96
user_004,G8_S7_FOR_PRESSURE,1,15.03
user_004,G8_S7_FOR_PRESSURE,0,7.5
user_004,G8_S7_FOR_PRESSURE,1,21.1
user_004,G8_S7_FOR_PRESSURE,1,21.35
user_004,G8_S7_FOR_PRESSURE,1,13.05
user_004,G8_S7_FOR_PRESSURE,1,11.64
user_004,G8_S7_FOR_PRESSURE,1,14.39
user_004,G8_S8_STA_PHENOM,1,21.64
user_004,G8_S8_STA_PHENOM,1,15.13
user_004,G8_S8_STA_PHENOM,0,16.32
user_004,G8_S8_STA_PHENOM,0,17.32
user_004,G8_S8_STA_PHENOM,1,19.73
user_004,G8_S8_STA_PHENOM,1,18.44
user_004,G8_S8_STA_PHENOM,1,12.01
user_004,G8_S8_STA_PHENOM,1,10.15
user_004,G8_S8_STA_PHENOM,1,16.32
user_004,G8_S8_STA_PHENOM,1,10.07
user_004,G8_S8_STA_PHENOM,0,11.54
user_004,G8_S8_STA_PHENOM,1,11.67
user_004,G8_S8_STA_LIGHTNG,1,22.43
user_004,G8_S8_STA_LIGHTNG,1,16.26
user_004,G8_S8_STA_LIGHTNG,0,17.45
user_004,G8_S8_STA_LIGHTNG,1,21.18
user_004,G8_S8_STA_LIGHTNG,1,15.57
user_004,G8_S8_STA_LIGHTNG,1,9.58
user_004,G8_S8_STA_LIGHTNG,1,9.23
user_004,G8_S8_STA_LIGHTNG,1,11.99
user_004,G8_S8_STA_LIGHTNG,1,13.44
user_004,G8_S8_STA_LIGHTNG,1,15.16
user_004,G8_S8_STA_LIGHTNG,1,12.38
user_004,G8_S8_STA_LIGHTNG,1,14.97
user_004,G9_S1_SYS_DIGEST,0,18.47
user_004,G9_S1_SYS_DIGEST,0,26.77
user_004,G9_S1_SYS_DIGEST,0,23.77
user_004,G9_S1_SYS_DIGEST,0,23.45
user_004,G9_S1_SYS_DIGEST,1,20.85
user_004,G9_S1_SYS_DIGEST,0,10.99
user_004,G9_S1_SYS_DIGEST,0,19.73
user_004,G9_S1_SYS_DIGEST,0,21.68
user_004,G9_S1_SYS_DIGEST,1,17.73
user_004,G9_S1_SYS_DIGEST,0,18.46
user_004,G9_S1_SYS_DIGEST,1,17.8
user_004,G9_S1_SYS_DIGEST,1,13.5
user_004,G9_S1_SYS_CIRCUL,1,20.61
user_004,G9_S1_SYS_CIRCUL,1,21.87
user_004,G9_S1_SYS_CIRCUL,1,9.92
user_004,G9_S1_SYS_CIRCUL,1,13.15
user_004,G9_S1_SYS_CIRCUL,0,12.77
user_004,G9_S1_SYS_CIRCUL,1,12.08
user_004,G9_S1_SYS_CIRCUL,0,12.43
user_004,G9_S1_SYS_CIRCUL,1,11.91
user_004,G9_S1_SYS_CIRCUL,1,11.41
user_004,G9_S1_SYS_CIRCUL,1,12.49
user_004,G9_S1_SYS_CIRCUL,0,13.37
user_004,G9_S1_SYS_CIRCUL,1,10.64
user_004,G9_S2_RHY_EARTH,1,18.24
user_004,G9_S2_RHY_EARTH,1,18.42
user_004,G9_S2_RHY_EARTH,1,13.04
user_004,G9_S2_RHY_EARTH,1,17.12
user_004,G9_S2_RHY_EARTH,1,13.66
user_004,G9_S2_RHY_EARTH,1,15.01
user_004,G9_S2_RHY_EARTH,1,12.81
user_004,G9_S2_RHY_EARTH,1,10.4
user_004,G9_S2_RHY_EARTH,1,13.6
user_004,G9_S2_RHY_EARTH,1,7.59
user_004,G9_S2_RHY_EARTH,1,15.57
user_004,G9_S2_RHY_EARTH,1,16.56
user_004,G9_S2_RHY_CLIMATE,0,27.04
user_004,G9_S2_RHY_CLIMATE,1,21.7
user_004,G9_S2_RHY_CLIMATE,1,16.75
user_004,G9_S2_RHY_CLIMATE,1,13.02
user_004,G9_S2_RHY_CLIMATE,1,10.24
user_004,G9_S2_RHY_CLIMATE,1,9.17
user_004,G9_S2_RHY_CLIMATE,1,10.56
user_004,G9_S2_RHY_CLIMATE,1,13.38
user_004,G9_S2_RHY_CLIMATE,1,9.86
user_004,G9_S2_RHY_CLIMATE,1,11.68
user_004,G9_S2_RHY_CLIMATE,1,15.13
user_004,G9_S2_RHY_CLIMATE,1,15.99
user_004,G9_S3_LIG_REFRAC,0,19.49
user_004,G9_S3_LIG_REFRAC,0,23.03
user_004,G9_S3_LIG_REFRAC,0,26.96
user_004,G9_S3_LIG_REFRAC,0,23.12
user_004,G9_S3_LIG_REFRAC,0,16.87
user_004,G9_S3_LIG_REFRAC,0,23.99
user_004,G9_S3_LIG_REFRAC,0,21.64
user_004,G9_S3_LIG_REFRAC,0,22.84
user_004,G9_S3_LIG_REFRAC,0,22.33
user_004,G9_S3_LIG_REFRAC,0,17.81
user_004,G9_S3_LIG_REFRAC,0,22.49
user_004,G9_S3_LIG_REFRAC,0,23.8
user_004,G9_S3_LIG_LENSES,1,19.49
user_004,G9_S3_LIG_LENSES,0,18.68
user_004,G9_S3_LIG_LENSES,1,22.17
user_004,G9_S3_LIG_LENSES,1,17.98
user_004,G9_S3_LIG_LENSES,1,13.87
user_004,G9_S3_LIG_LENSES,1,14.35
user_004,G9_S3_LIG_LENSES,1,15.6
user_004,G9_S3_LIG_LENSES,1,10.9
user_004,G9_S3_LIG_LENSES,0,9.75
user_004,G9_S3_LIG_LENSES,1,10.18
user_004,G9_S3_LIG_LENSES,1,14.83
user_004,G9_S3_LIG_LENSES,0,14.8
user_004,G9_S4_SOU_PROPAG,0,27.92
user_004,G9_S4_SOU_PROPAG,0,20.76
user_004,G9_S4_SOU_PROPAG,1,16.07
user_004,G9_S4_SOU_PROPAG,0,18.95
user_004,G9_S4_SOU_PROPAG,0,19.88
user_004,G9_S4_SOU_PROPAG,0,23.7
user_004,G9_S4_SOU_PROPAG,0,20.8
user_004,G9_S4_SOU_PROPAG,1,22.77
user_004,G9_S4_SOU_PROPAG,0,16.09
user_004,G9_S4_SOU_PROPAG,1,21.7
user_004,G9_S4_SOU_PROPAG,0,16.12
user_004,G9_S4_SOU_PROPAG,1,22.06
user_004,G9_S4_SOU_HEARING,0,21.77
user_004,G9_S4_SOU_HEARING,0,20.89
user_004,G9_S4_SOU_HEARING,1,21.88
user_004,G9_S4_SOU_HEARING,0,14.59
user_004,G9_S4_SOU_HEARING,0,19.7
user_004,G9_S4_SOU_HEARING,1,20.22
user_004,G9_S4_SOU_HEARING,1,15.8
user_004,G9_S4_SOU_HEARING,0,15.46
user_004,G9_S4_SOU_HEARING,1,12.01
user_004,G9_S4_SOU_HEARING,1,8.48
user_004,G9_S4_SOU_HEARING,1,10.63
user_004,G9_S4_SOU_HEARING,1,7.21
user_004,G9_S5_HEA_EXPANS,0,25.51
user_004,G9_S5_HEA_EXPANS,0,20.83
user_004,G9_S5_HEA_EXPANS,0,22.51
user_004,G9_S5_HEA_EXPANS,0,17.54
user_004,G9_S5_HEA_EXPANS,1,25.92
user_004,G9_S5_HEA_EXPANS,1,16.18
user_004,G9_S5_HEA_EXPANS,1,16.06
user_004,G9_S5_HEA_EXPANS,1,11.74
user_004,G9_S5_HEA_EXPANS,1,8.19
user_004,G9_S5_HEA_EXPANS,1,7.71
user_004,G9_S5_HEA_EXPANS,1,13.12
user_004,G9_S5_HEA_EXPANS,1,11.92
user_004,G9_S5_HEA_TRANSF,0,22.03
user_004,G9_S5_HEA_TRANSF,1,20.65
user_004,G9_S5_HEA_TRANSF,1,18.35
user_004,G9_S5_HEA_TRANSF,0,16.89
user_004,G9_S5_HEA_TRANSF,0,16.32
user_004,G9_S5_HEA_TRANSF,0,21.13
user_004,G9_S5_HEA_TRANSF,0,22.42
user_004,G9_S5_HEA_TRANSF,0,22.83
user_004,G9_S5_HEA_TRANSF,0,20.79
user_004,G9_S5_HEA_TRANSF,0,21.72
user_004,G9_S5_HEA_TRANSF,1,17.21
user_004,G9_S5_HEA_TRANSF,1,15.79
user_004,G9_S6_NAT_ATOMS,0,23.72
user_004,G9_S6_NAT_ATOMS,0,22.07
user_004,G9_S6_NAT_ATOMS,1,24.96
user_004,G9_S6_NAT_ATOMS,0,19.45
user_004,G9_S6_NAT_ATOMS,0,18.3
user_004,G9_S6_NAT_ATOMS,1,17.14
user_004,G9_S6_NAT_ATOMS,1,16.81
user_004,G9_S6_NAT_ATOMS,1,12.72
user_004,G9_S6_NAT_ATOMS,1,7.0
user_004,G9_S6_NAT_ATOMS,1,13.13
user_004,G9_S6_NAT_ATOMS,1,13.15
user_004,G9_S6_NAT_ATOMS,1,13.22
user_004,G9_S6_NAT_CONFIG,0,23.64
user_004,G9_S6_NAT_CONFIG,1,19.26
user_004,G9_S6_NAT_CONFIG,0,17.85
user_004,G9_S6_NAT_CONFIG,0,19.11
user_004,G9_S6_NAT_CONFIG,0,21.99
user_004,G9_S6_NAT_CONFIG,0,25.72
user_004,G9_S6_NAT_CONFIG,0,25.11
user_004,G9_S6_NAT_CONFIG,1,21.13
user_004,G9_S6_NAT_CONFIG,0,15.86
user_004,G9_S6_NAT_CONFIG,0,19.36
user_004,G9_S6_NAT_CONFIG,0,21.42
user_004,G9_S6_NAT_CONFIG,1,18.24
user_004,G9_S7_ACI_SALTS,1,24.49
user_004,G9_S7_ACI_SALTS,0,21.5
user_004,G9_S7_ACI_SALTS,0,16.34
user_004,G9_S7_ACI_SALTS,1,23.76
user_004,G9_S7_ACI_SALTS,1,19.57
user_004,G9_S7_ACI_SALTS,1,11.53
user_004,G9_S7_ACI_SALTS,1,12.49
user_004,G9_S7_ACI_SALTS,1,12.34
user_004,G9_S7_ACI_SALTS,1,9.3
user_004,G9_S7_ACI_SALTS,1,8.08
user_004,G9_S7_ACI_SALTS,1,12.68
user_004,G9_S7_ACI_SALTS,1,8.51
user_004,G9_S7_ACI_NEUTRAL,0,20.48
user_004,G9_S7_ACI_NEUTRAL,0,21.54
user_004,G9_S7_ACI_NEUTRAL,0,23.28
user_004,G9_S7_ACI_NEUTRAL,0,22.15
user_004,G9_S7_ACI_NEUTRAL,0,18.87
user_004,G9_S7_ACI_NEUTRAL,1,18.79
user_004,G9_S7_ACI_NEUTRAL,1,17.34
user_004,G9_S7_ACI_NEUTRAL,1,14.87
user_004,G9_S7_ACI_NEUTRAL,1,9.86
user_004,G9_S7_ACI_NEUTRAL,1,15.32
user_004,G9_S7_ACI_NEUTRAL,1,12.61
user_004,G9_S7_ACI_NEUTRAL,1,8.66
user_005,G6_S1_ORG_CHARS,1,22.88
user_005,G6_S1_ORG_CHARS,0,13.98
user_005,G6_S1_ORG_CHARS,0,22.87
user_005,G6_S1_ORG_CHARS,1,25.04
user_005,G6_S1_ORG_CHARS,0,16.93
user_005,G6_S1_ORG_CHARS,1,23.78
user_005,G6_S1_ORG_CHARS,0,16.82
user_005,G6_S1_ORG_CHARS,0,20.38
user_005,G6_S1_ORG_CHARS,0,23.71
user_005,G6_S1_ORG_CHARS,0,25.65
user_005,G6_S1_ORG_CHARS,1,24.92
user_005,G6_S1_ORG_CHARS,1,15.21
user_005,G6_S1_ORG_CLASS,0,22.97
user_005,G6_S1_ORG_CLASS,0,25.27
user_005,G6_S1_ORG_CLASS,0,21.34
user_005,G6_S1_ORG_CLASS,0,22.81
user_005,G6_S1_ORG_CLASS,0,20.64
user_005,G6_S1_ORG_CLASS,0,23.04
user_005,G6_S1_ORG_CLASS,0,22.88
user_005,G6_S1_ORG_CLASS,0,20.99
user_005,G6_S1_ORG_CLASS,0,20.86
user_005,G6_S1_ORG_CLASS,0,22.69
user_005,G6_S1_ORG_CLASS,0,23.44
user_005,G6_S1_ORG_CLASS,1,21.6
user_005,G6_S2_MAT_STATES,0,23.04
user_005,G6_S2_MAT_STATES,0,22.18
user_005,G6_S2_MAT_STATES,0,22.72
user_005,G6_S2_MAT_STATES,0,23.61
user_005,G6_S2_MAT_STATES,0,22.51
user_005,G6_S2_MAT_STATES,0,18.35
user_005,G6_S2_MAT_STATES,1,26.3
user_005,G6_S2_MAT_STATES,1,16.7
user_005,G6_S2_MAT_STATES,0,6.25
user_005,G6_S2_MAT_STATES,0,18.39
user_005,G6_S2_MAT_STATES,0,19.91
user_005,G6_S2_MAT_STATES,0,25.27
user_005,G6_S2_MAT_PROPS,1,20.36
user_005,G6_S2_MAT_PROPS,0,20.64
user_005,G6_S2_MAT_PROPS,0,23.11
user_005,G6_S2_MAT_PROPS,1,24.32
user_005,G6_S2_MAT_PROPS,0,20.43
user_005,G6_S2_MAT_PROPS,0,21.91
user_005,G6_S2_MAT_PROPS,1,19.11
user_005,G6_S2_MAT_PROPS,0,17.27
user_005,G6_S2_MAT_PROPS,0,19.54
user_005,G6_S2_MAT_PROPS,0,22.32
user_005,G6_S2_MAT_PROPS,1,21.19
user_005,G6_S2_MAT_PROPS,1,12.05
user_005,G6_S4_ENE_SOURCES,1,21.2
user_005,G6_S4_ENE_SOURCES,1,16.29
user_005,G6_S4_ENE_SOURCES,1,12.18
user_005,G6_S4_ENE_SOURCES,1,7.9
user_005,G6_S4_ENE_SOURCES,1,8.24
user_005,G6_S4_ENE_SOURCES,1,13.31
user_005,G6_S4_ENE_SOURCES,1,12.72
user_005,G6_S4_ENE_SOURCES,1,9.91
user_005,G6_S4_ENE_SOURCES,1,12.74
user_005,G6_S4_ENE_SOURCES,1,11.44
user_005,G6_S4_ENE_SOURCES,1,14.62
user_005,G6_S4_ENE_SOURCES,1,12.66
user_005,G6_S8_ELE_CIRCUITS,0,17.71
user_005,G6_S8_ELE_CIRCUITS,0,20.65
user_005,G6_S8_ELE_CIRCUITS,1,24.64
user_005,G6_S8_ELE_CIRCUITS,1,14.12
user_005,G6_S8_ELE_CIRCUITS,0,11.01
user_005,G6_S8_ELE_CIRCUITS,1,12.57
user_005,G6_S8_ELE_CIRCUITS,1,11.72
user_005,G6_S8_ELE_CIRCUITS,1,10.82
user_005,G6_S8_ELE_CIRCUITS,1,15.63
user_005,G6_S8_ELE_CIRCUITS,1,13.69
user_005,G6_S8_ELE_CIRCUITS,0,12.23
user_005,G6_S8_ELE_CIRCUITS,1,14.2
user_005,G6_S8_ELE_CONDINS,0,16.51
user_005,G6_S8_ELE_CONDINS,1,18.93
user_005,G6_S8_ELE_CONDINS,0,16.75
user_005,G6_S8_ELE_CONDINS,1,23.01
user_005,G6_S8_ELE_CONDINS,1,15.08
user_005,G6_S8_ELE_CONDINS,1,13.54
user_005,G6_S8_ELE_CONDINS,1,11.01
user_005,G6_S8_ELE_CONDINS,1,11.95
user_005,G6_S8_ELE_CONDINS,1,10.19
user_005,G6_S8_ELE_CONDINS,1,11.73
user_005,G6_S8_ELE_CONDINS,1,16.25
user_005,G6_S8_ELE_CONDINS,0,10.67
user_005,G7_S1_PLA_DIVER,1,23.9
user_005,G7_S1_PLA_DIVER,1,15.96
user_005,G7_S1_PLA_DIVER,0,12.63
user_005,G7_S1_PLA_DIVER,1,23.91
user_005,G7_S1_PLA_DIVER,1,13.39
user_005,G7_S1_PLA_DIVER,0,10.07
user_005,G7_S1_PLA_DIVER,1,13.89
user_005,G7_S1_PLA_DIVER,0,11.62
user_005,G7_S1_PLA_DIVER,1,17.68
user_005,G7_S1_PLA_DIVER,1,15.03
user_005,G7_S1_PLA_DIVER,1,12.25
user_005,G7_S1_PLA_DIVER,1,13.07
user_005,G7_S1_PLA_CLASSIF,1,25.1
user_005,G7_S1_PLA_CLASSIF,1,15.78
user_005,G7_S1_PLA_CLASSIF,1,12.06
user_005,G7_S1_PLA_CLASSIF,1,10.68
user_005,G7_S1_PLA_CLASSIF,1,13.61
user_005,G7_S1_PLA_CLASSIF,1,9.97
user_005,G7_S1_PLA_CLASSIF,1,12.51
user_005,G7_S1_PLA_CLASSIF,1,10.72
user_005,G7_S1_PLA_CLASSIF,1,16.19
user_005,G7_S1_PLA_CLASSIF,1,11.39
user_005,G7_S1_PLA_CLASSIF,1,10.75
user_005,G7_S1_PLA_CLASSIF,0,12.54
user_005,G7_S2_STA_CHARGES,0,20.41
user_005,G7_S2_STA_CHARGES,0,28.19
user_005,G7_S2_STA_CHARGES,0,21.2
user_005,G7_S2_STA_CHARGES,1,20.69
user_005,G7_S2_STA_CHARGES,1,17.29
user_005,G7_S2_STA_CHARGES,1,15.35
user_005,G7_S2_STA_CHARGES,1,12.13
user_005,G7_S2_STA_CHARGES,1,12.05
user_005,G7_S2_STA_CHARGES,1,10.11
user_005,G7_S2_STA_CHARGES,1,14.31
user_005,G7_S2_STA_CHARGES,1,14.3
user_005,G7_S2_STA_CHARGES,1,10.99
user_005,G7_S2_STA_CAPACIT,1,19.79
user_005,G7_S2_STA_CAPACIT,1,18.44
user_005,G7_S2_STA_CAPACIT,1,16.52
user_005,G7_S2_STA_CAPACIT,1,12.5
user_005,G7_S2_STA_CAPACIT,1,10.91
user_005,G7_S2_STA_CAPACIT,0,17.79
user_005,G7_S2_STA_CAPACIT,1,14.95
user_005,G7_S2_STA_CAPACIT,0,14.89
user_005,G7_S2_STA_CAPACIT,1,12.44
user_005,G7_S2_STA_CAPACIT,0,9.05
user_005,G7_S2_STA_CAPACIT,1,12.76
user_005,G7_S2_STA_CAPACIT,1,12.29
user_005,G7_S3_ELE_SOURCES,0,20.83
user_005,G7_S3_ELE_SOURCES,1,22.21
user_005,G7_S3_ELE_SOURCES,0,15.58
user_005,G7_S3_ELE_SOURCES,0,20.18
user_005,G7_S3_ELE_SOURCES,1,24.73
user_005,G7_S3_ELE_SOURCES,1,17.36
user_005,G7_S3_ELE_SOURCES,1,15.87
user_005,G7_S3_ELE_SOURCES,1,13.9
user_005,G7_S3_ELE_SOURCES,1,7.65
user_005,G7_S3_ELE_SOURCES,1,8.63
user_005,G7_S3_ELE_SOURCES,1,14.96
user_005,G7_S3_ELE_SOURCES,1,15.92
user_005,G7_S3_ELE_CURRENTS,1,21.35
user_005,G7_S3_ELE_CURRENTS,0,20.17
user_005,G7_S3_ELE_CURRENTS,0,24.28
user_005,G7_S3_ELE_CURRENTS,0,23.68
user_005,G7_S3_ELE_CURRENTS,0,22.42
user_005,G7_S3_ELE_CURRENTS,0,19.91
user_005,G7_S3_ELE_CURRENTS,0,17.24
user_005,G7_S3_ELE_CURRENTS,1,24.13
user_005,G7_S3_ELE_CURRENTS,1,19.32
user_005,G7_S3_ELE_CURRENTS,1,15.32
user_005,G7_S3_ELE_CURRENTS,1,13.77
user_005,G7_S3_ELE_CURRENTS,0,12.29
user_005,G7_S4_WAT_SOLVENT,0,23.92
user_005,G7_S4_WAT_SOLVENT,0,23.18
user_005,G7_S4_WAT_SOLVENT,0,18.34
user_005,G7_S4_WAT_SOLVENT,0,20.59
user_005,G7_S4_WAT_SOLVENT,1,22.81
user_005,G7_S4_WAT_SOLVENT,1,18.74
user_005,G7_S4_WAT_SOLVENT,1,15.18
user_005,G7_S4_WAT_SOLVENT,1,8.25
user_005,G7_S4_WAT_SOLVENT,1,11.62
user_005,G7_S4_WAT_SOLVENT,1,12.27
user_005,G7_S4_WAT_SOLVENT,1,16.52
user_005,G7_S4_WAT_SOLVENT,1,10.9
user_005,G7_S4_WAT_COOLANT,0,23.78
user_005,G7_S4_WAT_COOLANT,0,20.16
user_005,G7_S4_WAT_COOLANT,0,21.73
user_005,G7_S4_WAT_COOLANT,1,22.9
user_005,G7_S4_WAT_COOLANT,0,21.36
user_005,G7_S4_WAT_COOLANT,0,22.24
user_005,G7_S4_WAT_COOLANT,0,23.76
user_005,G7_S4_WAT_COOLANT,0,19.17
user_005,G7_S4_WAT_COOLANT,0,23.78
user_005,G7_S4_WAT_COOLANT,0,23.65
user_005,G7_S4_WAT_COOLANT,0,22.12
user_005,G7_S4_WAT_COOLANT,1,22.4
user_005,G7_S5_ACI_IDENTIF,0,22.77
user_005,G7_S5_ACI_IDENTIF,1,22.76
user_005,G7_S5_ACI_IDENTIF,1,19.62
user_005,G7_S5_ACI_IDENTIF,1,13.11
user_005,G7_S5_ACI_IDENTIF,1,15.45
user_005,G7_S5_ACI_IDENTIF,1,11.21
user_005,G7_S5_ACI_IDENTIF,1,15.53
user_005,G7_S5_ACI_IDENTIF,1,14.42
user_005,G7_S5_ACI_IDENTIF,0,13.86
user_005,G7_S5_ACI_IDENTIF,1,9.64
user_005,G7_S5_ACI_IDENTIF,1,11.95
user_005,G7_S5_ACI_IDENTIF,1,11.22
user_005,G7_S5_ACI_INDICAT,0,24.72
user_005,G7_S5_ACI_INDICAT,0,21.87
user_005,G7_S5_ACI_INDICAT,0,18.76
user_005,G7_S5_ACI_INDICAT,1,26.03
user_005,G7_S5_ACI_INDICAT,1,17.53
user_005,G7_S5_ACI_INDICAT,0,15.37
user_005,G7_S5_ACI_INDICAT,0,18.38
user_005,G7_S5_ACI_INDICAT,0,17.35
user_005,G7_S5_ACI_INDICAT,0,21.19
user_005,G7_S5_ACI_INDICAT,0,20.3
user_005,G7_S5_ACI_INDICAT,1,23.84
user_005,G7_S5_ACI_INDICAT,1,12.28
user_005,G7_S6_ANI_CLASSIF,1,18.96
user_005,G7_S6_ANI_CLASSIF,0,20.55
user_005,G7_S6_ANI_CLASSIF,0,20.75
user_005,G7_S6_ANI_CLASSIF,0,19.35
user_005,G7_S6_ANI_CLASSIF,1,22.38
user_005,G7_S6_ANI_CLASSIF,0,15.46
user_005,G7_S6_ANI_CLASSIF,1,20.68
user_005,G7_S6_ANI_CLASSIF,1,16.91
user_005,G7_S6_ANI_CLASSIF,1,11.51
user_005,G7_S6_ANI_CLASSIF,1,8.42
user_005,G7_S6_ANI_CLASSIF,1,12.22
user_005,G7_S6_ANI_CLASSIF,1,11.45
user_005,G7_S6_ANI_ADAPTAT,0,20.99
user_005,G7_S6_ANI_ADAPTAT,1,21.64
user_005,G7_S6_ANI_ADAPTAT,1,21.0
user_005,G7_S6_ANI_ADAPTAT,1,15.75
user_005,G7_S6_ANI_ADAPTAT,1,14.23
user_005,G7_S6_ANI_ADAPTAT,0,11.55
user_005,G7_S6_ANI_ADAPTAT,1,13.05
user_005,G7_S6_ANI_ADAPTAT,1,13.43
user_005,G7_S6_ANI_ADAPTAT,0,14.38
user_005,G7_S6_ANI_ADAPTAT,1,12.74
user_005,G7_S6_ANI_ADAPTAT,1,12.28
user_005,G7_S6_ANI_ADAPTAT,1,10.49
user_005,G7_S7_ENE_FORMS,1,21.47
user_005,G7_S7_ENE_FORMS,1,17.74
user_005,G7_S7_ENE_FORMS,1,13.42
user_005,G7_S7_ENE_FORMS,1,17.92
user_005,G7_S7_ENE_FORMS,0,13.71
user_005,G7_S7_ENE_FORMS,1,14.76
user_005,G7_S7_ENE_FORMS,1,10.5
user_005,G7_S7_ENE_FORMS,1,14.67
user_005,G7_S7_ENE_FORMS,0,13.14
user_005,G7_S7_ENE_FORMS,1,15.15
user_005,G7_S7_ENE_FORMS,1,12.59
user_005,G7_S7_ENE_FORMS,0,13.4
user_005,G7_S7_ENE_TRANSF,1,22.83
user_005,G7_S7_ENE_TRANSF,0,18.41
user_005,G7_S7_ENE_TRANSF,0,20.62
user_005,G7_S7_ENE_TRANSF,1,21.58
user_005,G7_S7_ENE_TRANSF,1,16.89
user_005,G7_S7_ENE_TRANSF,1,17.18
user_005,G7_S7_ENE_TRANSF,0,9.77
user_005,G7_S7_ENE_TRANSF,1,17.44
user_005,G7_S7_ENE_TRANSF,1,13.8
user_005,G7_S7_ENE_TRANSF,1,13.32
user_005,G7_S7_ENE_TRANSF,1,11.58
user_005,G7_S7_ENE_TRANSF,0,10.81
user_005,G7_S8_EAR_STRUCT,0,23.86
user_005,G7_S8_EAR_STRUCT,0,23.41
user_005,G7_S8_EAR_STRUCT,1,23.34
user_005,G7_S8_EAR_STRUCT,1,18.74
user_005,G7_S8_EAR_STRUCT,1,19.21
user_005,G7_S8_EAR_STRUCT,1,9.36
user_005,G7_S8_EAR_STRUCT,0,10.47
user_005,G7_S8_EAR_STRUCT,0,16.21
user_005,G7_S8_EAR_STRUCT,1,20.0
user_005,G7_S8_EAR_STRUCT,1,10.48
user_005,G7_S8_EAR_STRUCT,1,10.78
user_005,G7_S8_EAR_STRUCT,1,11.25
user_005,G7_S8_EAR_TECTON,0,19.62
user_005,G7_S8_EAR_TECTON,0,23.45
user_005,G7_S8_EAR_TECTON,0,19.92
user_005,G7_S8_EAR_TECTON,0,22.04
user_005,G7_S8_EAR_TECTON,1,21.84
user_005,G7_S8_EAR_TECTON,1,19.35
user_005,G7_S8_EAR_TECTON,1,13.71
user_005,G7_S8_EAR_TECTON,1,12.75
user_005,G7_S8_EAR_TECTON,1,14.48
user_005,G7_S8_EAR_TECTON,1,11.73
user_005,G7_S8_EAR_TECTON,1,11.36
user_005,G7_S8_EAR_TECTON,1,11.39
user_005,G7_S9_LIG_SHADOWS,0,22.3
user_005,G7_S9_LIG_SHADOWS,1,17.6
user_005,G7_S9_LIG_SHADOWS,0,14.71
user_005,G7_S9_LIG_SHADOWS,1,20.85
user_005,G7_S9_LIG_SHADOWS,0,9.66
user_005,G7_S9_LIG_SHADOWS,1,18.39
user_005,G7_S9_LIG_SHADOWS,1,16.84
user_005,G7_S9_LIG_SHADOWS,1,11.43
user_005,G7_S9_LIG_SHADOWS,1,11.62
user_005,G7_S9_LIG_SHADOWS,1,12.31
user_005,G7_S9_LIG_SHADOWS,1,10.91
user_005,G7_S9_LIG_SHADOWS,1,15.69
user_005,G7_S9_LIG_MIRRORS,1,21.24
user_005,G7_S9_LIG_MIRRORS,1,14.85
user_005,G7_S9_LIG_MIRRORS,1,12.03
user_005,G7_S9_LIG_MIRRORS,1,9.54
user_005,G7_S9_LIG_MIRRORS,1,14.0
user_005,G7_S9_LIG_MIRRORS,1,9.92
user_005,G7_S9_LIG_MIRRORS,1,15.43
user_005,G7_S9_LIG_MIRRORS,1,11.55
user_005,G7_S9_LIG_MIRRORS,0,11.91
user_005,G7_S9_LIG_MIRRORS,1,13.65
user_005,G7_S9_LIG_MIRRORS,1,10.09
user_005,G7_S9_LIG_MIRRORS,1,15.42
user_005,G7_S10_MIC_LIGHT,0,21.24
user_005,G7_S10_MIC_LIGHT,0,22.76
user_005,G7_S10_MIC_LIGHT,0,19.75
user_005,G7_S10_MIC_LIGHT,1,24.69
user_005,G7_S10_MIC_LIGHT,0,12.7
user_005,G7_S10_MIC_LIGHT,1,18.07
user_005,G7_S10_MIC_LIGHT,1,15.79
user_005,G7_S10_MIC_LIGHT,1,13.53
user_005,G7_S10_MIC_LIGHT,1,14.37
user_005,G7_S10_MIC_LIGHT,1,9.83
user_005,G7_S10_MIC_LIGHT,1,11.09
user_005,G7_S10_MIC_LIGHT,0,9.13
user_005,G7_S10_MIC_ELECTR,0,19.41
user_005,G7_S10_MIC_ELECTR,0,23.65
user_005,G7_S10_MIC_ELECTR,1,20.64
user_005,G7_S10_MIC_ELECTR,1,14.89
user_005,G7_S10_MIC_ELECTR,1,11.64
user_005,G7_S10_MIC_ELECTR,1,15.21
user_005,G7_S10_MIC_ELECTR,1,7.54
user_005,G7_S10_MIC_ELECTR,1,12.25
user_005,G7_S10_MIC_ELECTR,1,10.22
user_005,G7_S10_MIC_ELECTR,1,11.71
user_005,G7_S10_MIC_ELECTR,0,10.75
user_005,G7_S10_MIC_ELECTR,1,13.76
user_005,G8_S1_BIO_DIVER,1,22.43
user_005,G8_S1_BIO_DIVER,1,16.76
user_005,G8_S1_BIO_DIVER,1,14.95
user_005,G8_S1_BIO_DIVER,1,10.08
user_005,G8_S1_BIO_DIVER,1,11.1
user_005,G8_S1_BIO_DIVER,1,10.53
user_005,G8_S1_BIO_DIVER,1,10.61
user_005,G8_S1_BIO_DIVER,1,11.76
user_005,G8_S1_BIO_DIVER,1,8.26
user_005,G8_S1_BIO_DIVER,1,13.34
user_005,G8_S1_BIO_DIVER,1,10.77
user_005,G8_S1_BIO_DIVER,1,7.58
user_005,G8_S1_BIO_CLASSIF,1,25.67
user_005,G8_S1_BIO_CLASSIF,1,15.91
user_005,G8_S1_BIO_CLASSIF,0,10.06
user_005,G8_S1_BIO_CLASSIF,0,15.9
user_005,G8_S1_BIO_CLASSIF,0,17.02
user_005,G8_S1_BIO_CLASSIF,0,20.01
user_005,G8_S1_BIO_CLASSIF,0,22.46
user_005,G8_S1_BIO_CLASSIF,0,22.78
user_005,G8_S1_BIO_CLASSIF,1,19.76
user_005,G8_S1_BIO_CLASSIF,0,17.49
user_005,G8_S1_BIO_CLASSIF,1,20.86
user_005,G8_S1_BIO_CLASSIF,0,17.44
user_005,G8_S2_TIS_PLANT,0,21.7
user_005,G8_S2_TIS_PLANT,0,25.06
user_005,G8_S2_TIS_PLANT,1,22.45
user_005,G8_S2_TIS_PLANT,0,18.37
user_005,G8_S2_TIS_PLANT,0,18.24
user_005,G8_S2_TIS_PLANT,0,20.7
user_005,G8_S2_TIS_PLANT,1,22.49
user_005,G8_S2_TIS_PLANT,1,17.76
user_005,G8_S2_TIS_PLANT,1,12.38
user_005,G8_S2_TIS_PLANT,1,11.07
user_005,G8_S2_TIS_PLANT,0,11.69
user_005,G8_S2_TIS_PLANT,0,13.36
user_005,G8_S2_TIS_ANIMAL,1,17.96
user_005,G8_S2_TIS_ANIMAL,0,15.24
user_005,G8_S2_TIS_ANIMAL,1,18.4
user_005,G8_S2_TIS_ANIMAL,1,19.44
user_005,G8_S2_TIS_ANIMAL,0,13.71
user_005,G8_S2_TIS_ANIMAL,1,16.18
user_005,G8_S2_TIS_ANIMAL,1,16.97
user_005,G8_S2_TIS_ANIMAL,1,11.66
user_005,G8_S2_TIS_ANIMAL,0,14.03
user_005,G8_S2_TIS_ANIMAL,0,12.98
user_005,G8_S2_TIS_ANIMAL,1,20.32
user_005,G8_S2_TIS_ANIMAL,1,17.17
user_005,G8_S3_PHO_PROCESS,0,18.76
user_005,G8_S3_PHO_PROCESS,1,24.25
user_005,G8_S3_PHO_PROCESS,1,18.28
user_005,G8_S3_PHO_PROCESS,0,15.04
user_005,G8_S3_PHO_PROCESS,1,17.43
user_005,G8_S3_PHO_PROCESS,1,17.15
user_005,G8_S3_PHO_PROCESS,1,14.59
user_005,G8_S3_PHO_PROCESS,1,11.59
user_005,G8_S3_PHO_PROCESS,1,16.98
user_005,G8_S3_PHO_PROCESS,0,11.03
user_005,G8_S3_PHO_PROCESS,1,11.96
user_005,G8_S3_PHO_PROCESS,1,7.98
user_005,G8_S3_PHO_IMPORT,0,18.2
user_005,G8_S3_PHO_IMPORT,0,18.82
user_005,G8_S3_PHO_IMPORT,0,20.09
user_005,G8_S3_PHO_IMPORT,1,17.68
user_005,G8_S3_PHO_IMPORT,1,15.49
user_005,G8_S3_PHO_IMPORT,1,19.97
user_005,G8_S3_PHO_IMPORT,1,16.29
user_005,G8_S3_PHO_IMPORT,0,15.69
user_005,G8_S3_PHO_IMPORT,1,15.57
user_005,G8_S3_PHO_IMPORT,0,11.28
user_005,G8_S3_PHO_IMPORT,1,18.05
user_005,G8_S3_PHO_IMPORT,1,15.21
user_005,G8_S4_MAT_ELEMENTS,1,25.95
user_005,G8_S4_MAT_ELEMENTS,1,13.37
user_005,G8_S4_MAT_ELEMENTS,0,13.51
user_005,G8_S4_MAT_ELEMENTS,1,16.03
user_005,G8_S4_MAT_ELEMENTS,0,16.49
user_005,G8_S4_MAT_ELEMENTS,0,14.44
user_005,G8_S4_MAT_ELEMENTS,0,23.74
user_005,G8_S4_MAT_ELEMENTS,0,18.68
user_005,G8_S4_MAT_ELEMENTS,0,23.57
user_005,G8_S4_MAT_ELEMENTS,0,18.58
user_005,G8_S4_MAT_ELEMENTS,0,18.38
user_005,G8_S4_MAT_ELEMENTS,0,19.27
user_005,G8_S4_MAT_COMPOUNDS,0,22.6
user_005,G8_S4_MAT_COMPOUNDS,0,21.97
user_005,G8_S4_MAT_COMPOUNDS,0,22.16
user_005,G8_S4_MAT_COMPOUNDS,0,20.58
user_005,G8_S4_MAT_COMPOUNDS,0,21.44
user_005,G8_S4_MAT_COMPOUNDS,1,22.75
user_005,G8_S4_MAT_COMPOUNDS,1,21.44
user_005,G8_S4_MAT_COMPOUNDS,1,12.58
user_005,G8_S4_MAT_COMPOUNDS,1,10.73
user_005,G8_S4_MAT_COMPOUNDS,1,8.28
user_005,G8_S4_MAT_COMPOUNDS,1,11.98
user_005,G8_S4_MAT_COMPOUNDS,1,10.29
user_005,G8_S5_MAT_DENSITY,0,22.32
user_005,G8_S5_MAT_DENSITY,0,20.14
user_005,G8_S5_MAT_DENSITY,1,25.75
user_005,G8_S5_MAT_DENSITY,0,12.67
user_005,G8_S5_MAT_DENSITY,1,25.06
user_005,G8_S5_MAT_DENSITY,1,13.27
user_005,G8_S5_MAT_DENSITY,1,18.19
user_005,G8_S5_MAT_DENSITY,1,8.68
user_005,G8_S5_MAT_DENSITY,1,13.35
user_005,G8_S5_MAT_DENSITY,1,14.27
user_005,G8_S5_MAT_DENSITY,1,14.09
user_005,G8_S5_MAT_DENSITY,0,13.37
user_005,G8_S5_MAT_THERMAL,1,21.33
user_005,G8_S5_MAT_THERMAL,0,15.37
user_005,G8_S5_MAT_THERMAL,0,20.43
user_005,G8_S5_MAT_THERMAL,0,20.6
user_005,G8_S5_MAT_THERMAL,1,24.48
user_005,G8_S5_MAT_THERMAL,1,14.61
user_005,G8_S5_MAT_THERMAL,1,17.57
user_005,G8_S5_MAT_THERMAL,1,16.25
user_005,G8_S5_MAT_THERMAL,0,11.59
user_005,G8_S5_MAT_THERMAL,1,17.65
user_005,G8_S5_MAT_THERMAL,1,13.94
user_005,G8_S5_MAT_THERMAL,1,13.89
user_005,G8_S6_CHA_PHYSICAL,0,23.76
user_005,G8_S6_CHA_PHYSICAL,0,20.51
user_005,G8_S6_CHA_PHYSICAL,0,23.06
user_005,G8_S6_CHA_PHYSICAL,1,21.86
user_005,G8_S6_CHA_PHYSICAL,0,16.06
user_005,G8_S6_CHA_PHYSICAL,0,17.32
user_005,G8_S6_CHA_PHYSICAL,0,21.59
user_005,G8_S6_CHA_PHYSICAL,1,22.83
user_005,G8_S6_CHA_PHYSICAL,1,18.0
user_005,G8_S6_CHA_PHYSICAL,0,19.2
user_005,G8_S6_CHA_PHYSICAL,0,21.48
user_005,G8_S6_CHA_PHYSICAL,0,20.41
user_005,G8_S6_CHA_BURNING,1,21.75
user_005,G8_S6_CHA_BURNING,1,21.31
user_005,G8_S6_CHA_BURNING,1,10.15
user_005,G8_S6_CHA_BURNING,1,17.45
user_005,G8_S6_CHA_BURNING,1,12.18
user_005,G8_S6_CHA_BURNING,0,15.05
user_005,G8_S6_CHA_BURNING,0,14.73
user_005,G8_S6_CHA_BURNING,1,18.41
user_005,G8_S6_CHA_BURNING,1,14.42
user_005,G8_S6_CHA_BURNING,1,13.16
user_005,G8_S6_CHA_BURNING,1,14.33
user_005,G8_S6_CHA_BURNING,0,8.77
user_005,G8_S7_FOR_TYPES,1,24.2
user_005,G8_S7_FOR_TYPES,0,14.59
user_005,G8_S7_FOR_TYPES,1,18.91
user_005,G8_S7_FOR_TYPES,1,20.44
user_005,G8_S7_FOR_TYPES,0,13.09
user_005,G8_S7_FOR_TYPES,0,15.59
user_005,G8_S7_FOR_TYPES,0,21.13
user_005,G8_S7_FOR_TYPES,1,20.97
user_005,G8_S7_FOR_TYPES,1,18.57
user_005,G8_S7_FOR_TYPES,1,13.71
user_005,G8_S7_FOR_TYPES,1,17.85
user_005,G8_S7_FOR_TYPES,1,12.02
user_005,G8_S7_FOR_PRESSURE,1,21.13
user_005,G8_S7_FOR_PRESSURE,1,14.75
user_005,G8_S7_FOR_PRESSURE,0,14.66
user_005,G8_S7_FOR_PRESSURE,1,17.59
user_005,G8_S7_FOR_PRESSURE,0,15.03
user_005,G8_S7_FOR_PRESSURE,0,20.54
user_005,G8_S7_FOR_PRESSURE,1,23.89
user_005,G8_S7_FOR_PRESSURE,1,14.88
user_005,G8_S7_FOR_PRESSURE,0,10.51
user_005,G8_S7_FOR_PRESSURE,1,17.62
user_005,G8_S7_FOR_PRESSURE,1,14.61
user_005,G8_S7_FOR_PRESSURE,0,9.07
user_005,G8_S8_STA_PHENOM,1,20.31
user_005,G8_S8_STA_PHENOM,1,14.34
user_005,G8_S8_STA_PHENOM,1,18.43
user_005,G8_S8_STA_PHENOM,1,11.28
user_005,G8_S8_STA_PHENOM,1,13.99
user_005,G8_S8_STA_PHENOM,1,9.1
user_005,G8_S8_STA_PHENOM,0,11.95
user_005,G8_S8_STA_PHENOM,0,12.67
user_005,G8_S8_STA_PHENOM,1,16.96
user_005,G8_S8_STA_PHENOM,1,12.29
user_005,G8_S8_STA_PHENOM,1,15.35
user_005,G8_S8_STA_PHENOM,1,11.38
user_005,G8_S8_STA_LIGHTNG,1,20.52
user_005,G8_S8_STA_LIGHTNG,1,15.47
user_005,G8_S8_STA_LIGHTNG,1,15.8
user_005,G8_S8_STA_LIGHTNG,1,11.74
user_005,G8_S8_STA_LIGHTNG,1,16.9
user_005,G8_S8_STA_LIGHTNG,1,11.11
user_005,G8_S8_STA_LIGHTNG,1,14.32
user_005,G8_S8_STA_LIGHTNG,1,15.71
user_005,G8_S8_STA_LIGHTNG,1,11.46
user_005,G8_S8_STA_LIGHTNG,1,11.15
user_005,G8_S8_STA_LIGHTNG,1,12.86
user_005,G8_S8_STA_LIGHTNG,1,10.21
user_005,G9_S1_SYS_DIGEST,1,19.53
user_005,G9_S1_SYS_DIGEST,1,14.18
user_005,G9_S1_SYS_DIGEST,1,16.7
user_005,G9_S1_SYS_DIGEST,1,11.18
user_005,G9_S1_SYS_DIGEST,1,12.58
user_005,G9_S1_SYS_DIGEST,1,7.86
user_005,G9_S1_SYS_DIGEST,1,11.57
user_005,G9_S1_SYS_DIGEST,1,12.48
user_005,G9_S1_SYS_DIGEST,1,12.76
user_005,G9_S1_SYS_DIGEST,1,15.77
user_005,G9_S1_SYS_DIGEST,1,10.16
user_005,G9_S1_SYS_DIGEST,1,10.04
user_005,G9_S1_SYS_CIRCUL,0,24.11
user_005,G9_S1_SYS_CIRCUL,1,20.39
user_005,G9_S1_SYS_CIRCUL,1,20.35
user_005,G9_S1_SYS_CIRCUL,1,10.43
user_005,G9_S1_SYS_CIRCUL,1,13.2
user_005,G9_S1_SYS_CIRCUL,1,12.44
user_005,G9_S1_SYS_CIRCUL,1,11.19
user_005,G9_S1_SYS_CIRCUL,1,12.63
user_005,G9_S1_SYS_CIRCUL,1,12.1
user_005,G9_S1_SYS_CIRCUL,1,13.98
user_005,G9_S1_SYS_CIRCUL,1,14.81
user_005,G9_S1_SYS_CIRCUL,1,14.46
user_005,G9_S2_RHY_EARTH,1,21.05
user_005,G9_S2_RHY_EARTH,0,17.3
user_005,G9_S2_RHY_EARTH,1,18.05
user_005,G9_S2_RHY_EARTH,1,13.68
user_005,G9_S2_RHY_EARTH,1,12.13
user_005,G9_S2_RHY_EARTH,1,18.47
user_005,G9_S2_RHY_EARTH,1,13.74
user_005,G9_S2_RHY_EARTH,1,15.8
user_005,G9_S2_RHY_EARTH,1,14.47
user_005,G9_S2_RHY_EARTH,1,13.98
user_005,G9_S2_RHY_EARTH,1,13.43
user_005,G9_S2_RHY_EARTH,1,14.55
user_005,G9_S2_RHY_CLIMATE,0,25.01
user_005,G9_S2_RHY_CLIMATE,0,21.07
user_005,G9_S2_RHY_CLIMATE,0,24.0
user_005,G9_S2_RHY_CLIMATE,0,21.39
user_005,G9_S2_RHY_CLIMATE,0,20.15
user_005,G9_S2_RHY_CLIMATE,1,23.01
user_005,G9_S2_RHY_CLIMATE,1,18.03
user_005,G9_S2_RHY_CLIMATE,0,14.49
user_005,G9_S2_RHY_CLIMATE,0,19.37
user_005,G9_S2_RHY_CLIMATE,0,24.44
user_005,G9_S2_RHY_CLIMATE,0,18.67
user_005,G9_S2_RHY_CLIMATE,1,18.72
user_005,G9_S3_LIG_REFRAC,0,19.18
user_005,G9_S3_LIG_REFRAC,1,22.43
user_005,G9_S3_LIG_REFRAC,1,18.63
user_005,G9_S3_LIG_REFRAC,0,16.11
user_005,G9_S3_LIG_REFRAC,1,18.9
user_005,G9_S3_LIG_REFRAC,1,10.72
user_005,G9_S3_LIG_REFRAC,1,12.7
user_005,G9_S3_LIG_REFRAC,1,11.49
user_005,G9_S3_LIG_REFRAC,1,10.61
user_005,G9_S3_LIG_REFRAC,1,5.63
user_005,G9_S3_LIG_REFRAC,1,9.63
user_005,G9_S3_LIG_REFRAC,1,10.41
user_005,G9_S3_LIG_LENSES,0,18.63
user_005,G9_S3_LIG_LENSES,0,22.01
user_005,G9_S3_LIG_LENSES,0,22.84
user_005,G9_S3_LIG_LENSES,0,19.17
user_005,G9_S3_LIG_LENSES,0,19.86
user_005,G9_S3_LIG_LENSES,1,22.69
user_005,G9_S3_LIG_LENSES,0,15.56
user_005,G9_S3_LIG_LENSES,0,22.09
user_005,G9_S3_LIG_LENSES,0,19.4
user_005,G9_S3_LIG_LENSES,1,24.72
user_005,G9_S3_LIG_LENSES,1,18.66
user_005,G9_S3_LIG_LENSES,1,16.59
user_005,G9_S4_SOU_PROPAG,1,23.67
user_005,G9_S4_SOU_PROPAG,0,16.97
user_005,G9_S4_SOU_PROPAG,0,19.79
user_005,G9_S4_SOU_PROPAG,1,20.24
user_005,G9_S4_SOU_PROPAG,0,21.89
user_005,G9_S4_SOU_PROPAG,0,19.05
user_005,G9_S4_SOU_PROPAG,0,22.44
user_005,G9_S4_SOU_PROPAG,0,17.36
user_005,G9_S4_SOU_PROPAG,0,20.75
user_005,G9_S4_SOU_PROPAG,0,25.48
user_005,G9_S4_SOU_PROPAG,1,22.59
user_005,G9_S4_SOU_PROPAG,1,20.93
user_005,G9_S4_SOU_HEARING,0,23.87
user_005,G9_S4_SOU_HEARING,1,21.65
user_005,G9_S4_SOU_HEARING,1,21.26
user_005,G9_S4_SOU_HEARING,1,13.57
user_005,G9_S4_SOU_HEARING,1,14.67
user_005,G9_S4_SOU_HEARING,1,7.67
user_005,G9_S4_SOU_HEARING,1,9.13
user_005,G9_S4_SOU_HEARING,1,13.55
user_005,G9_S4_SOU_HEARING,1,12.03
user_005,G9_S4_SOU_HEARING,1,14.33
user_005,G9_S4_SOU_HEARING,1,13.5
user_005,G9_S4_SOU_HEARING,1,10.82
user_005,G9_S5_HEA_EXPANS,0,18.28
user_005,G9_S5_HEA_EXPANS,0,21.4
user_005,G9_S5_HEA_EXPANS,0,19.27
user_005,G9_S5_HEA_EXPANS,0,22.74
user_005,G9_S5_HEA_EXPANS,1,24.32
user_005,G9_S5_HEA_EXPANS,0,19.57
user_005,G9_S5_HEA_EXPANS,0,20.97
user_005,G9_S5_HEA_EXPANS,1,20.9
user_005,G9_S5_HEA_EXPANS,0,20.92
user_005,G9_S5_HEA_EXPANS,1,16.72
user_005,G9_S5_HEA_EXPANS,1,13.54
user_005,G9_S5_HEA_EXPANS,1,14.45
user_005,G9_S5_HEA_TRANSF,1,20.52
user_005,G9_S5_HEA_TRANSF,1,15.28
user_005,G9_S5_HEA_TRANSF,0,11.13
user_005,G9_S5_HEA_TRANSF,0,17.93
user_005,G9_S5_HEA_TRANSF,1,21.2
user_005,G9_S5_HEA_TRANSF,1,13.39
user_005,G9_S5_HEA_TRANSF,1,10.1
user_005,G9_S5_HEA_TRANSF,1,15.18
user_005,G9_S5_HEA_TRANSF,1,14.5
user_005,G9_S5_HEA_TRANSF,1,15.42
user_005,G9_S5_HEA_TRANSF,1,12.94
user_005,G9_S5_HEA_TRANSF,1,9.8
user_005,G9_S6_NAT_ATOMS,0,24.39
user_005,G9_S6_NAT_ATOMS,0,18.38
user_005,G9_S6_NAT_ATOMS,1,22.0
user_005,G9_S6_NAT_ATOMS,0,16.84
user_005,G9_S6_NAT_ATOMS,0,22.31
user_005,G9_S6_NAT_ATOMS,0,22.66
user_005,G9_S6_NAT_ATOMS,1,25.52
user_005,G9_S6_NAT_ATOMS,0,18.07
user_005,G9_S6_NAT_ATOMS,0,21.17
user_005,G9_S6_NAT_ATOMS,0,21.12
user_005,G9_S6_NAT_ATOMS,0,20.21
user_005,G9_S6_NAT_ATOMS,1,19.33
user_005,G9_S6_NAT_CONFIG,0,20.55
user_005,G9_S6_NAT_CONFIG,1,18.88
user_005,G9_S6_NAT_CONFIG,0,17.44
user_005,G9_S6_NAT_CONFIG,1,19.93
user_005,G9_S6_NAT_CONFIG,1,18.82
user_005,G9_S6_NAT_CONFIG,1,11.29
user_005,G9_S6_NAT_CONFIG,1,8.3
user_005,G9_S6_NAT_CONFIG,1,11.03
user_005,G9_S6_NAT_CONFIG,1,15.35
user_005,G9_S6_NAT_CONFIG,1,9.44
user_005,G9_S6_NAT_CONFIG,1,11.94
user_005,G9_S6_NAT_CONFIG,1,12.78
user_005,G9_S7_ACI_SALTS,0,21.75
user_005,G9_S7_ACI_SALTS,0,20.57
user_005,G9_S7_ACI_SALTS,1,24.34
user_005,G9_S7_ACI_SALTS,1,19.51
user_005,G9_S7_ACI_SALTS,1,14.65
user_005,G9_S7_ACI_SALTS,1,13.28
user_005,G9_S7_ACI_SALTS,1,12.56
user_005,G9_S7_ACI_SALTS,1,16.34
user_005,G9_S7_ACI_SALTS,0,12.82
user_005,G9_S7_ACI_SALTS,1,13.86
user_005,G9_S7_ACI_SALTS,1,12.02
user_005,G9_S7_ACI_SALTS,1,12.84
user_005,G9_S7_ACI_NEUTRAL,1,20.67
user_005,G9_S7_ACI_NEUTRAL,1,21.05
user_005,G9_S7_ACI_NEUTRAL,0,16.17
user_005,G9_S7_ACI_NEUTRAL,0,11.84
user_005,G9_S7_ACI_NEUTRAL,0,19.32
user_005,G9_S7_ACI_NEUTRAL,0,19.67
user_005,G9_S7_ACI_NEUTRAL,1,20.94
user_005,G9_S7_ACI_NEUTRAL,0,21.43
user_005,G9_S7_ACI_NEUTRAL,0,20.41
user_005,G9_S7_ACI_NEUTRAL,1,18.93
user_005,G9_S7_ACI_NEUTRAL,1,13.33
user_005,G9_S7_ACI_NEUTRAL,1,11.46
user_006,G6_S1_ORG_CHARS,1,21.56
user_006,G6_S1_ORG_CHARS,1,14.89
user_006,G6_S1_ORG_CHARS,1,17.25
user_006,G6_S1_ORG_CHARS,1,11.27
user_006,G6_S1_ORG_CHARS,1,9.22
user_006,G6_S1_ORG_CHARS,1,11.68
user_006,G6_S1_ORG_CHARS,1,11.93
user_006,G6_S1_ORG_CHARS,1,14.97
user_006,G6_S1_ORG_CHARS,1,14.68
user_006,G6_S1_ORG_CHARS,0,10.99
user_006,G6_S1_ORG_CHARS,1,14.6
user_006,G6_S1_ORG_CHARS,1,13.58
user_006,G6_S1_ORG_CLASS,1,21.29
user_006,G6_S1_ORG_CLASS,1,14.11
user_006,G6_S1_ORG_CLASS,1,10.41
user_006,G6_S1_ORG_CLASS,0,13.29
user_006,G6_S1_ORG_CLASS,1,19.29
user_006,G6_S1_ORG_CLASS,1,12.21
user_006,G6_S1_ORG_CLASS,1,11.74
user_006,G6_S1_ORG_CLASS,1,11.89
user_006,G6_S1_ORG_CLASS,1,14.19
user_006,G6_S1_ORG_CLASS,1,12.03
user_006,G6_S1_ORG_CLASS,1,14.16
user_006,G6_S1_ORG_CLASS,1,14.64
user_006,G6_S2_MAT_STATES,0,23.92
user_006,G6_S2_MAT_STATES,0,21.51
user_006,G6_S2_MAT_STATES,0,24.17
user_006,G6_S2_MAT_STATES,0,24.12
user_006,G6_S2_MAT_STATES,0,19.79
user_006,G6_S2_MAT_STATES,0,21.2
user_006,G6_S2_MAT_STATES,0,18.79
user_006,G6_S2_MAT_STATES,0,23.16
user_006,G6_S2_MAT_STATES,0,19.9
user_006,G6_S2_MAT_STATES,0,22.49
user_006,G6_S2_MAT_STATES,0,23.99
user_006,G6_S2_MAT_STATES,0,20.99
user_006,G6_S2_MAT_PROPS,0,21.17
user_006,G6_S2_MAT_PROPS,0,23.62
user_006,G6_S2_MAT_PROPS,0,27.56
user_006,G6_S2_MAT_PROPS,0,21.38
user_006,G6_S2_MAT_PROPS,0,25.19
user_006,G6_S2_MAT_PROPS,0,19.88
user_006,G6_S2_MAT_PROPS,0,21.87
user_006,G6_S2_MAT_PROPS,1,19.72
user_006,G6_S2_MAT_PROPS,0,20.89
user_006,G6_S2_MAT_PROPS,0,25.45
user_006,G6_S2_MAT_PROPS,1,21.25
user_006,G6_S2_MAT_PROPS,1,18.98
user_006,G6_S4_ENE_SOURCES,0,26.74
user_006,G6_S4_ENE_SOURCES,1,26.57
user_006,G6_S4_ENE_SOURCES,1,19.48
user_006,G6_S4_ENE_SOURCES,1,12.97
user_006,G6_S4_ENE_SOURCES,1,8.69
user_006,G6_S4_ENE_SOURCES,1,13.78
user_006,G6_S4_ENE_SOURCES,1,16.76
user_006,G6_S4_ENE_SOURCES,1,13.49
user_006,G6_S4_ENE_SOURCES,1,8.06
user_006,G6_S4_ENE_SOURCES,1,14.57
user_006,G6_S4_ENE_SOURCES,1,12.98
user_006,G6_S4_ENE_SOURCES,1,12.87
user_006,G6_S8_ELE_CIRCUITS,1,22.6
user_006,G6_S8_ELE_CIRCUITS,1,19.71
user_006,G6_S8_ELE_CIRCUITS,1,15.9
user_006,G6_S8_ELE_CIRCUITS,1,15.5
user_006,G6_S8_ELE_CIRCUITS,1,14.46
user_006,G6_S8_ELE_CIRCUITS,1,13.02
user_006,G6_S8_ELE_CIRCUITS,1,11.1
user_006,G6_S8_ELE_CIRCUITS,1,14.23
user_006,G6_S8_ELE_CIRCUITS,1,13.32
user_006,G6_S8_ELE_CIRCUITS,1,15.98
user_006,G6_S8_ELE_CIRCUITS,1,12.18
user_006,G6_S8_ELE_CIRCUITS,1,9.78
user_006,G6_S8_ELE_CONDINS,1,20.24
user_006,G6_S8_ELE_CONDINS,1,18.68
user_006,G6_S8_ELE_CONDINS,1,14.21
user_006,G6_S8_ELE_CONDINS,1,17.38
user_006,G6_S8_ELE_CONDINS,0,11.36
user_006,G6_S8_ELE_CONDINS,1,12.18
user_006,G6_S8_ELE_CONDINS,1,11.6
user_006,G6_S8_ELE_CONDINS,1,14.49
user_006,G6_S8_ELE_CONDINS,1,13.96
user_006,G6_S8_ELE_CONDINS,1,18.17
user_006,G6_S8_ELE_CONDINS,0,12.74
user_006,G6_S8_ELE_CONDINS,1,10.54
user_006,G7_S1_PLA_DIVER,0,22.54
user_006,G7_S1_PLA_DIVER,0,22.64
user_006,G7_S1_PLA_DIVER,0,21.04
user_006,G7_S1_PLA_DIVER,1,28.83
user_006,G7_S1_PLA_DIVER,0,16.13
user_006,G7_S1_PLA_DIVER,0,22.3
user_006,G7_S1_PLA_DIVER,0,20.48
user_006,G7_S1_PLA_DIVER,0,25.32
user_006,G7_S1_PLA_DIVER,0,26.38
user_006,G7_S1_PLA_DIVER,0,23.71
user_006,G7_S1_PLA_DIVER,1,21.63
user_006,G7_S1_PLA_DIVER,1,20.1
user_006,G7_S1_PLA_CLASSIF,0,22.17
user_006,G7_S1_PLA_CLASSIF,0,25.13
user_006,G7_S1_PLA_CLASSIF,0,21.1
user_006,G7_S1_PLA_CLASSIF,0,25.92
user_006,G7_S1_PLA_CLASSIF,1,22.66
user_006,G7_S1_PLA_CLASSIF,1,16.01
user_006,G7_S1_PLA_CLASSIF,0,12.84
user_006,G7_S1_PLA_CLASSIF,0,21.17
user_006,G7_S1_PLA_CLASSIF,1,20.61
user_006,G7_S1_PLA_CLASSIF,1,14.06
user_006,G7_S1_PLA_CLASSIF,1,16.53
user_006,G7_S1_PLA_CLASSIF,1,10.37
user_006,G7_S2_STA_CHARGES,0,21.46
user_006,G7_S2_STA_CHARGES,0,18.81
user_006,G7_S2_STA_CHARGES,0,22.13
user_006,G7_S2_STA_CHARGES,1,21.93
user_006,G7_S2_STA_CHARGES,0,17.93
user_006,G7_S2_STA_CHARGES,1,19.23
user_006,G7_S2_STA_CHARGES,0,20.09
user_006,G7_S2_STA_CHARGES,1,20.3
user_006,G7_S2_STA_CHARGES,0,18.78
user_006,G7_S2_STA_CHARGES,0,21.98
user_006,G7_S2_STA_CHARGES,0,21.08
user_006,G7_S2_STA_CHARGES,1,23.28
user_006,G7_S2_STA_CAPACIT,1,24.63
user_006,G7_S2_STA_CAPACIT,1,18.59
user_006,G7_S2_STA_CAPACIT,1,14.63
user_006,G7_S2_STA_CAPACIT,1,17.09
user_006,G7_S2_STA_CAPACIT,1,11.3
user_006,G7_S2_STA_CAPACIT,0,13.76
user_006,G7_S2_STA_CAPACIT,1,13.88
user_006,G7_S2_STA_CAPACIT,1,14.09
user_006,G7_S2_STA_CAPACIT,1,14.41
user_006,G7_S2_STA_CAPACIT,1,9.93
user_006,G7_S2_STA_CAPACIT,1,10.51
user_006,G7_S2_STA_CAPACIT,1,9.55
user_006,G7_S3_ELE_SOURCES,0,23.79
user_006,G7_S3_ELE_SOURCES,1,23.19
user_006,G7_S3_ELE_SOURCES,1,17.35
user_006,G7_S3_ELE_SOURCES,1,13.8
user_006,G7_S3_ELE_SOURCES,1,13.99
user_006,G7_S3_ELE_SOURCES,0,15.64
user_006,G7_S3_ELE_SOURCES,1,12.6
user_006,G7_S3_ELE_SOURCES,1,12.29
user_006,G7_S3_ELE_SOURCES,1,15.43
user_006,G7_S3_ELE_SOURCES,0,10.86
user_006,G7_S3_ELE_SOURCES,1,16.07
user_006,G7_S3_ELE_SOURCES,0,11.53
user_006,G7_S3_ELE_CURRENTS,1,21.5
user_006,G7_S3_ELE_CURRENTS,1,17.31
user_006,G7_S3_ELE_CURRENTS,0,17.33
user_006,G7_S3_ELE_CURRENTS,1,19.64
user_006,G7_S3_ELE_CURRENTS,1,16.87
user_006,G7_S3_ELE_CURRENTS,1,14.24
user_006,G7_S3_ELE_CURRENTS,1,12.33
user_006,G7_S3_ELE_CURRENTS,1,12.13
user_006,G7_S3_ELE_CURRENTS,0,11.39
user_006,G7_S3_ELE_CURRENTS,1,14.05
user_006,G7_S3_ELE_CURRENTS,1,11.37
user_006,G7_S3_ELE_CURRENTS,1,15.43
user_006,G7_S4_WAT_SOLVENT,0,23.79
user_006,G7_S4_WAT_SOLVENT,0,19.69
user_006,G7_S4_WAT_SOLVENT,0,22.7
user_006,G7_S4_WAT_SOLVENT,1,23.85
user_006,G7_S4_WAT_SOLVENT,1,20.46
user_006,G7_S4_WAT_SOLVENT,1,14.63
user_006,G7_S4_WAT_SOLVENT,0,13.0
user_006,G7_S4_WAT_SOLVENT,0,12.65
user_006,G7_S4_WAT_SOLVENT,0,20.54
user_006,G7_S4_WAT_SOLVENT,1,22.11
user_006,G7_S4_WAT_SOLVENT,1,16.37
user_006,G7_S4_WAT_SOLVENT,1,18.08
user_006,G7_S4_WAT_COOLANT,1,24.9
user_006,G7_S4_WAT_COOLANT,1,18.43
user_006,G7_S4_WAT_COOLANT,1,19.24
user_006,G7_S4_WAT_COOLANT,1,14.98
user_006,G7_S4_WAT_COOLANT,1,11.79
user_006,G7_S4_WAT_COOLANT,1,13.02
user_006,G7_S4_WAT_COOLANT,1,9.34
user_006,G7_S4_WAT_COOLANT,1,10.11
user_006,G7_S4_WAT_COOLANT,1,13.55
user_006,G7_S4_WAT_COOLANT,1,7.42
user_006,G7_S4_WAT_COOLANT,1,16.04
user_006,G7_S4_WAT_COOLANT,1,10.56
user_006,G7_S5_ACI_IDENTIF,1,23.03
user_006,G7_S5_ACI_IDENTIF,0,20.71
user_006,G7_S5_ACI_IDENTIF,1,22.25
user_006,G7_S5_ACI_IDENTIF,0,16.88
user_006,G7_S5_ACI_IDENTIF,0,21.32
user_006,G7_S5_ACI_IDENTIF,0,24.83
user_006,G7_S5_ACI_IDENTIF,0,22.7
user_006,G7_S5_ACI_IDENTIF,1,26.83
user_006,G7_S5_ACI_IDENTIF,1,13.91
user_006,G7_S5_ACI_IDENTIF,0,18.14
user_006,G7_S5_ACI_IDENTIF,1,23.02
user_006,G7_S5_ACI_IDENTIF,1,13.37
user_006,G7_S5_ACI_INDICAT,0,21.37
user_006,G7_S5_ACI_INDICAT,1,24.46
user_006,G7_S5_ACI_INDICAT,0,18.82
user_006,G7_S5_ACI_INDICAT,0,20.84
user_006,G7_S5_ACI_INDICAT,0,23.89
user_006,G7_S5_ACI_INDICAT,1,20.52
user_006,G7_S5_ACI_INDICAT,1,22.58
user_006,G7_S5_ACI_INDICAT,1,12.8
user_006,G7_S5_ACI_INDICAT,1,10.72
user_006,G7_S5_ACI_INDICAT,1,5.99
user_006,G7_S5_ACI_INDICAT,1,6.78
user_006,G7_S5_ACI_INDICAT,1,9.26
user_006,G7_S6_ANI_CLASSIF,0,24.02
user_006,G7_S6_ANI_CLASSIF,0,24.87
user_006,G7_S6_ANI_CLASSIF,1,22.65
user_006,G7_S6_ANI_CLASSIF,1,19.14
user_006,G7_S6_ANI_CLASSIF,1,13.43
user_006,G7_S6_ANI_CLASSIF,1,11.54
user_006,G7_S6_ANI_CLASSIF,0,10.36
user_006,G7_S6_ANI_CLASSIF,1,17.24
user_006,G7_S6_ANI_CLASSIF,1,14.81
user_006,G7_S6_ANI_CLASSIF,1,12.09
user_006,G7_S6_ANI_CLASSIF,1,13.66
user_006,G7_S6_ANI_CLASSIF,1,13.47
user_006,G7_S6_ANI_ADAPTAT,0,22.71
user_006,G7_S6_ANI_ADAPTAT,1,21.87
user_006,G7_S6_ANI_ADAPTAT,1,21.87
user_006,G7_S6_ANI_ADAPTAT,0,20.25
user_006,G7_S6_ANI_ADAPTAT,1,18.73
user_006,G7_S6_ANI_ADAPTAT,1,15.83
user_006,G7_S6_ANI_ADAPTAT,0,14.13
user_006,G7_S6_ANI_ADAPTAT,0,17.39
user_006,G7_S6_ANI_ADAPTAT,1,21.49
user_006,G7_S6_ANI_ADAPTAT,0,16.39
user_006,G7_S6_ANI_ADAPTAT,1,21.43
user_006,G7_S6_ANI_ADAPTAT,0,21.81
user_006,G7_S7_ENE_FORMS,0,30.92
user_006,G7_S7_ENE_FORMS,0,21.4
user_006,G7_S7_ENE_FORMS,0,23.82
user_006,G7_S7_ENE_FORMS,0,23.12
user_006,G7_S7_ENE_FORMS,0,23.42
user_006,G7_S7_ENE_FORMS,0,24.77
user_006,G7_S7_ENE_FORMS,0,24.37
user_006,G7_S7_ENE_FORMS,1,22.33
user_006,G7_S7_ENE_FORMS,0,20.71
user_006,G7_S7_ENE_FORMS,0,24.7
user_006,G7_S7_ENE_FORMS,1,26.52
user_006,G7_S7_ENE_FORMS,0,20.81
user_006,G7_S7_ENE_TRANSF,0,27.54
user_006,G7_S7_ENE_TRANSF,1,21.71
user_006,G7_S7_ENE_TRANSF,1,16.0
user_006,G7_S7_ENE_TRANSF,1,16.07
user_006,G7_S7_ENE_TRANSF,1,13.19
user_006,G7_S7_ENE_TRANSF,1,8.97
user_006,G7_S7_ENE_TRANSF,1,10.16
user_006,G7_S7_ENE_TRANSF,1,12.65
user_006,G7_S7_ENE_TRANSF,1,11.56
user_006,G7_S7_ENE_TRANSF,1,9.42
user_006,G7_S7_ENE_TRANSF,1,14.96
user_006,G7_S7_ENE_TRANSF,1,10.65
user_006,G7_S8_EAR_STRUCT,1,24.03
user_006,G7_S8_EAR_STRUCT,1,23.21
user_006,G7_S8_EAR_STRUCT,1,16.62
user_006,G7_S8_EAR_STRUCT,0,10.58
user_006,G7_S8_EAR_STRUCT,1,14.6
user_006,G7_S8_EAR_STRUCT,1,12.63
user_006,G7_S8_EAR_STRUCT,1,10.42
user_006,G7_S8_EAR_STRUCT,1,14.73
user_006,G7_S8_EAR_STRUCT,1,9.74
user_006,G7_S8_EAR_STRUCT,1,13.35
user_006,G7_S8_EAR_STRUCT,1,11.18
user_006,G7_S8_EAR_STRUCT,1,14.3
user_006,G7_S8_EAR_TECTON,1,21.25
user_006,G7_S8_EAR_TECTON,1,16.49
user_006,G7_S8_EAR_TECTON,0,10.4
user_006,G7_S8_EAR_TECTON,0,19.04
user_006,G7_S8_EAR_TECTON,0,22.98
user_006,G7_S8_EAR_TECTON,1,23.17
user_006,G7_S8_EAR_TECTON,1,18.98
user_006,G7_S8_EAR_TECTON,1,15.86
user_006,G7_S8_EAR_TECTON,1,11.67
user_006,G7_S8_EAR_TECTON,1,10.43
user_006,G7_S8_EAR_TECTON,0,16.16
user_006,G7_S8_EAR_TECTON,1,13.43
user_006,G7_S9_LIG_SHADOWS,0,24.66
user_006,G7_S9_LIG_SHADOWS,0,22.78
user_006,G7_S9_LIG_SHADOWS,0,20.66
user_006,G7_S9_LIG_SHADOWS,0,24.06
user_006,G7_S9_LIG_SHADOWS,0,19.84
user_006,G7_S9_LIG_SHADOWS,0,23.18
user_006,G7_S9_LIG_SHADOWS,1,21.3
user_006,G7_S9_LIG_SHADOWS,0,19.46
user_006,G7_S9_LIG_SHADOWS,0,17.8
user_006,G7_S9_LIG_SHADOWS,0,22.18
user_006,G7_S9_LIG_SHADOWS,0,18.54
user_006,G7_S9_LIG_SHADOWS,0,23.69
user_006,G7_S9_LIG_MIRRORS,1,23.11
user_006,G7_S9_LIG_MIRRORS,1,15.67
user_006,G7_S9_LIG_MIRRORS,1,13.13
user_006,G7_S9_LIG_MIRRORS,1,12.27
user_006,G7_S9_LIG_MIRRORS,1,12.72
user_006,G7_S9_LIG_MIRRORS,1,12.1
user_006,G7_S9_LIG_MIRRORS,1,10.83
user_006,G7_S9_LIG_MIRRORS,1,14.28
user_006,G7_S9_LIG_MIRRORS,1,12.69
user_006,G7_S9_LIG_MIRRORS,1,9.23
user_006,G7_S9_LIG_MIRRORS,1,13.35
user_006,G7_S9_LIG_MIRRORS,1,6.87
user_006,G7_S10_MIC_LIGHT,0,21.0
user_006,G7_S10_MIC_LIGHT,0,25.64
user_006,G7_S10_MIC_LIGHT,0,27.18
user_006,G7_S10_MIC_LIGHT,1,17.69
user_006,G7_S10_MIC_LIGHT,1,17.45
user_006,G7_S10_MIC_LIGHT,1,14.29
user_006,G7_S10_MIC_LIGHT,1,7.88
user_006,G7_S10_MIC_LIGHT,1,13.8
user_006,G7_S10_MIC_LIGHT,1,11.6
user_006,G7_S10_MIC_LIGHT,1,11.95
user_006,G7_S10_MIC_LIGHT,1,12.5
user_006,G7_S10_MIC_LIGHT,0,12.99
user_006,G7_S10_MIC_ELECTR,0,23.01
user_006,G7_S10_MIC_ELECTR,1,26.06
user_006,G7_S10_MIC_ELECTR,1,17.27
user_006,G7_S10_MIC_ELECTR,0,14.31
user_006,G7_S10_MIC_ELECTR,1,19.11
user_006,G7_S10_MIC_ELECTR,1,15.29
user_006,G7_S10_MIC_ELECTR,1,18.09
user_006,G7_S10_MIC_ELECTR,0,14.76
user_006,G7_S10_MIC_ELECTR,1,13.99
user_006,G7_S10_MIC_ELECTR,1,14.85
user_006,G7_S10_MIC_ELECTR,1,7.69
user_006,G7_S10_MIC_ELECTR,1,8.72
user_006,G8_S1_BIO_DIVER,0,21.87
user_006,G8_S1_BIO_DIVER,1,20.83
user_006,G8_S1_BIO_DIVER,1,21.58
user_006,G8_S1_BIO_DIVER,0,16.33
user_006,G8_S1_BIO_DIVER,0,24.05
user_006,G8_S1_BIO_DIVER,0,19.4
user_006,G8_S1_BIO_DIVER,0,22.34
user_006,G8_S1_BIO_DIVER,0,20.6
user_006,G8_S1_BIO_DIVER,0,21.43
user_006,G8_S1_BIO_DIVER,1,18.99
user_006,G8_S1_BIO_DIVER,0,19.89
user_006,G8_S1_BIO_DIVER,1,20.5
user_006,G8_S1_BIO_CLASSIF,0,22.36
user_006,G8_S1_BIO_CLASSIF,0,19.95
user_006,G8_S1_BIO_CLASSIF,1,20.41
user_006,G8_S1_BIO_CLASSIF,0,17.53
user_006,G8_S1_BIO_CLASSIF,1,22.93
user_006,G8_S1_BIO_CLASSIF,0,15.49
user_006,G8_S1_BIO_CLASSIF,1,24.1
user_006,G8_S1_BIO_CLASSIF,0,14.14
user_006,G8_S1_BIO_CLASSIF,1,12.86
user_006,G8_S1_BIO_CLASSIF,1,15.78
user_006,G8_S1_BIO_CLASSIF,0,13.93
user_006,G8_S1_BIO_CLASSIF,0,16.48
user_006,G8_S2_TIS_PLANT,0,20.89
user_006,G8_S2_TIS_PLANT,0,23.21
user_006,G8_S2_TIS_PLANT,0,25.97
user_006,G8_S2_TIS_PLANT,0,24.29
user_006,G8_S2_TIS_PLANT,0,22.53
user_006,G8_S2_TIS_PLANT,0,17.93
user_006,G8_S2_TIS_PLANT,1,26.68
user_006,G8_S2_TIS_PLANT,1,22.08
user_006,G8_S2_TIS_PLANT,1,13.22
user_006,G8_S2_TIS_PLANT,1,12.63
user_006,G8_S2_TIS_PLANT,1,13.47
user_006,G8_S2_TIS_PLANT,1,11.75
user_006,G8_S2_TIS_ANIMAL,0,22.86
user_006,G8_S2_TIS_ANIMAL,1,22.98
user_006,G8_S2_TIS_ANIMAL,1,17.42
user_006,G8_S2_TIS_ANIMAL,1,15.67
user_006,G8_S2_TIS_ANIMAL,1,13.14
user_006,G8_S2_TIS_ANIMAL,1,11.46
user_006,G8_S2_TIS_ANIMAL,1,15.85
user_006,G8_S2_TIS_ANIMAL,1,13.0
user_006,G8_S2_TIS_ANIMAL,1,14.46
user_006,G8_S2_TIS_ANIMAL,1,8.42
user_006,G8_S2_TIS_ANIMAL,1,14.08
user_006,G8_S2_TIS_ANIMAL,1,10.73
user_006,G8_S3_PHO_PROCESS,1,26.77
user_006,G8_S3_PHO_PROCESS,0,19.44
user_006,G8_S3_PHO_PROCESS,0,20.58
user_006,G8_S3_PHO_PROCESS,1,23.7
user_006,G8_S3_PHO_PROCESS,1,21.12
user_006,G8_S3_PHO_PROCESS,1,14.83
user_006,G8_S3_PHO_PROCESS,1,13.89
user_006,G8_S3_PHO_PROCESS,1,17.24
user_006,G8_S3_PHO_PROCESS,1,12.92
user_006,G8_S3_PHO_PROCESS,1,13.43
user_006,G8_S3_PHO_PROCESS,1,10.72
user_006,G8_S3_PHO_PROCESS,1,14.89
user_006,G8_S3_PHO_IMPORT,1,17.16
user_006,G8_S3_PHO_IMPORT,1,18.25
user_006,G8_S3_PHO_IMPORT,1,15.09
user_006,G8_S3_PHO_IMPORT,1,14.74
user_006,G8_S3_PHO_IMPORT,1,10.57
user_006,G8_S3_PHO_IMPORT,1,14.0
user_006,G8_S3_PHO_IMPORT,1,10.85
user_006,G8_S3_PHO_IMPORT,1,10.32
user_006,G8_S3_PHO_IMPORT,1,11.14
user_006,G8_S3_PHO_IMPORT,0,15.24
user_006,G8_S3_PHO_IMPORT,1,5.78
user_006,G8_S3_PHO_IMPORT,1,10.74
user_006,G8_S4_MAT_ELEMENTS,1,25.78
user_006,G8_S4_MAT_ELEMENTS,0,17.73
user_006,G8_S4_MAT_ELEMENTS,0,19.43
user_006,G8_S4_MAT_ELEMENTS,0,16.9
user_006,G8_S4_MAT_ELEMENTS,0,19.42
user_006,G8_S4_MAT_ELEMENTS,0,18.97
user_006,G8_S4_MAT_ELEMENTS,0,20.56
user_006,G8_S4_MAT_ELEMENTS,0,22.96
user_006,G8_S4_MAT_ELEMENTS,0,20.17
user_006,G8_S4_MAT_ELEMENTS,1,25.03
user_006,G8_S4_MAT_ELEMENTS,0,20.46
user_006,G8_S4_MAT_ELEMENTS,0,22.15
user_006,G8_S4_MAT_COMPOUNDS,0,21.22
user_006,G8_S4_MAT_COMPOUNDS,0,26.33
user_006,G8_S4_MAT_COMPOUNDS,0,24.83
user_006,G8_S4_MAT_COMPOUNDS,0,23.52
user_006,G8_S4_MAT_COMPOUNDS,1,22.86
user_006,G8_S4_MAT_COMPOUNDS,0,19.5
user_006,G8_S4_MAT_COMPOUNDS,0,25.79
user_006,G8_S4_MAT_COMPOUNDS,0,21.29
user_006,G8_S4_MAT_COMPOUNDS,1,20.15
user_006,G8_S4_MAT_COMPOUNDS,0,15.66
user_006,G8_S4_MAT_COMPOUNDS,0,20.9
user_006,G8_S4_MAT_COMPOUNDS,1,21.02
user_006,G8_S5_MAT_DENSITY,0,21.76
user_006,G8_S5_MAT_DENSITY,0,24.12
user_006,G8_S5_MAT_DENSITY,0,21.62
user_006,G8_S5_MAT_DENSITY,0,20.98
user_006,G8_S5_MAT_DENSITY,0,20.71
user_006,G8_S5_MAT_DENSITY,0,21.06
user_006,G8_S5_MAT_DENSITY,0,27.38
user_006,G8_S5_MAT_DENSITY,1,22.73
user_006,G8_S5_MAT_DENSITY,1,17.7
user_006,G8_S5_MAT_DENSITY,1,13.32
user_006,G8_S5_MAT_DENSITY,1,8.85
user_006,G8_S5_MAT_DENSITY,0,9.76
user_006,G8_S5_MAT_THERMAL,1,26.04
user_006,G8_S5_MAT_THERMAL,1,21.47
user_006,G8_S5_MAT_THERMAL,0,15.91
user_006,G8_S5_MAT_THERMAL,1,22.23
user_006,G8_S5_MAT_THERMAL,1,13.7
user_006,G8_S5_MAT_THERMAL,1,15.09
user_006,G8_S5_MAT_THERMAL,1,18.38
user_006,G8_S5_MAT_THERMAL,1,15.43
user_006,G8_S5_MAT_THERMAL,1,9.56
user_006,G8_S5_MAT_THERMAL,1,13.2
user_006,G8_S5_MAT_THERMAL,1,13.97
user_006,G8_S5_MAT_THERMAL,1,8.3
user_006,G8_S6_CHA_PHYSICAL,0,25.1
user_006,G8_S6_CHA_PHYSICAL,0,19.42
user_006,G8_S6_CHA_PHYSICAL,0,24.85
user_006,G8_S6_CHA_PHYSICAL,1,25.8
user_006,G8_S6_CHA_PHYSICAL,1,17.15
user_006,G8_S6_CHA_PHYSICAL,1,16.03
user_006,G8_S6_CHA_PHYSICAL,1,14.91
user_006,G8_S6_CHA_PHYSICAL,1,14.46
user_006,G8_S6_CHA_PHYSICAL,1,15.04
user_006,G8_S6_CHA_PHYSICAL,1,12.4
user_006,G8_S6_CHA_PHYSICAL,1,17.25
user_006,G8_S6_CHA_PHYSICAL,0,9.6
user_006,G8_S6_CHA_BURNING,0,19.21
user_006,G8_S6_CHA_BURNING,0,22.84
user_006,G8_S6_CHA_BURNING,0,27.87
user_006,G8_S6_CHA_BURNING,0,23.92
user_006,G8_S6_CHA_BURNING,0,23.49
user_006,G8_S6_CHA_BURNING,1,25.02
user_006,G8_S6_CHA_BURNING,0,19.18
user_006,G8_S6_CHA_BURNING,0,19.22
user_006,G8_S6_CHA_BURNING,0,21.37
user_006,G8_S6_CHA_BURNING,0,19.31
user_006,G8_S6_CHA_BURNING,0,22.64
user_006,G8_S6_CHA_BURNING,0,23.25
user_006,G8_S7_FOR_TYPES,0,20.98
user_006,G8_S7_FOR_TYPES,0,19.35
user_006,G8_S7_FOR_TYPES,1,19.19
user_006,G8_S7_FOR_TYPES,1,19.77
user_006,G8_S7_FOR_TYPES,1,18.75
user_006,G8_S7_FOR_TYPES,1,11.26
user_006,G8_S7_FOR_TYPES,1,8.94
user_006,G8_S7_FOR_TYPES,1,7.95
user_006,G8_S7_FOR_TYPES,1,14.51
user_006,G8_S7_FOR_TYPES,1,10.46
user_006,G8_S7_FOR_TYPES,1,13.03
user_006,G8_S7_FOR_TYPES,1,10.54
user_006,G8_S7_FOR_PRESSURE,0,21.36
user_006,G8_S7_FOR_PRESSURE,1,20.68
user_006,G8_S7_FOR_PRESSURE,1,22.02
user_006,G8_S7_FOR_PRESSURE,1,12.39
user_006,G8_S7_FOR_PRESSURE,1,13.36
user_006,G8_S7_FOR_PRESSURE,1,10.18
user_006,G8_S7_FOR_PRESSURE,1,14.39
user_006,G8_S7_FOR_PRESSURE,1,11.14
user_006,G8_S7_FOR_PRESSURE,0,12.21
user_006,G8_S7_FOR_PRESSURE,1,13.26
user_006,G8_S7_FOR_PRESSURE,1,9.0
user_006,G8_S7_FOR_PRESSURE,1,11.68
user_006,G8_S8_STA_PHENOM,1,20.0
user_006,G8_S8_STA_PHENOM,1,22.07
user_006,G8_S8_STA_PHENOM,1,17.91
user_006,G8_S8_STA_PHENOM,0,12.34
user_006,G8_S8_STA_PHENOM,1,17.52
user_006,G8_S8_STA_PHENOM,1,14.01
user_006,G8_S8_STA_PHENOM,1,14.52
user_006,G8_S8_STA_PHENOM,1,10.83
user_006,G8_S8_STA_PHENOM,1,13.16
user_006,G8_S8_STA_PHENOM,1,11.1
user_006,G8_S8_STA_PHENOM,1,11.79
user_006,G8_S8_STA_PHENOM,1,14.33
user_006,G8_S8_STA_LIGHTNG,0,22.12
user_006,G8_S8_STA_LIGHTNG,1,21.69
user_006,G8_S8_STA_LIGHTNG,0,22.18
user_006,G8_S8_STA_LIGHTNG,0,22.29
user_006,G8_S8_STA_LIGHTNG,1,22.33
user_006,G8_S8_STA_LIGHTNG,0,18.86
user_006,G8_S8_STA_LIGHTNG,0,22.52
user_006,G8_S8_STA_LIGHTNG,0,17.07
user_006,G8_S8_STA_LIGHTNG,0,20.58
user_006,G8_S8_STA_LIGHTNG,0,23.67
user_006,G8_S8_STA_LIGHTNG,0,25.0
user_006,G8_S8_STA_LIGHTNG,0,17.46
user_006,G9_S1_SYS_DIGEST,0,24.75
user_006,G9_S1_SYS_DIGEST,1,23.39
user_006,G9_S1_SYS_DIGEST,1,16.19
user_006,G9_S1_SYS_DIGEST,0,17.17
user_006,G9_S1_SYS_DIGEST,0,22.62
user_006,G9_S1_SYS_DIGEST,0,24.7
user_006,G9_S1_SYS_DIGEST,1,21.15
user_006,G9_S1_SYS_DIGEST,1,15.46
user_006,G9_S1_SYS_DIGEST,1,14.58
user_006,G9_S1_SYS_DIGEST,1,11.38
user_006,G9_S1_SYS_DIGEST,1,18.68
user_006,G9_S1_SYS_DIGEST,1,11.8
user_006,G9_S1_SYS_CIRCUL,1,22.17
user_006,G9_S1_SYS_CIRCUL,0,18.82
user_006,G9_S1_SYS_CIRCUL,0,19.11
user_006,G9_S1_SYS_CIRCUL,0,23.8
user_006,G9_S1_SYS_CIRCUL,0,24.92
user_006,G9_S1_SYS_CIRCUL,0,23.95
user_006,G9_S1_SYS_CIRCUL,0,27.43
user_006,G9_S1_SYS_CIRCUL,0,22.32
user_006,G9_S1_SYS_CIRCUL,0,22.28
user_006,G9_S1_SYS_CIRCUL,1,24.23
user_006,G9_S1_SYS_CIRCUL,1,14.16
user_006,G9_S1_SYS_CIRCUL,1,11.83
user_006,G9_S2_RHY_EARTH,1,23.23
user_006,G9_S2_RHY_EARTH,0,16.52
user_006,G9_S2_RHY_EARTH,0,22.72
user_006,G9_S2_RHY_EARTH,0,21.43
user_006,G9_S2_RHY_EARTH,1,21.66
user_006,G9_S2_RHY_EARTH,1,16.84
user_006,G9_S2_RHY_EARTH,1,13.42
user_006,G9_S2_RHY_EARTH,1,11.63
user_006,G9_S2_RHY_EARTH,1,15.16
user_006,G9_S2_RHY_EARTH,0,16.82
user_006,G9_S2_RHY_EARTH,1,13.4
user_006,G9_S2_RHY_EARTH,1,14.13
user_006,G9_S2_RHY_CLIMATE,0,23.57
user_006,G9_S2_RHY_CLIMATE,0,23.53
user_006,G9_S2_RHY_CLIMATE,0,25.73
user_006,G9_S2_RHY_CLIMATE,0,24.61
user_006,G9_S2_RHY_CLIMATE,0,22.96
user_006,G9_S2_RHY_CLIMATE,0,19.39
user_006,G9_S2_RHY_CLIMATE,0,21.83
user_006,G9_S2_RHY_CLIMATE,0,18.79
user_006,G9_S2_RHY_CLIMATE,0,18.25
user_006,G9_S2_RHY_CLIMATE,0,20.83
user_006,G9_S2_RHY_CLIMATE,1,23.39
user_006,G9_S2_RHY_CLIMATE,1,20.23
user_006,G9_S3_LIG_REFRAC,0,26.3
user_006,G9_S3_LIG_REFRAC,1,21.13
user_006,G9_S3_LIG_REFRAC,1,21.92
user_006,G9_S3_LIG_REFRAC,1,9.11
user_006,G9_S3_LIG_REFRAC,1,15.2
user_006,G9_S3_LIG_REFRAC,1,13.32
user_006,G9_S3_LIG_REFRAC,0,11.18
user_006,G9_S3_LIG_REFRAC,1,15.34
user_006,G9_S3_LIG_REFRAC,1,9.11
user_006,G9_S3_LIG_REFRAC,1,11.77
user_006,G9_S3_LIG_REFRAC,1,9.56
user_006,G9_S3_LIG_REFRAC,1,11.51
user_006,G9_S3_LIG_LENSES,0,24.11
user_006,G9_S3_LIG_LENSES,0,20.19
user_006,G9_S3_LIG_LENSES,0,24.75
user_006,G9_S3_LIG_LENSES,0,25.41
user_006,G9_S3_LIG_LENSES,0,20.91
user_006,G9_S3_LIG_LENSES,0,21.39
user_006,G9_S3_LIG_LENSES,1,26.35
user_006,G9_S3_LIG_LENSES,1,19.68
user_006,G9_S3_LIG_LENSES,0,12.42
user_006,G9_S3_LIG_LENSES,1,20.6
user_006,G9_S3_LIG_LENSES,0,14.63
user_006,G9_S3_LIG_LENSES,1,24.81
user_006,G9_S4_SOU_PROPAG,0,24.02
user_006,G9_S4_SOU_PROPAG,1,19.08
user_006,G9_S4_SOU_PROPAG,0,20.91
user_006,G9_S4_SOU_PROPAG,1,24.26
user_006,G9_S4_SOU_PROPAG,0,15.99
user_006,G9_S4_SOU_PROPAG,0,17.38
user_006,G9_S4_SOU_PROPAG,0,20.34
user_006,G9_S4_SOU_PROPAG,0,25.53
user_006,G9_S4_SOU_PROPAG,0,20.22
user_006,G9_S4_SOU_PROPAG,1,24.37
user_006,G9_S4_SOU_PROPAG,0,21.26
user_006,G9_S4_SOU_PROPAG,1,26.19
user_006,G9_S4_SOU_HEARING,1,22.68
user_006,G9_S4_SOU_HEARING,0,15.09
user_006,G9_S4_SOU_HEARING,0,20.88
user_006,G9_S4_SOU_HEARING,1,19.85
user_006,G9_S4_SOU_HEARING,1,17.13
user_006,G9_S4_SOU_HEARING,1,11.73
user_006,G9_S4_SOU_HEARING,1,12.36
user_006,G9_S4_SOU_HEARING,1,8.27
user_006,G9_S4_SOU_HEARING,1,8.93
user_006,G9_S4_SOU_HEARING,0,10.49
user_006,G9_S4_SOU_HEARING,1,15.36
user_006,G9_S4_SOU_HEARING,1,11.5
user_006,G9_S5_HEA_EXPANS,0,27.98
user_006,G9_S5_HEA_EXPANS,1,26.29
user_006,G9_S5_HEA_EXPANS,1,22.85
user_006,G9_S5_HEA_EXPANS,1,15.02
user_006,G9_S5_HEA_EXPANS,0,11.5
user_006,G9_S5_HEA_EXPANS,1,15.14
user_006,G9_S5_HEA_EXPANS,1,10.2
user_006,G9_S5_HEA_EXPANS,0,12.9
user_006,G9_S5_HEA_EXPANS,1,12.6
user_006,G9_S5_HEA_EXPANS,1,15.71
user_006,G9_S5_HEA_EXPANS,1,13.25
user_006,G9_S5_HEA_EXPANS,1,7.5
user_006,G9_S5_HEA_TRANSF,0,21.33
user_006,G9_S5_HEA_TRANSF,1,20.72
user_006,G9_S5_HEA_TRANSF,1,15.18
user_006,G9_S5_HEA_TRANSF,1,14.66
user_006,G9_S5_HEA_TRANSF,1,9.86
user_006,G9_S5_HEA_TRANSF,1,10.87
user_006,G9_S5_HEA_TRANSF,1,12.59
user_006,G9_S5_HEA_TRANSF,1,10.69
user_006,G9_S5_HEA_TRANSF,1,9.29
user_006,G9_S5_HEA_TRANSF,1,13.41
user_006,G9_S5_HEA_TRANSF,1,15.74
user_006,G9_S5_HEA_TRANSF,1,9.83
user_006,G9_S6_NAT_ATOMS,0,25.67
user_006,G9_S6_NAT_ATOMS,0,23.02
user_006,G9_S6_NAT_ATOMS,0,19.75
user_006,G9_S6_NAT_ATOMS,0,22.85
user_006,G9_S6_NAT_ATOMS,0,22.95
user_006,G9_S6_NAT_ATOMS,0,21.45
user_006,G9_S6_NAT_ATOMS,0,23.86
user_006,G9_S6_NAT_ATOMS,0,21.74
user_006,G9_S6_NAT_ATOMS,1,18.59
user_006,G9_S6_NAT_ATOMS,1,16.98
user_006,G9_S6_NAT_ATOMS,1,14.38
user_006,G9_S6_NAT_ATOMS,1,13.87
user_006,G9_S6_NAT_CONFIG,0,29.19
user_006,G9_S6_NAT_CONFIG,0,24.01
user_006,G9_S6_NAT_CONFIG,0,20.11
user_006,G9_S6_NAT_CONFIG,0,21.83
user_006,G9_S6_NAT_CONFIG,1,20.71
user_006,G9_S6_NAT_CONFIG,0,24.52
user_006,G9_S6_NAT_CONFIG,0,20.14
user_006,G9_S6_NAT_CONFIG,0,20.12
user_006,G9_S6_NAT_CONFIG,0,15.54
user_006,G9_S6_NAT_CONFIG,0,21.52
user_006,G9_S6_NAT_CONFIG,0,22.8
user_006,G9_S6_NAT_CONFIG,0,23.58
user_006,G9_S7_ACI_SALTS,1,23.41
user_006,G9_S7_ACI_SALTS,0,21.51
user_006,G9_S7_ACI_SALTS,0,20.84
user_006,G9_S7_ACI_SALTS,0,21.59
user_006,G9_S7_ACI_SALTS,1,21.97
user_006,G9_S7_ACI_SALTS,1,19.0
user_006,G9_S7_ACI_SALTS,1,17.84
user_006,G9_S7_ACI_SALTS,1,12.08
user_006,G9_S7_ACI_SALTS,1,9.26
user_006,G9_S7_ACI_SALTS,1,13.95
user_006,G9_S7_ACI_SALTS,1,11.34
user_006,G9_S7_ACI_SALTS,1,4.35
user_006,G9_S7_ACI_NEUTRAL,1,20.2
user_006,G9_S7_ACI_NEUTRAL,0,21.63
user_006,G9_S7_ACI_NEUTRAL,0,20.97
user_006,G9_S7_ACI_NEUTRAL,0,23.3
user_006,G9_S7_ACI_NEUTRAL,0,25.9
user_006,G9_S7_ACI_NEUTRAL,1,23.21
user_006,G9_S7_ACI_NEUTRAL,1,21.51
user_006,G9_S7_ACI_NEUTRAL,1,16.87
user_006,G9_S7_ACI_NEUTRAL,1,11.49
user_006,G9_S7_ACI_NEUTRAL,1,13.97
user_006,G9_S7_ACI_NEUTRAL,1,12.24
user_006,G9_S7_ACI_NEUTRAL,1,12.5
user_007,G6_S1_ORG_CHARS,0,22.2
user_007,G6_S1_ORG_CHARS,0,22.5
user_007,G6_S1_ORG_CHARS,1,21.35
user_007,G6_S1_ORG_CHARS,0,15.04
user_007,G6_S1_ORG_CHARS,0,17.28
user_007,G6_S1_ORG_CHARS,0,20.88
user_007,G6_S1_ORG_CHARS,0,17.62
user_007,G6_S1_ORG_CHARS,1,18.42
user_007,G6_S1_ORG_CHARS,0,15.36
user_007,G6_S1_ORG_CHARS,0,22.35
user_007,G6_S1_ORG_CHARS,0,18.4
user_007,G6_S1_ORG_CHARS,0,20.97
user_007,G6_S1_ORG_CLASS,0,23.25
user_007,G6_S1_ORG_CLASS,0,21.94
user_007,G6_S1_ORG_CLASS,1,23.22
user_007,G6_S1_ORG_CLASS,0,18.13
user_007,G6_S1_ORG_CLASS,1,19.51
user_007,G6_S1_ORG_CLASS,1,8.93
user_007,G6_S1_ORG_CLASS,1,9.92
user_007,G6_S1_ORG_CLASS,1,9.89
user_007,G6_S1_ORG_CLASS,0,13.02
user_007,G6_S1_ORG_CLASS,1,10.72
user_007,G6_S1_ORG_CLASS,1,17.01
user_007,G6_S1_ORG_CLASS,1,10.41
user_007,G6_S2_MAT_STATES,1,26.67
user_007,G6_S2_MAT_STATES,1,15.01
user_007,G6_S2_MAT_STATES,1,16.16
user_007,G6_S2_MAT_STATES,1,13.63
user_007,G6_S2_MAT_STATES,0,12.82
user_007,G6_S2_MAT_STATES,1,14.56
user_007,G6_S2_MAT_STATES,1,7.73
user_007,G6_S2_MAT_STATES,0,12.49
user_007,G6_S2_MAT_STATES,1,9.46
user_007,G6_S2_MAT_STATES,1,12.25
user_007,G6_S2_MAT_STATES,1,17.26
user_007,G6_S2_MAT_STATES,1,12.11
user_007,G6_S2_MAT_PROPS,0,19.09
user_007,G6_S2_MAT_PROPS,0,18.19
user_007,G6_S2_MAT_PROPS,0,20.43
user_007,G6_S2_MAT_PROPS,1,17.77
user_007,G6_S2_MAT_PROPS,0,21.64
user_007,G6_S2_MAT_PROPS,0,19.54
user_007,G6_S2_MAT_PROPS,0,18.97
user_007,G6_S2_MAT_PROPS,0,19.5
user_007,G6_S2_MAT_PROPS,0,23.74
user_007,G6_S2_MAT_PROPS,1,19.61
user_007,G6_S2_MAT_PROPS,1,18.92
user_007,G6_S2_MAT_PROPS,0,11.58
user_007,G6_S4_ENE_SOURCES,0,21.34
user_007,G6_S4_ENE_SOURCES,1,23.32
user_007,G6_S4_ENE_SOURCES,0,16.86
user_007,G6_S4_ENE_SOURCES,0,23.9
user_007,G6_S4_ENE_SOURCES,1,20.95
user_007,G6_S4_ENE_SOURCES,1,18.56
user_007,G6_S4_ENE_SOURCES,1,11.8
user_007,G6_S4_ENE_SOURCES,1,11.68
user_007,G6_S4_ENE_SOURCES,1,9.4
user_007,G6_S4_ENE_SOURCES,1,8.65
user_007,G6_S4_ENE_SOURCES,1,10.1
user_007,G6_S4_ENE_SOURCES,1,10.27
user_007,G6_S8_ELE_CIRCUITS,0,21.96
user_007,G6_S8_ELE_CIRCUITS,1,23.65
user_007,G6_S8_ELE_CIRCUITS,0,17.43
user_007,G6_S8_ELE_CIRCUITS,1,22.23
user_007,G6_S8_ELE_CIRCUITS,1,17.52
user_007,G6_S8_ELE_CIRCUITS,1,14.21
user_007,G6_S8_ELE_CIRCUITS,1,10.86
user_007,G6_S8_ELE_CIRCUITS,1,12.27
user_007,G6_S8_ELE_CIRCUITS,1,10.54
user_007,G6_S8_ELE_CIRCUITS,1,13.38
user_007,G6_S8_ELE_CIRCUITS,1,12.58
user_007,G6_S8_ELE_CIRCUITS,1,11.08
user_007,G6_S8_ELE_CONDINS,0,24.2
user_007,G6_S8_ELE_CONDINS,0,23.62
user_007,G6_S8_ELE_CONDINS,0,22.69
user_007,G6_S8_ELE_CONDINS,1,20.43
user_007,G6_S8_ELE_CONDINS,1,12.83
user_007,G6_S8_ELE_CONDINS,0,15.28
user_007,G6_S8_ELE_CONDINS,1,17.61
user_007,G6_S8_ELE_CONDINS,1,15.67
user_007,G6_S8_ELE_CONDINS,1,9.6
user_007,G6_S8_ELE_CONDINS,1,13.6
user_007,G6_S8_ELE_CONDINS,1,10.29
user_007,G6_S8_ELE_CONDINS,1,15.78
user_007,G7_S1_PLA_DIVER,0,27.12
user_007,G7_S1_PLA_DIVER,0,19.53
user_007,G7_S1_PLA_DIVER,1,21.85
user_007,G7_S1_PLA_DIVER,1,17.34
user_007,G7_S1_PLA_DIVER,1,13.92
user_007,G7_S1_PLA_DIVER,1,10.8
user_007,G7_S1_PLA_DIVER,1,16.13
user_007,G7_S1_PLA_DIVER,1,11.6
user_007,G7_S1_PLA_DIVER,1,8.12
user_007,G7_S1_PLA_DIVER,1,12.51
user_007,G7_S1_PLA_DIVER,1,10.34
user_007,G7_S1_PLA_DIVER,1,12.03
user_007,G7_S1_PLA_CLASSIF,0,24.83
user_007,G7_S1_PLA_CLASSIF,0,21.6
user_007,G7_S1_PLA_CLASSIF,1,20.3
user_007,G7_S1_PLA_CLASSIF,0,12.12
user_007,G7_S1_PLA_CLASSIF,0,23.08
user_007,G7_S1_PLA_CLASSIF,0,27.99
user_007,G7_S1_PLA_CLASSIF,0,21.56
user_007,G7_S1_PLA_CLASSIF,1,22.71
user_007,G7_S1_PLA_CLASSIF,0,18.56
user_007,G7_S1_PLA_CLASSIF,0,18.82
user_007,G7_S1_PLA_CLASSIF,1,23.49
user_007,G7_S1_PLA_CLASSIF,1,16.74
user_007,G7_S2_STA_CHARGES,0,23.27
user_007,G7_S2_STA_CHARGES,0,23.88
user_007,G7_S2_STA_CHARGES,0,20.36
user_007,G7_S2_STA_CHARGES,1,20.01
user_007,G7_S2_STA_CHARGES,1,15.82
user_007,G7_S2_STA_CHARGES,1,15.91
user_007,G7_S2_STA_CHARGES,1,13.37
user_007,G7_S2_STA_CHARGES,1,12.47
user_007,G7_S2_STA_CHARGES,1,7.01
user_007,G7_S2_STA_CHARGES,1,13.08
user_007,G7_S2_STA_CHARGES,1,14.32
user_007,G7_S2_STA_CHARGES,1,11.43
user_007,G7_S2_STA_CAPACIT,1,26.05
user_007,G7_S2_STA_CAPACIT,0,19.87
user_007,G7_S2_STA_CAPACIT,1,20.82
user_007,G7_S2_STA_CAPACIT,0,14.43
user_007,G7_S2_STA_CAPACIT,0,17.41
user_007,G7_S2_STA_CAPACIT,1,23.51
user_007,G7_S2_STA_CAPACIT,1,17.72
user_007,G7_S2_STA_CAPACIT,1,12.92
user_007,G7_S2_STA_CAPACIT,1,8.07
user_007,G7_S2_STA_CAPACIT,1,9.53
user_007,G7_S2_STA_CAPACIT,1,10.65
user_007,G7_S2_STA_CAPACIT,1,6.92
user_007,G7_S3_ELE_SOURCES,0,20.89
user_007,G7_S3_ELE_SOURCES,0,24.93
user_007,G7_S3_ELE_SOURCES,1,21.47
user_007,G7_S3_ELE_SOURCES,1,15.88
user_007,G7_S3_ELE_SOURCES,1,13.18
user_007,G7_S3_ELE_SOURCES,1,17.27
user_007,G7_S3_ELE_SOURCES,1,17.22
user_007,G7_S3_ELE_SOURCES,1,11.36
user_007,G7_S3_ELE_SOURCES,1,12.91
user_007,G7_S3_ELE_SOURCES,1,11.67
user_007,G7_S3_ELE_SOURCES,0,11.64
user_007,G7_S3_ELE_SOURCES,1,13.36
user_007,G7_S3_ELE_CURRENTS,0,23.52
user_007,G7_S3_ELE_CURRENTS,0,22.21
user_007,G7_S3_ELE_CURRENTS,0,20.15
user_007,G7_S3_ELE_CURRENTS,1,17.79
user_007,G7_S3_ELE_CURRENTS,0,21.81
user_007,G7_S3_ELE_CURRENTS,1,15.9
user_007,G7_S3_ELE_CURRENTS,0,13.3
user_007,G7_S3_ELE_CURRENTS,1,22.92
user_007,G7_S3_ELE_CURRENTS,1,16.59
user_007,G7_S3_ELE_CURRENTS,1,14.76
user_007,G7_S3_ELE_CURRENTS,1,15.61
user_007,G7_S3_ELE_CURRENTS,1,9.34
user_007,G7_S4_WAT_SOLVENT,0,21.0
user_007,G7_S4_WAT_SOLVENT,1,21.4
user_007,G7_S4_WAT_SOLVENT,0,14.85
user_007,G7_S4_WAT_SOLVENT,1,20.19
user_007,G7_S4_WAT_SOLVENT,1,16.45
user_007,G7_S4_WAT_SOLVENT,1,13.01
user_007,G7_S4_WAT_SOLVENT,0,11.68
user_007,G7_S4_WAT_SOLVENT,1,18.33
user_007,G7_S4_WAT_SOLVENT,1,13.79
user_007,G7_S4_WAT_SOLVENT,1,9.53
user_007,G7_S4_WAT_SOLVENT,1,10.33
user_007,G7_S4_WAT_SOLVENT,1,10.73
user_007,G7_S4_WAT_COOLANT,0,19.36
user_007,G7_S4_WAT_COOLANT,0,20.48
user_007,G7_S4_WAT_COOLANT,0,21.06
user_007,G7_S4_WAT_COOLANT,0,22.13
user_007,G7_S4_WAT_COOLANT,0,22.58
user_007,G7_S4_WAT_COOLANT,1,27.49
user_007,G7_S4_WAT_COOLANT,0,10.74
user_007,G7_S4_WAT_COOLANT,0,18.63
user_007,G7_S4_WAT_COOLANT,0,24.26
user_007,G7_S4_WAT_COOLANT,1,23.8
user_007,G7_S4_WAT_COOLANT,0,19.5
user_007,G7_S4_WAT_COOLANT,0,17.68
user_007,G7_S5_ACI_IDENTIF,0,23.37
user_007,G7_S5_ACI_IDENTIF,0,23.51
user_007,G7_S5_ACI_IDENTIF,0,21.42
user_007,G7_S5_ACI_IDENTIF,1,19.95
user_007,G7_S5_ACI_IDENTIF,0,13.65
user_007,G7_S5_ACI_IDENTIF,1,23.82
user_007,G7_S5_ACI_IDENTIF,1,17.72
user_007,G7_S5_ACI_IDENTIF,1,17.73
user_007,G7_S5_ACI_IDENTIF,1,12.04
user_007,G7_S5_ACI_IDENTIF,1,8.81
user_007,G7_S5_ACI_IDENTIF,1,13.24
user_007,G7_S5_ACI_IDENTIF,1,14.33
user_007,G7_S5_ACI_INDICAT,1,24.64
user_007,G7_S5_ACI_INDICAT,0,20.17
user_007,G7_S5_ACI_INDICAT,0,23.12
user_007,G7_S5_ACI_INDICAT,0,22.87
user_007,G7_S5_ACI_INDICAT,0,19.37
user_007,G7_S5_ACI_INDICAT,1,19.84
user_007,G7_S5_ACI_INDICAT,0,17.02
user_007,G7_S5_ACI_INDICAT,1,16.15
user_007,G7_S5_ACI_INDICAT,1,16.34
user_007,G7_S5_ACI_INDICAT,1,13.65
user_007,G7_S5_ACI_INDICAT,1,18.25
user_007,G7_S5_ACI_INDICAT,1,10.93
user_007,G7_S6_ANI_CLASSIF,0,21.03
user_007,G7_S6_ANI_CLASSIF,1,24.87
user_007,G7_S6_ANI_CLASSIF,1,14.45
user_007,G7_S6_ANI_CLASSIF,1,12.43
user_007,G7_S6_ANI_CLASSIF,1,12.87
user_007,G7_S6_ANI_CLASSIF,1,12.87
user_007,G7_S6_ANI_CLASSIF,1,15.36
user_007,G7_S6_ANI_CLASSIF,1,15.28
user_007,G7_S6_ANI_CLASSIF,1,7.59
user_007,G7_S6_ANI_CLASSIF,1,11.82
user_007,G7_S6_ANI_CLASSIF,0,14.65
user_007,G7_S6_ANI_CLASSIF,1,13.33
user_007,G7_S6_ANI_ADAPTAT,0,23.76
user_007,G7_S6_ANI_ADAPTAT,1,26.53
user_007,G7_S6_ANI_ADAPTAT,0,18.04
user_007,G7_S6_ANI_ADAPTAT,1,19.25
user_007,G7_S6_ANI_ADAPTAT,1,20.89
user_007,G7_S6_ANI_ADAPTAT,1,17.02
user_007,G7_S6_ANI_ADAPTAT,1,16.52
user_007,G7_S6_ANI_ADAPTAT,0,15.93
user_007,G7_S6_ANI_ADAPTAT,0,12.11
user_007,G7_S6_ANI_ADAPTAT,1,15.46
user_007,G7_S6_ANI_ADAPTAT,1,12.99
user_007,G7_S6_ANI_ADAPTAT,1,11.31
user_007,G7_S7_ENE_FORMS,1,23.93
user_007,G7_S7_ENE_FORMS,1,17.62
user_007,G7_S7_ENE_FORMS,0,12.61
user_007,G7_S7_ENE_FORMS,0,14.5
user_007,G7_S7_ENE_FORMS,0,21.06
user_007,G7_S7_ENE_FORMS,0,21.38
user_007,G7_S7_ENE_FORMS,1,20.2
user_007,G7_S7_ENE_FORMS,1,15.48
user_007,G7_S7_ENE_FORMS,1,14.61
user_007,G7_S7_ENE_FORMS,1,10.02
user_007,G7_S7_ENE_FORMS,1,14.18
user_007,G7_S7_ENE_FORMS,1,11.71
user_007,G7_S7_ENE_TRANSF,0,24.0
user_007,G7_S7_ENE_TRANSF,1,23.87
user_007,G7_S7_ENE_TRANSF,1,16.43
user_007,G7_S7_ENE_TRANSF,1,11.49
user_007,G7_S7_ENE_TRANSF,1,13.69
user_007,G7_S7_ENE_TRANSF,1,8.94
user_007,G7_S7_ENE_TRANSF,1,9.21
user_007,G7_S7_ENE_TRANSF,1,12.21
user_007,G7_S7_ENE_TRANSF,1,9.79
user_007,G7_S7_ENE_TRANSF,1,14.25
user_007,G7_S7_ENE_TRANSF,1,10.77
user_007,G7_S7_ENE_TRANSF,1,8.42
user_007,G7_S8_EAR_STRUCT,1,30.68
user_007,G7_S8_EAR_STRUCT,1,18.94
user_007,G7_S8_EAR_STRUCT,1,19.34
user_007,G7_S8_EAR_STRUCT,1,11.1
user_007,G7_S8_EAR_STRUCT,1,15.01
user_007,G7_S8_EAR_STRUCT,1,8.23
user_007,G7_S8_EAR_STRUCT,1,15.05
user_007,G7_S8_EAR_STRUCT,0,15.84
user_007,G7_S8_EAR_STRUCT,0,13.41
user_007,G7_S8_EAR_STRUCT,1,21.77
user_007,G7_S8_EAR_STRUCT,1,17.07
user_007,G7_S8_EAR_STRUCT,1,11.49
user_007,G7_S8_EAR_TECTON,1,25.28
user_007,G7_S8_EAR_TECTON,0,18.01
user_007,G7_S8_EAR_TECTON,0,25.21
user_007,G7_S8_EAR_TECTON,0,23.57
user_007,G7_S8_EAR_TECTON,1,20.92
user_007,G7_S8_EAR_TECTON,1,16.78
user_007,G7_S8_EAR_TECTON,1,13.44
user_007,G7_S8_EAR_TECTON,1,11.0
user_007,G7_S8_EAR_TECTON,1,12.11
user_007,G7_S8_EAR_TECTON,1,8.43
user_007,G7_S8_EAR_TECTON,1,9.96
user_007,G7_S8_EAR_TECTON,1,15.71
user_007,G7_S9_LIG_SHADOWS,0,25.78
user_007,G7_S9_LIG_SHADOWS,1,25.81
user_007,G7_S9_LIG_SHADOWS,0,15.92
user_007,G7_S9_LIG_SHADOWS,0,20.38
user_007,G7_S9_LIG_SHADOWS,0,23.58
user_007,G7_S9_LIG_SHADOWS,0,19.4
user_007,G7_S9_LIG_SHADOWS,0,17.78
user_007,G7_S9_LIG_SHADOWS,0,21.51
user_007,G7_S9_LIG_SHADOWS,1,24.43
user_007,G7_S9_LIG_SHADOWS,0,15.61
user_007,G7_S9_LIG_SHADOWS,1,21.1
user_007,G7_S9_LIG_SHADOWS,1,18.14
user_007,G7_S9_LIG_MIRRORS,1,22.94
user_007,G7_S9_LIG_MIRRORS,0,16.3
user_007,G7_S9_LIG_MIRRORS,0,19.09
user_007,G7_S9_LIG_MIRRORS,0,21.86
user_007,G7_S9_LIG_MIRRORS,0,23.7
user_007,G7_S9_LIG_MIRRORS,0,25.22
user_007,G7_S9_LIG_MIRRORS,1,22.25
user_007,G7_S9_LIG_MIRRORS,1,17.61
user_007,G7_S9_LIG_MIRRORS,0,15.6
user_007,G7_S9_LIG_MIRRORS,1,18.12
user_007,G7_S9_LIG_MIRRORS,1,10.74
user_007,G7_S9_LIG_MIRRORS,1,10.31
user_007,G7_S10_MIC_LIGHT,0,22.62
user_007,G7_S10_MIC_LIGHT,1,21.23
user_007,G7_S10_MIC_LIGHT,0,13.95
user_007,G7_S10_MIC_LIGHT,0,19.41
user_007,G7_S10_MIC_LIGHT,1,19.19
user_007,G7_S10_MIC_LIGHT,1,21.77
user_007,G7_S10_MIC_LIGHT,1,12.76
user_007,G7_S10_MIC_LIGHT,1,14.73
user_007,G7_S10_MIC_LIGHT,1,11.2
user_007,G7_S10_MIC_LIGHT,1,5.75
user_007,G7_S10_MIC_LIGHT,1,8.85
user_007,G7_S10_MIC_LIGHT,1,14.32
user_007,G7_S10_MIC_ELECTR,0,24.89
user_007,G7_S10_MIC_ELECTR,0,24.22
user_007,G7_S10_MIC_ELECTR,0,22.57
user_007,G7_S10_MIC_ELECTR,1,19.73
user_007,G7_S10_MIC_ELECTR,1,17.13
user_007,G7_S10_MIC_ELECTR,1,12.5
user_007,G7_S10_MIC_ELECTR,0,13.59
user_007,G7_S10_MIC_ELECTR,1,10.25
user_007,G7_S10_MIC_ELECTR,1,15.24
user_007,G7_S10_MIC_ELECTR,1,11.54
user_007,G7_S10_MIC_ELECTR,1,14.14
user_007,G7_S10_MIC_ELECTR,1,11.22
user_007,G8_S1_BIO_DIVER,0,20.0
user_007,G8_S1_BIO_DIVER,0,25.29
user_007,G8_S1_BIO_DIVER,0,21.81
user_007,G8_S1_BIO_DIVER,1,19.06
user_007,G8_S1_BIO_DIVER,1,18.21
user_007,G8_S1_BIO_DIVER,1,14.34
user_007,G8_S1_BIO_DIVER,1,13.0
user_007,G8_S1_BIO_DIVER,1,10.99
user_007,G8_S1_BIO_DIVER,1,16.28
user_007,G8_S1_BIO_DIVER,1,11.35
user_007,G8_S1_BIO_DIVER,1,9.97
user_007,G8_S1_BIO_DIVER,1,17.31
user_007,G8_S1_BIO_CLASSIF,0,22.34
user_007,G8_S1_BIO_CLASSIF,1,22.44
user_007,G8_S1_BIO_CLASSIF,0,16.35
user_007,G8_S1_BIO_CLASSIF,1,22.56
user_007,G8_S1_BIO_CLASSIF,0,14.0
user_007,G8_S1_BIO_CLASSIF,1,17.51
user_007,G8_S1_BIO_CLASSIF,1,18.61
user_007,G8_S1_BIO_CLASSIF,1,13.66
user_007,G8_S1_BIO_CLASSIF,1,13.3
user_007,G8_S1_BIO_CLASSIF,1,11.53
user_007,G8_S1_BIO_CLASSIF,1,14.36
user_007,G8_S1_BIO_CLASSIF,1,11.45
user_007,G8_S2_TIS_PLANT,0,22.62
user_007,G8_S2_TIS_PLANT,0,26.57
user_007,G8_S2_TIS_PLANT,0,19.1
user_007,G8_S2_TIS_PLANT,1,18.42
user_007,G8_S2_TIS_PLANT,0,20.91
user_007,G8_S2_TIS_PLANT,1,20.43
user_007,G8_S2_TIS_PLANT,1,14.18
user_007,G8_S2_TIS_PLANT,1,13.24
user_007,G8_S2_TIS_PLANT,1,14.47
user_007,G8_S2_TIS_PLANT,1,13.65
user_007,G8_S2_TIS_PLANT,1,11.15
user_007,G8_S2_TIS_PLANT,1,12.37
user_007,G8_S2_TIS_ANIMAL,0,26.65
user_007,G8_S2_TIS_ANIMAL,1,19.72
user_007,G8_S2_TIS_ANIMAL,1,14.41
user_007,G8_S2_TIS_ANIMAL,1,21.74
user_007,G8_S2_TIS_ANIMAL,1,10.95
user_007,G8_S2_TIS_ANIMAL,1,12.66
user_007,G8_S2_TIS_ANIMAL,1,8.85
user_007,G8_S2_TIS_ANIMAL,1,12.82
user_007,G8_S2_TIS_ANIMAL,1,10.28
user_007,G8_S2_TIS_ANIMAL,0,10.77
user_007,G8_S2_TIS_ANIMAL,1,10.43
user_007,G8_S2_TIS_ANIMAL,1,13.53
user_007,G8_S3_PHO_PROCESS,0,26.5
user_007,G8_S3_PHO_PROCESS,1,20.58
user_007,G8_S3_PHO_PROCESS,0,17.94
user_007,G8_S3_PHO_PROCESS,1,20.59
user_007,G8_S3_PHO_PROCESS,1,14.44
user_007,G8_S3_PHO_PROCESS,1,8.37
user_007,G8_S3_PHO_PROCESS,1,12.1
user_007,G8_S3_PHO_PROCESS,1,16.72
user_007,G8_S3_PHO_PROCESS,0,9.97
user_007,G8_S3_PHO_PROCESS,1,16.27
user_007,G8_S3_PHO_PROCESS,1,9.94
user_007,G8_S3_PHO_PROCESS,1,13.52
user_007,G8_S3_PHO_IMPORT,1,22.28
user_007,G8_S3_PHO_IMPORT,0,17.54
user_007,G8_S3_PHO_IMPORT,1,25.09
user_007,G8_S3_PHO_IMPORT,1,16.99
user_007,G8_S3_PHO_IMPORT,1,12.13
user_007,G8_S3_PHO_IMPORT,1,9.73
user_007,G8_S3_PHO_IMPORT,0,15.95
user_007,G8_S3_PHO_IMPORT,1,11.81
user_007,G8_S3_PHO_IMPORT,1,14.03
user_007,G8_S3_PHO_IMPORT,1,14.4
user_007,G8_S3_PHO_IMPORT,0,16.99
user_007,G8_S3_PHO_IMPORT,1,17.06
user_007,G8_S4_MAT_ELEMENTS,0,25.64
user_007,G8_S4_MAT_ELEMENTS,0,21.79
user_007,G8_S4_MAT_ELEMENTS,1,15.62
user_007,G8_S4_MAT_ELEMENTS,1,18.38
user_007,G8_S4_MAT_ELEMENTS,1,15.58
user_007,G8_S4_MAT_ELEMENTS,1,11.98
user_007,G8_S4_MAT_ELEMENTS,1,10.57
user_007,G8_S4_MAT_ELEMENTS,0,13.69
user_007,G8_S4_MAT_ELEMENTS,0,13.3
user_007,G8_S4_MAT_ELEMENTS,0,18.8
user_007,G8_S4_MAT_ELEMENTS,1,23.61
user_007,G8_S4_MAT_ELEMENTS,0,14.34
user_007,G8_S4_MAT_COMPOUNDS,0,21.45
user_007,G8_S4_MAT_COMPOUNDS,0,19.57
user_007,G8_S4_MAT_COMPOUNDS,0,18.75
user_007,G8_S4_MAT_COMPOUNDS,0,20.78
user_007,G8_S4_MAT_COMPOUNDS,1,22.69
user_007,G8_S4_MAT_COMPOUNDS,1,18.78
user_007,G8_S4_MAT_COMPOUNDS,1,10.95
user_007,G8_S4_MAT_COMPOUNDS,1,11.72
user_007,G8_S4_MAT_COMPOUNDS,1,10.37
user_007,G8_S4_MAT_COMPOUNDS,1,12.9
user_007,G8_S4_MAT_COMPOUNDS,0,17.05
user_007,G8_S4_MAT_COMPOUNDS,1,7.07
user_007,G8_S5_MAT_DENSITY,1,21.06
user_007,G8_S5_MAT_DENSITY,1,16.24
user_007,G8_S5_MAT_DENSITY,1,14.35
user_007,G8_S5_MAT_DENSITY,1,7.09
user_007,G8_S5_MAT_DENSITY,1,11.68
user_007,G8_S5_MAT_DENSITY,1,11.86
user_007,G8_S5_MAT_DENSITY,1,12.6
user_007,G8_S5_MAT_DENSITY,1,14.75
user_007,G8_S5_MAT_DENSITY,1,10.93
user_007,G8_S5_MAT_DENSITY,0,12.38
user_007,G8_S5_MAT_DENSITY,0,8.95
user_007,G8_S5_MAT_DENSITY,0,17.08
user_007,G8_S5_MAT_THERMAL,0,25.34
user_007,G8_S5_MAT_THERMAL,1,21.8
user_007,G8_S5_MAT_THERMAL,1,18.92
user_007,G8_S5_MAT_THERMAL,0,12.84
user_007,G8_S5_MAT_THERMAL,0,16.92
user_007,G8_S5_MAT_THERMAL,0,21.84
user_007,G8_S5_MAT_THERMAL,1,22.8
user_007,G8_S5_MAT_THERMAL,1,17.35
user_007,G8_S5_MAT_THERMAL,0,15.35
user_007,G8_S5_MAT_THERMAL,1,15.3
user_007,G8_S5_MAT_THERMAL,0,16.31
user_007,G8_S5_MAT_THERMAL,0,18.82
user_007,G8_S6_CHA_PHYSICAL,1,20.24
user_007,G8_S6_CHA_PHYSICAL,0,15.85
user_007,G8_S6_CHA_PHYSICAL,0,23.47
user_007,G8_S6_CHA_PHYSICAL,0,23.9
user_007,G8_S6_CHA_PHYSICAL,1,23.86
user_007,G8_S6_CHA_PHYSICAL,1,15.37
user_007,G8_S6_CHA_PHYSICAL,1,14.6
user_007,G8_S6_CHA_PHYSICAL,1,9.84
user_007,G8_S6_CHA_PHYSICAL,1,14.1
user_007,G8_S6_CHA_PHYSICAL,1,9.36
user_007,G8_S6_CHA_PHYSICAL,1,13.7
user_007,G8_S6_CHA_PHYSICAL,1,11.64
user_007,G8_S6_CHA_BURNING,0,20.8
user_007,G8_S6_CHA_BURNING,1,19.34
user_007,G8_S6_CHA_BURNING,0,18.46
user_007,G8_S6_CHA_BURNING,1,20.03
user_007,G8_S6_CHA_BURNING,0,18.13
user_007,G8_S6_CHA_BURNING,0,21.85
user_007,G8_S6_CHA_BURNING,1,21.49
user_007,G8_S6_CHA_BURNING,1,22.12
user_007,G8_S6_CHA_BURNING,1,14.03
user_007,G8_S6_CHA_BURNING,1,16.84
user_007,G8_S6_CHA_BURNING,1,11.26
user_007,G8_S6_CHA_BURNING,0,10.58
user_007,G8_S7_FOR_TYPES,0,20.98
user_007,G8_S7_FOR_TYPES,1,19.29
user_007,G8_S7_FOR_TYPES,1,15.66
user_007,G8_S7_FOR_TYPES,1,12.57
user_007,G8_S7_FOR_TYPES,1,14.68
user_007,G8_S7_FOR_TYPES,1,13.72
user_007,G8_S7_FOR_TYPES,1,9.99
user_007,G8_S7_FOR_TYPES,1,13.91
user_007,G8_S7_FOR_TYPES,1,13.07
user_007,G8_S7_FOR_TYPES,1,11.9
user_007,G8_S7_FOR_TYPES,1,10.1
user_007,G8_S7_FOR_TYPES,1,16.98
user_007,G8_S7_FOR_PRESSURE,1,24.52
user_007,G8_S7_FOR_PRESSURE,0,19.37
user_007,G8_S7_FOR_PRESSURE,0,27.62
user_007,G8_S7_FOR_PRESSURE,0,22.78
user_007,G8_S7_FOR_PRESSURE,0,19.26
user_007,G8_S7_FOR_PRESSURE,1,19.56
user_007,G8_S7_FOR_PRESSURE,0,18.32
user_007,G8_S7_FOR_PRESSURE,1,19.87
user_007,G8_S7_FOR_PRESSURE,1,14.49
user_007,G8_S7_FOR_PRESSURE,0,13.06
user_007,G8_S7_FOR_PRESSURE,1,17.56
user_007,G8_S7_FOR_PRESSURE,1,15.75
user_007,G8_S8_STA_PHENOM,0,24.78
user_007,G8_S8_STA_PHENOM,0,20.93
user_007,G8_S8_STA_PHENOM,0,19.6
user_007,G8_S8_STA_PHENOM,1,23.78
user_007,G8_S8_STA_PHENOM,0,13.96
user_007,G8_S8_STA_PHENOM,1,19.8
user_007,G8_S8_STA_PHENOM,1,17.04
user_007,G8_S8_STA_PHENOM,0,16.29
user_007,G8_S8_STA_PHENOM,1,12.95
user_007,G8_S8_STA_PHENOM,1,15.06
user_007,G8_S8_STA_PHENOM,1,14.01
user_007,G8_S8_STA_PHENOM,1,6.48
user_007,G8_S8_STA_LIGHTNG,0,19.49
user_007,G8_S8_STA_LIGHTNG,0,23.54
user_007,G8_S8_STA_LIGHTNG,0,19.59
user_007,G8_S8_STA_LIGHTNG,0,19.98
user_007,G8_S8_STA_LIGHTNG,0,20.97
user_007,G8_S8_STA_LIGHTNG,1,20.91
user_007,G8_S8_STA_LIGHTNG,1,13.48
user_007,G8_S8_STA_LIGHTNG,1,13.11
user_007,G8_S8_STA_LIGHTNG,1,8.58
user_007,G8_S8_STA_LIGHTNG,1,7.28
user_007,G8_S8_STA_LIGHTNG,1,13.06
user_007,G8_S8_STA_LIGHTNG,1,14.06
user_007,G9_S1_SYS_DIGEST,0,26.17
user_007,G9_S1_SYS_DIGEST,1,23.21
user_007,G9_S1_SYS_DIGEST,0,19.22
user_007,G9_S1_SYS_DIGEST,1,21.92
user_007,G9_S1_SYS_DIGEST,1,12.23
user_007,G9_S1_SYS_DIGEST,0,14.61
user_007,G9_S1_SYS_DIGEST,1,14.8
user_007,G9_S1_SYS_DIGEST,1,16.25
user_007,G9_S1_SYS_DIGEST,1,12.19
user_007,G9_S1_SYS_DIGEST,0,15.57
user_007,G9_S1_SYS_DIGEST,0,18.24
user_007,G9_S1_SYS_DIGEST,1,19.6
user_007,G9_S1_SYS_CIRCUL,0,22.15
user_007,G9_S1_SYS_CIRCUL,1,23.65
user_007,G9_S1_SYS_CIRCUL,0,8.93
user_007,G9_S1_SYS_CIRCUL,0,20.81
user_007,G9_S1_SYS_CIRCUL,1,22.57
user_007,G9_S1_SYS_CIRCUL,1,17.89
user_007,G9_S1_SYS_CIRCUL,1,12.14
user_007,G9_S1_SYS_CIRCUL,1,15.62
user_007,G9_S1_SYS_CIRCUL,0,13.82
user_007,G9_S1_SYS_CIRCUL,0,12.7
user_007,G9_S1_SYS_CIRCUL,1,23.35
user_007,G9_S1_SYS_CIRCUL,1,10.78
user_007,G9_S2_RHY_EARTH,0,23.99
user_007,G9_S2_RHY_EARTH,0,22.12
user_007,G9_S2_RHY_EARTH,0,20.86
user_007,G9_S2_RHY_EARTH,0,25.41
user_007,G9_S2_RHY_EARTH,0,20.16
user_007,G9_S2_RHY_EARTH,0,24.49
user_007,G9_S2_RHY_EARTH,0,16.96
user_007,G9_S2_RHY_EARTH,0,22.75
user_007,G9_S2_RHY_EARTH,1,19.1
user_007,G9_S2_RHY_EARTH,1,18.44
user_007,G9_S2_RHY_EARTH,1,14.1
user_007,G9_S2_RHY_EARTH,1,12.35
user_007,G9_S2_RHY_CLIMATE,0,21.67
user_007,G9_S2_RHY_CLIMATE,1,22.25
user_007,G9_S2_RHY_CLIMATE,0,13.93
user_007,G9_S2_RHY_CLIMATE,0,24.31
user_007,G9_S2_RHY_CLIMATE,0,22.56
user_007,G9_S2_RHY_CLIMATE,0,20.07
user_007,G9_S2_RHY_CLIMATE,1,22.36
user_007,G9_S2_RHY_CLIMATE,1,16.88
user_007,G9_S2_RHY_CLIMATE,1,14.63
user_007,G9_S2_RHY_CLIMATE,1,10.87
user_007,G9_S2_RHY_CLIMATE,1,11.07
user_007,G9_S2_RHY_CLIMATE,1,12.49
user_007,G9_S3_LIG_REFRAC,0,27.77
user_007,G9_S3_LIG_REFRAC,0,17.65
user_007,G9_S3_LIG_REFRAC,0,23.66
user_007,G9_S3_LIG_REFRAC,0,23.57
user_007,G9_S3_LIG_REFRAC,0,23.62
user_007,G9_S3_LIG_REFRAC,0,21.21
user_007,G9_S3_LIG_REFRAC,1,21.35
user_007,G9_S3_LIG_REFRAC,1,18.01
user_007,G9_S3_LIG_REFRAC,1,15.36
user_007,G9_S3_LIG_REFRAC,1,9.73
user_007,G9_S3_LIG_REFRAC,1,17.81
user_007,G9_S3_LIG_REFRAC,1,15.16
user_007,G9_S3_LIG_LENSES,1,23.96
user_007,G9_S3_LIG_LENSES,1,24.08
user_007,G9_S3_LIG_LENSES,1,16.6
user_007,G9_S3_LIG_LENSES,1,16.5
user_007,G9_S3_LIG_LENSES,1,12.67
user_007,G9_S3_LIG_LENSES,1,10.2
user_007,G9_S3_LIG_LENSES,1,6.88
user_007,G9_S3_LIG_LENSES,1,12.02
user_007,G9_S3_LIG_LENSES,1,16.94
user_007,G9_S3_LIG_LENSES,1,11.41
user_007,G9_S3_LIG_LENSES,1,12.9
user_007,G9_S3_LIG_LENSES,1,13.96
user_007,G9_S4_SOU_PROPAG,1,25.39
user_007,G9_S4_SOU_PROPAG,1,17.25
user_007,G9_S4_SOU_PROPAG,0,15.81
user_007,G9_S4_SOU_PROPAG,0,17.21
user_007,G9_S4_SOU_PROPAG,1,24.08
user_007,G9_S4_SOU_PROPAG,1,17.24
user_007,G9_S4_SOU_PROPAG,1,14.72
user_007,G9_S4_SOU_PROPAG,1,12.23
user_007,G9_S4_SOU_PROPAG,1,9.46
user_007,G9_S4_SOU_PROPAG,1,12.17
user_007,G9_S4_SOU_PROPAG,1,15.01
user_007,G9_S4_SOU_PROPAG,1,14.17
user_007,G9_S4_SOU_HEARING,0,22.35
user_007,G9_S4_SOU_HEARING,0,24.0
user_007,G9_S4_SOU_HEARING,0,18.9
user_007,G9_S4_SOU_HEARING,0,21.52
user_007,G9_S4_SOU_HEARING,0,23.05
user_007,G9_S4_SOU_HEARING,1,20.98
user_007,G9_S4_SOU_HEARING,1,15.76
user_007,G9_S4_SOU_HEARING,1,13.73
user_007,G9_S4_SOU_HEARING,1,9.47
user_007,G9_S4_SOU_HEARING,1,9.54
user_007,G9_S4_SOU_HEARING,1,11.64
user_007,G9_S4_SOU_HEARING,1,7.23
user_007,G9_S5_HEA_EXPANS,1,23.51
user_007,G9_S5_HEA_EXPANS,1,17.3
user_007,G9_S5_HEA_EXPANS,1,15.07
user_007,G9_S5_HEA_EXPANS,1,11.95
user_007,G9_S5_HEA_EXPANS,1,10.34
user_007,G9_S5_HEA_EXPANS,0,12.5
user_007,G9_S5_HEA_EXPANS,1,12.83
user_007,G9_S5_HEA_EXPANS,1,13.25
user_007,G9_S5_HEA_EXPANS,0,12.46
user_007,G9_S5_HEA_EXPANS,1,13.54
user_007,G9_S5_HEA_EXPANS,1,13.25
user_007,G9_S5_HEA_EXPANS,1,13.91
user_007,G9_S5_HEA_TRANSF,0,24.96
user_007,G9_S5_HEA_TRANSF,0,19.09
user_007,G9_S5_HEA_TRANSF,0,19.66
user_007,G9_S5_HEA_TRANSF,1,21.56
user_007,G9_S5_HEA_TRANSF,0,9.7
user_007,G9_S5_HEA_TRANSF,0,16.88
user_007,G9_S5_HEA_TRANSF,0,21.79
user_007,G9_S5_HEA_TRANSF,1,22.54
user_007,G9_S5_HEA_TRANSF,1,16.08
user_007,G9_S5_HEA_TRANSF,1,10.53
user_007,G9_S5_HEA_TRANSF,0,12.21
user_007,G9_S5_HEA_TRANSF,1,16.53
user_007,G9_S6_NAT_ATOMS,1,20.75
user_007,G9_S6_NAT_ATOMS,0,21.65
user_007,G9_S6_NAT_ATOMS,0,24.2
user_007,G9_S6_NAT_ATOMS,0,17.38
user_007,G9_S6_NAT_ATOMS,1,19.97
user_007,G9_S6_NAT_ATOMS,1,12.53
user_007,G9_S6_NAT_ATOMS,0,15.14
user_007,G9_S6_NAT_ATOMS,1,13.57
user_007,G9_S6_NAT_ATOMS,1,13.17
user_007,G9_S6_NAT_ATOMS,0,16.23
user_007,G9_S6_NAT_ATOMS,1,13.78
user_007,G9_S6_NAT_ATOMS,0,10.86
user_007,G9_S6_NAT_CONFIG,0,27.82
user_007,G9_S6_NAT_CONFIG,0,20.57
user_007,G9_S6_NAT_CONFIG,0,15.61
user_007,G9_S6_NAT_CONFIG,0,23.2
user_007,G9_S6_NAT_CONFIG,1,19.12
user_007,G9_S6_NAT_CONFIG,1,12.09
user_007,G9_S6_NAT_CONFIG,1,15.52
user_007,G9_S6_NAT_CONFIG,1,12.37
user_007,G9_S6_NAT_CONFIG,1,10.39
user_007,G9_S6_NAT_CONFIG,1,14.92
user_007,G9_S6_NAT_CONFIG,1,16.32
user_007,G9_S6_NAT_CONFIG,1,11.31
user_007,G9_S7_ACI_SALTS,0,19.37
user_007,G9_S7_ACI_SALTS,0,21.72
user_007,G9_S7_ACI_SALTS,1,24.83
user_007,G9_S7_ACI_SALTS,0,16.66
user_007,G9_S7_ACI_SALTS,1,19.63
user_007,G9_S7_ACI_SALTS,1,20.56
user_007,G9_S7_ACI_SALTS,1,12.9
user_007,G9_S7_ACI_SALTS,1,15.69
user_007,G9_S7_ACI_SALTS,1,9.06
user_007,G9_S7_ACI_SALTS,1,13.68
user_007,G9_S7_ACI_SALTS,1,11.01
user_007,G9_S7_ACI_SALTS,1,13.74
user_007,G9_S7_ACI_NEUTRAL,0,23.18
user_007,G9_S7_ACI_NEUTRAL,1,20.32
user_007,G9_S7_ACI_NEUTRAL,1,18.59
user_007,G9_S7_ACI_NEUTRAL,1,13.5
user_007,G9_S7_ACI_NEUTRAL,1,12.98
user_007,G9_S7_ACI_NEUTRAL,1,14.88
user_007,G9_S7_ACI_NEUTRAL,1,10.52
user_007,G9_S7_ACI_NEUTRAL,0,10.24
user_007,G9_S7_ACI_NEUTRAL,1,13.21
user_007,G9_S7_ACI_NEUTRAL,1,14.44
user_007,G9_S7_ACI_NEUTRAL,1,11.29
user_007,G9_S7_ACI_NEUTRAL,1,10.25
user_008,G6_S1_ORG_CHARS,0,22.83
user_008,G6_S1_ORG_CHARS,0,23.28
user_008,G6_S1_ORG_CHARS,1,24.68
user_008,G6_S1_ORG_CHARS,0,19.4
user_008,G6_S1_ORG_CHARS,0,17.97
user_008,G6_S1_ORG_CHARS,0,25.41
user_008,G6_S1_ORG_CHARS,1,20.07
user_008,G6_S1_ORG_CHARS,0,18.55
user_008,G6_S1_ORG_CHARS,0,18.97
user_008,G6_S1_ORG_CHARS,0,22.47
user_008,G6_S1_ORG_CHARS,0,25.04
user_008,G6_S1_ORG_CHARS,0,22.55
user_008,G6_S1_ORG_CLASS,0,22.55
user_008,G6_S1_ORG_CLASS,1,18.7
user_008,G6_S1_ORG_CLASS,1,15.99
user_008,G6_S1_ORG_CLASS,1,13.41
user_008,G6_S1_ORG_CLASS,1,11.32
user_008,G6_S1_ORG_CLASS,1,16.07
user_008,G6_S1_ORG_CLASS,1,16.51
user_008,G6_S1_ORG_CLASS,1,12.31
user_008,G6_S1_ORG_CLASS,1,12.9
user_008,G6_S1_ORG_CLASS,1,12.41
user_008,G6_S1_ORG_CLASS,1,11.6
user_008,G6_S1_ORG_CLASS,1,13.09
user_008,G6_S2_MAT_STATES,0,22.01
user_008,G6_S2_MAT_STATES,0,22.66
user_008,G6_S2_MAT_STATES,0,21.78
user_008,G6_S2_MAT_STATES,1,21.02
user_008,G6_S2_MAT_STATES,1,17.67
user_008,G6_S2_MAT_STATES,1,11.51
user_008,G6_S2_MAT_STATES,1,14.0
user_008,G6_S2_MAT_STATES,1,10.7
user_008,G6_S2_MAT_STATES,0,14.96
user_008,G6_S2_MAT_STATES,1,13.2
user_008,G6_S2_MAT_STATES,1,15.67
user_008,G6_S2_MAT_STATES,1,12.22
user_008,G6_S2_MAT_PROPS,1,23.2
user_008,G6_S2_MAT_PROPS,0,21.42
user_008,G6_S2_MAT_PROPS,0,22.71
user_008,G6_S2_MAT_PROPS,0,22.37
user_008,G6_S2_MAT_PROPS,0,23.95
user_008,G6_S2_MAT_PROPS,0,17.82
user_008,G6_S2_MAT_PROPS,0,20.0
user_008,G6_S2_MAT_PROPS,0,17.67
user_008,G6_S2_MAT_PROPS,0,20.98
user_008,G6_S2_MAT_PROPS,0,20.83
user_008,G6_S2_MAT_PROPS,0,23.88
user_008,G6_S2_MAT_PROPS,0,25.46
user_008,G6_S4_ENE_SOURCES,0,21.54
user_008,G6_S4_ENE_SOURCES,0,25.5
user_008,G6_S4_ENE_SOURCES,0,20.84
user_008,G6_S4_ENE_SOURCES,0,19.94
user_008,G6_S4_ENE_SOURCES,1,19.83
user_008,G6_S4_ENE_SOURCES,1,18.72
user_008,G6_S4_ENE_SOURCES,1,13.38
user_008,G6_S4_ENE_SOURCES,1,12.34
user_008,G6_S4_ENE_SOURCES,1,14.83
user_008,G6_S4_ENE_SOURCES,1,10.09
user_008,G6_S4_ENE_SOURCES,1,14.77
user_008,G6_S4_ENE_SOURCES,1,11.52
user_008,G6_S8_ELE_CIRCUITS,0,24.67
user_008,G6_S8_ELE_CIRCUITS,0,21.71
user_008,G6_S8_ELE_CIRCUITS,0,19.72
user_008,G6_S8_ELE_CIRCUITS,0,24.95
user_008,G6_S8_ELE_CIRCUITS,1,20.65
user_008,G6_S8_ELE_CIRCUITS,0,15.17
user_008,G6_S8_ELE_CIRCUITS,1,19.77
user_008,G6_S8_ELE_CIRCUITS,1,11.49
user_008,G6_S8_ELE_CIRCUITS,1,12.14
user_008,G6_S8_ELE_CIRCUITS,0,14.56
user_008,G6_S8_ELE_CIRCUITS,1,11.85
user_008,G6_S8_ELE_CIRCUITS,1,14.36
user_008,G6_S8_ELE_CONDINS,0,26.15
user_008,G6_S8_ELE_CONDINS,0,20.2
user_008,G6_S8_ELE_CONDINS,1,19.31
user_008,G6_S8_ELE_CONDINS,1,22.0
user_008,G6_S8_ELE_CONDINS,1,12.47
user_008,G6_S8_ELE_CONDINS,1,12.69
user_008,G6_S8_ELE_CONDINS,1,13.09
user_008,G6_S8_ELE_CONDINS,0,12.79
user_008,G6_S8_ELE_CONDINS,1,13.81
user_008,G6_S8_ELE_CONDINS,1,5.57
user_008,G6_S8_ELE_CONDINS,1,12.6
user_008,G6_S8_ELE_CONDINS,1,17.27
user_008,G7_S1_PLA_DIVER,0,22.52
user_008,G7_S1_PLA_DIVER,1,19.44
user_008,G7_S1_PLA_DIVER,0,21.36
user_008,G7_S1_PLA_DIVER,1,23.94
user_008,G7_S1_PLA_DIVER,0,12.93
user_008,G7_S1_PLA_DIVER,0,17.43
user_008,G7_S1_PLA_DIVER,1,20.82
user_008,G7_S1_PLA_DIVER,0,15.12
user_008,G7_S1_PLA_DIVER,0,21.24
user_008,G7_S1_PLA_DIVER,0,23.39
user_008,G7_S1_PLA_DIVER,1,22.25
user_008,G7_S1_PLA_DIVER,0,19.05
user_008,G7_S1_PLA_CLASSIF,0,23.55
user_008,G7_S1_PLA_CLASSIF,0,24.92
user_008,G7_S1_PLA_CLASSIF,0,23.14
user_008,G7_S1_PLA_CLASSIF,0,26.06
user_008,G7_S1_PLA_CLASSIF,0,19.34
user_008,G7_S1_PLA_CLASSIF,1,23.52
user_008,G7_S1_PLA_CLASSIF,1,16.35
user_008,G7_S1_PLA_CLASSIF,1,8.17
user_008,G7_S1_PLA_CLASSIF,1,13.93
user_008,G7_S1_PLA_CLASSIF,1,9.48
user_008,G7_S1_PLA_CLASSIF,1,9.89
user_008,G7_S1_PLA_CLASSIF,1,10.07
user_008,G7_S2_STA_CHARGES,1,20.34
user_008,G7_S2_STA_CHARGES,1,19.72
user_008,G7_S2_STA_CHARGES,1,15.19
user_008,G7_S2_STA_CHARGES,1,10.94
user_008,G7_S2_STA_CHARGES,1,10.62
user_008,G7_S2_STA_CHARGES,1,10.92
user_008,G7_S2_STA_CHARGES,0,13.78
user_008,G7_S2_STA_CHARGES,1,12.98
user_008,G7_S2_STA_CHARGES,1,16.97
user_008,G7_S2_STA_CHARGES,1,7.72
user_008,G7_S2_STA_CHARGES,1,15.55
user_008,G7_S2_STA_CHARGES,1,7.73
user_008,G7_S2_STA_CAPACIT,0,25.91
user_008,G7_S2_STA_CAPACIT,1,23.2
user_008,G7_S2_STA_CAPACIT,1,19.7
user_008,G7_S2_STA_CAPACIT,1,13.6
user_008,G7_S2_STA_CAPACIT,1,12.73
user_008,G7_S2_STA_CAPACIT,1,14.52
user_008,G7_S2_STA_CAPACIT,1,8.48
user_008,G7_S2_STA_CAPACIT,0,11.04
user_008,G7_S2_STA_CAPACIT,1,14.22
user_008,G7_S2_STA_CAPACIT,1,11.16
user_008,G7_S2_STA_CAPACIT,0,15.3
user_008,G7_S2_STA_CAPACIT,1,11.03
user_008,G7_S3_ELE_SOURCES,1,28.26
user_008,G7_S3_ELE_SOURCES,0,17.32
user_008,G7_S3_ELE_SOURCES,0,24.05
user_008,G7_S3_ELE_SOURCES,0,23.4
user_008,G7_S3_ELE_SOURCES,1,22.61
user_008,G7_S3_ELE_SOURCES,1,17.46
user_008,G7_S3_ELE_SOURCES,1,11.72
user_008,G7_S3_ELE_SOURCES,1,13.29
user_008,G7_S3_ELE_SOURCES,0,13.0
user_008,G7_S3_ELE_SOURCES,1,13.95
user_008,G7_S3_ELE_SOURCES,1,7.84
user_008,G7_S3_ELE_SOURCES,1,11.2
user_008,G7_S3_ELE_CURRENTS,0,21.69
user_008,G7_S3_ELE_CURRENTS,0,21.72
user_008,G7_S3_ELE_CURRENTS,0,19.63
user_008,G7_S3_ELE_CURRENTS,1,22.99
user_008,G7_S3_ELE_CURRENTS,1,23.62
user_008,G7_S3_ELE_CURRENTS,1,10.55
user_008,G7_S3_ELE_CURRENTS,1,12.19
user_008,G7_S3_ELE_CURRENTS,1,12.71
user_008,G7_S3_ELE_CURRENTS,1,12.8
user_008,G7_S3_ELE_CURRENTS,1,16.12
user_008,G7_S3_ELE_CURRENTS,1,5.47
user_008,G7_S3_ELE_CURRENTS,1,9.11
user_008,G7_S4_WAT_SOLVENT,0,22.8
user_008,G7_S4_WAT_SOLVENT,1,21.16
user_008,G7_S4_WAT_SOLVENT,1,19.0
user_008,G7_S4_WAT_SOLVENT,1,13.79
user_008,G7_S4_WAT_SOLVENT,1,11.45
user_008,G7_S4_WAT_SOLVENT,1,15.33
user_008,G7_S4_WAT_SOLVENT,1,13.76
user_008,G7_S4_WAT_SOLVENT,1,12.99
user_008,G7_S4_WAT_SOLVENT,1,11.93
user_008,G7_S4_WAT_SOLVENT,1,9.9
user_008,G7_S4_WAT_SOLVENT,1,10.83
user_008,G7_S4_WAT_SOLVENT,1,6.58
user_008,G7_S4_WAT_COOLANT,1,20.76
user_008,G7_S4_WAT_COOLANT,1,16.47
user_008,G7_S4_WAT_COOLANT,1,14.28
user_008,G7_S4_WAT_COOLANT,0,13.08
user_008,G7_S4_WAT_COOLANT,0,14.7
user_008,G7_S4_WAT_COOLANT,1,18.52
user_008,G7_S4_WAT_COOLANT,1,17.58
user_008,G7_S4_WAT_COOLANT,1,13.15
user_008,G7_S4_WAT_COOLANT,1,9.45
user_008,G7_S4_WAT_COOLANT,1,15.43
user_008,G7_S4_WAT_COOLANT,0,11.08
user_008,G7_S4_WAT_COOLANT,1,9.77
user_008,G7_S5_ACI_IDENTIF,1,21.8
user_008,G7_S5_ACI_IDENTIF,1,18.87
user_008,G7_S5_ACI_IDENTIF,1,15.52
user_008,G7_S5_ACI_IDENTIF,1,12.19
user_008,G7_S5_ACI_IDENTIF,1,7.64
user_008,G7_S5_ACI_IDENTIF,1,12.37
user_008,G7_S5_ACI_IDENTIF,1,12.6
user_008,G7_S5_ACI_IDENTIF,1,13.64
user_008,G7_S5_ACI_IDENTIF,1,11.15
user_008,G7_S5_ACI_IDENTIF,1,14.98
user_008,G7_S5_ACI_IDENTIF,1,8.23
user_008,G7_S5_ACI_IDENTIF,0,8.96
user_008,G7_S5_ACI_INDICAT,0,23.62
user_008,G7_S5_ACI_INDICAT,0,18.89
user_008,G7_S5_ACI_INDICAT,1,22.98
user_008,G7_S5_ACI_INDICAT,1,15.29
user_008,G7_S5_ACI_INDICAT,1,13.93
user_008,G7_S5_ACI_INDICAT,1,11.82
user_008,G7_S5_ACI_INDICAT,1,11.62
user_008,G7_S5_ACI_INDICAT,0,8.63
user_008,G7_S5_ACI_INDICAT,0,9.82
user_008,G7_S5_ACI_INDICAT,1,15.73
user_008,G7_S5_ACI_INDICAT,1,14.18
user_008,G7_S5_ACI_INDICAT,1,14.35
user_008,G7_S6_ANI_CLASSIF,0,22.71
user_008,G7_S6_ANI_CLASSIF,0,22.27
user_008,G7_S6_ANI_CLASSIF,0,23.45
user_008,G7_S6_ANI_CLASSIF,0,22.81
user_008,G7_S6_ANI_CLASSIF,0,19.26
user_008,G7_S6_ANI_CLASSIF,0,23.91
user_008,G7_S6_ANI_CLASSIF,0,22.76
user_008,G7_S6_ANI_CLASSIF,0,17.59
user_008,G7_S6_ANI_CLASSIF,1,19.95
user_008,G7_S6_ANI_CLASSIF,1,16.43
user_008,G7_S6_ANI_CLASSIF,1,11.16
user_008,G7_S6_ANI_CLASSIF,1,13.08
user_008,G7_S6_ANI_ADAPTAT,0,17.84
user_008,G7_S6_ANI_ADAPTAT,1,22.5
user_008,G7_S6_ANI_ADAPTAT,1,19.89
user_008,G7_S6_ANI_ADAPTAT,1,13.83
user_008,G7_S6_ANI_ADAPTAT,1,14.28
user_008,G7_S6_ANI_ADAPTAT,1,12.95
user_008,G7_S6_ANI_ADAPTAT,1,13.07
user_008,G7_S6_ANI_ADAPTAT,1,11.26
user_008,G7_S6_ANI_ADAPTAT,1,11.6
user_008,G7_S6_ANI_ADAPTAT,1,11.65
user_008,G7_S6_ANI_ADAPTAT,1,10.26
user_008,G7_S6_ANI_ADAPTAT,1,7.8
user_008,G7_S7_ENE_FORMS,1,22.26
user_008,G7_S7_ENE_FORMS,0,18.06
user_008,G7_S7_ENE_FORMS,1,20.98
user_008,G7_S7_ENE_FORMS,0,20.76
user_008,G7_S7_ENE_FORMS,1,19.85
user_008,G7_S7_ENE_FORMS,1,13.25
user_008,G7_S7_ENE_FORMS,1,10.98
user_008,G7_S7_ENE_FORMS,1,13.6
user_008,G7_S7_ENE_FORMS,1,9.2
user_008,G7_S7_ENE_FORMS,1,15.42
user_008,G7_S7_ENE_FORMS,1,13.12
user_008,G7_S7_ENE_FORMS,1,11.23
user_008,G7_S7_ENE_TRANSF,0,21.18
user_008,G7_S7_ENE_TRANSF,0,24.16
user_008,G7_S7_ENE_TRANSF,0,25.31
user_008,G7_S7_ENE_TRANSF,1,21.45
user_008,G7_S7_ENE_TRANSF,1,22.69
user_008,G7_S7_ENE_TRANSF,1,11.96
user_008,G7_S7_ENE_TRANSF,1,13.72
user_008,G7_S7_ENE_TRANSF,1,9.6
user_008,G7_S7_ENE_TRANSF,1,10.26
user_008,G7_S7_ENE_TRANSF,1,11.08
user_008,G7_S7_ENE_TRANSF,1,15.94
user_008,G7_S7_ENE_TRANSF,1,12.94
user_008,G7_S8_EAR_STRUCT,0,23.28
user_008,G7_S8_EAR_STRUCT,0,22.46
user_008,G7_S8_EAR_STRUCT,1,18.83
user_008,G7_S8_EAR_STRUCT,1,17.01
user_008,G7_S8_EAR_STRUCT,1,12.91
user_008,G7_S8_EAR_STRUCT,1,7.75
user_008,G7_S8_EAR_STRUCT,1,9.3
user_008,G7_S8_EAR_STRUCT,1,12.66
user_008,G7_S8_EAR_STRUCT,1,13.17
user_008,G7_S8_EAR_STRUCT,1,10.43
user_008,G7_S8_EAR_STRUCT,1,12.4
user_008,G7_S8_EAR_STRUCT,1,9.88
user_008,G7_S8_EAR_TECTON,0,23.76
user_008,G7_S8_EAR_TECTON,0,23.2
user_008,G7_S8_EAR_TECTON,0,20.54
user_008,G7_S8_EAR_TECTON,0,23.68
user_008,G7_S8_EAR_TECTON,0,20.11
user_008,G7_S8_EAR_TECTON,0,19.29
user_008,G7_S8_EAR_TECTON,0,17.9
user_008,G7_S8_EAR_TECTON,1,20.08
user_008,G7_S8_EAR_TECTON,1,17.17
user_008,G7_S8_EAR_TECTON,1,10.73
user_008,G7_S8_EAR_TECTON,1,12.18
user_008,G7_S8_EAR_TECTON,1,14.13
user_008,G7_S9_LIG_SHADOWS,1,16.39
user_008,G7_S9_LIG_SHADOWS,0,20.84
user_008,G7_S9_LIG_SHADOWS,0,21.91
user_008,G7_S9_LIG_SHADOWS,0,16.78
user_008,G7_S9_LIG_SHADOWS,1,23.32
user_008,G7_S9_LIG_SHADOWS,1,18.08
user_008,G7_S9_LIG_SHADOWS,0,13.13
user_008,G7_S9_LIG_SHADOWS,1,16.3
user_008,G7_S9_LIG_SHADOWS,1,10.78
user_008,G7_S9_LIG_SHADOWS,1,5.59
user_008,G7_S9_LIG_SHADOWS,1,16.71
user_008,G7_S9_LIG_SHADOWS,1,9.6
user_008,G7_S9_LIG_MIRRORS,0,18.88
user_008,G7_S9_LIG_MIRRORS,1,20.66
user_008,G7_S9_LIG_MIRRORS,0,20.42
user_008,G7_S9_LIG_MIRRORS,0,19.16
user_008,G7_S9_LIG_MIRRORS,0,25.57
user_008,G7_S9_LIG_MIRRORS,1,23.0
user_008,G7_S9_LIG_MIRRORS,1,15.52
user_008,G7_S9_LIG_MIRRORS,0,15.52
user_008,G7_S9_LIG_MIRRORS,1,17.35
user_008,G7_S9_LIG_MIRRORS,1,14.8
user_008,G7_S9_LIG_MIRRORS,1,17.7
user_008,G7_S9_LIG_MIRRORS,1,9.48
user_008,G7_S10_MIC_LIGHT,0,20.51
user_008,G7_S10_MIC_LIGHT,0,20.74
user_008,G7_S10_MIC_LIGHT,0,19.33
user_008,G7_S10_MIC_LIGHT,0,23.05
user_008,G7_S10_MIC_LIGHT,0,23.63
user_008,G7_S10_MIC_LIGHT,0,23.13
user_008,G7_S10_MIC_LIGHT,0,24.5
user_008,G7_S10_MIC_LIGHT,0,20.07
user_008,G7_S10_MIC_LIGHT,0,21.05
user_008,G7_S10_MIC_LIGHT,1,23.86
user_008,G7_S10_MIC_LIGHT,1,18.88
user_008,G7_S10_MIC_LIGHT,0,10.04
user_008,G7_S10_MIC_ELECTR,1,19.31
user_008,G7_S10_MIC_ELECTR,0,17.72
user_008,G7_S10_MIC_ELECTR,1,20.42
user_008,G7_S10_MIC_ELECTR,1,16.98
user_008,G7_S10_MIC_ELECTR,1,14.55
user_008,G7_S10_MIC_ELECTR,0,11.02
user_008,G7_S10_MIC_ELECTR,0,13.62
user_008,G7_S10_MIC_ELECTR,0,11.14
user_008,G7_S10_MIC_ELECTR,1,21.15
user_008,G7_S10_MIC_ELECTR,0,19.56
user_008,G7_S10_MIC_ELECTR,1,23.79
user_008,G7_S10_MIC_ELECTR,1,10.88
user_008,G8_S1_BIO_DIVER,0,26.96
user_008,G8_S1_BIO_DIVER,1,22.12
user_008,G8_S1_BIO_DIVER,1,20.78
user_008,G8_S1_BIO_DIVER,1,13.11
user_008,G8_S1_BIO_DIVER,1,13.69
user_008,G8_S1_BIO_DIVER,1,10.54
user_008,G8_S1_BIO_DIVER,1,13.65
user_008,G8_S1_BIO_DIVER,1,10.01
user_008,G8_S1_BIO_DIVER,1,17.15
user_008,G8_S1_BIO_DIVER,1,6.46
user_008,G8_S1_BIO_DIVER,1,11.57
user_008,G8_S1_BIO_DIVER,1,12.93
user_008,G8_S1_BIO_CLASSIF,0,21.1
user_008,G8_S1_BIO_CLASSIF,1,24.46
user_008,G8_S1_BIO_CLASSIF,0,12.89
user_008,G8_S1_BIO_CLASSIF,0,20.1
user_008,G8_S1_BIO_CLASSIF,1,23.84
user_008,G8_S1_BIO_CLASSIF,0,15.36
user_008,G8_S1_BIO_CLASSIF,0,18.28
user_008,G8_S1_BIO_CLASSIF,0,25.7
user_008,G8_S1_BIO_CLASSIF,0,25.09
user_008,G8_S1_BIO_CLASSIF,1,22.58
user_008,G8_S1_BIO_CLASSIF,1,12.79
user_008,G8_S1_BIO_CLASSIF,1,17.37
user_008,G8_S2_TIS_PLANT,1,24.98
user_008,G8_S2_TIS_PLANT,0,21.32
user_008,G8_S2_TIS_PLANT,1,22.66
user_008,G8_S2_TIS_PLANT,0,20.54
user_008,G8_S2_TIS_PLANT,0,20.33
user_008,G8_S2_TIS_PLANT,1,21.51
user_008,G8_S2_TIS_PLANT,1,16.99
user_008,G8_S2_TIS_PLANT,1,14.64
user_008,G8_S2_TIS_PLANT,1,10.01
user_008,G8_S2_TIS_PLANT,1,14.34
user_008,G8_S2_TIS_PLANT,1,11.31
user_008,G8_S2_TIS_PLANT,1,10.88
user_008,G8_S2_TIS_ANIMAL,1,21.71
user_008,G8_S2_TIS_ANIMAL,0,21.72
user_008,G8_S2_TIS_ANIMAL,1,19.41
user_008,G8_S2_TIS_ANIMAL,1,19.45
user_008,G8_S2_TIS_ANIMAL,1,17.18
user_008,G8_S2_TIS_ANIMAL,1,10.1
user_008,G8_S2_TIS_ANIMAL,0,10.75
user_008,G8_S2_TIS_ANIMAL,1,16.9
user_008,G8_S2_TIS_ANIMAL,1,12.17
user_008,G8_S2_TIS_ANIMAL,1,13.38
user_008,G8_S2_TIS_ANIMAL,1,12.62
user_008,G8_S2_TIS_ANIMAL,1,9.45
user_008,G8_S3_PHO_PROCESS,0,20.93
user_008,G8_S3_PHO_PROCESS,1,22.85
user_008,G8_S3_PHO_PROCESS,1,20.95
user_008,G8_S3_PHO_PROCESS,1,11.4
user_008,G8_S3_PHO_PROCESS,1,12.49
user_008,G8_S3_PHO_PROCESS,1,14.36
user_008,G8_S3_PHO_PROCESS,1,7.92
user_008,G8_S3_PHO_PROCESS,1,15.31
user_008,G8_S3_PHO_PROCESS,1,9.78
user_008,G8_S3_PHO_PROCESS,1,15.9
user_008,G8_S3_PHO_PROCESS,1,10.85
user_008,G8_S3_PHO_PROCESS,1,11.52
user_008,G8_S3_PHO_IMPORT,0,25.56
user_008,G8_S3_PHO_IMPORT,1,20.83
user_008,G8_S3_PHO_IMPORT,0,21.93
user_008,G8_S3_PHO_IMPORT,0,21.18
user_008,G8_S3_PHO_IMPORT,1,20.04
user_008,G8_S3_PHO_IMPORT,0,12.55
user_008,G8_S3_PHO_IMPORT,0,18.85
user_008,G8_S3_PHO_IMPORT,1,19.07
user_008,G8_S3_PHO_IMPORT,1,19.2
user_008,G8_S3_PHO_IMPORT,0,16.76
user_008,G8_S3_PHO_IMPORT,1,19.51
user_008,G8_S3_PHO_IMPORT,1,9.44
user_008,G8_S4_MAT_ELEMENTS,1,21.83
user_008,G8_S4_MAT_ELEMENTS,1,12.11
user_008,G8_S4_MAT_ELEMENTS,1,14.69
user_008,G8_S4_MAT_ELEMENTS,1,12.01
user_008,G8_S4_MAT_ELEMENTS,1,13.31
user_008,G8_S4_MAT_ELEMENTS,1,13.85
user_008,G8_S4_MAT_ELEMENTS,1,12.18
user_008,G8_S4_MAT_ELEMENTS,1,14.06
user_008,G8_S4_MAT_ELEMENTS,1,11.43
user_008,G8_S4_MAT_ELEMENTS,1,11.09
user_008,G8_S4_MAT_ELEMENTS,1,12.95
user_008,G8_S4_MAT_ELEMENTS,1,12.62
user_008,G8_S4_MAT_COMPOUNDS,0,22.07
user_008,G8_S4_MAT_COMPOUNDS,0,22.22
user_008,G8_S4_MAT_COMPOUNDS,0,24.23
user_008,G8_S4_MAT_COMPOUNDS,0,25.16
user_008,G8_S4_MAT_COMPOUNDS,1,20.32
user_008,G8_S4_MAT_COMPOUNDS,1,15.96
user_008,G8_S4_MAT_COMPOUNDS,1,15.45
user_008,G8_S4_MAT_COMPOUNDS,1,12.71
user_008,G8_S4_MAT_COMPOUNDS,1,10.69
user_008,G8_S4_MAT_COMPOUNDS,1,9.9
user_008,G8_S4_MAT_COMPOUNDS,1,15.16
user_008,G8_S4_MAT_COMPOUNDS,1,11.51
user_008,G8_S5_MAT_DENSITY,0,20.67
user_008,G8_S5_MAT_DENSITY,1,21.52
user_008,G8_S5_MAT_DENSITY,1,15.31
user_008,G8_S5_MAT_DENSITY,1,14.93
user_008,G8_S5_MAT_DENSITY,1,13.47
user_008,G8_S5_MAT_DENSITY,1,18.63
user_008,G8_S5_MAT_DENSITY,1,10.04
user_008,G8_S5_MAT_DENSITY,1,14.4
user_008,G8_S5_MAT_DENSITY,1,14.54
user_008,G8_S5_MAT_DENSITY,1,6.05
user_008,G8_S5_MAT_DENSITY,1,13.99
user_008,G8_S5_MAT_DENSITY,1,10.06
user_008,G8_S5_MAT_THERMAL,1,20.41
user_008,G8_S5_MAT_THERMAL,0,17.03
user_008,G8_S5_MAT_THERMAL,0,21.82
user_008,G8_S5_MAT_THERMAL,1,25.92
user_008,G8_S5_MAT_THERMAL,1,17.25
user_008,G8_S5_MAT_THERMAL,1,15.62
user_008,G8_S5_MAT_THERMAL,1,12.64
user_008,G8_S5_MAT_THERMAL,1,12.49
user_008,G8_S5_MAT_THERMAL,1,13.05
user_008,G8_S5_MAT_THERMAL,1,9.28
user_008,G8_S5_MAT_THERMAL,1,10.52
user_008,G8_S5_MAT_THERMAL,1,15.56
user_008,G8_S6_CHA_PHYSICAL,0,23.42
user_008,G8_S6_CHA_PHYSICAL,1,21.93
user_008,G8_S6_CHA_PHYSICAL,0,15.01
user_008,G8_S6_CHA_PHYSICAL,1,23.88
user_008,G8_S6_CHA_PHYSICAL,0,17.98
user_008,G8_S6_CHA_PHYSICAL,0,22.8
user_008,G8_S6_CHA_PHYSICAL,1,20.39
user_008,G8_S6_CHA_PHYSICAL,0,18.16
user_008,G8_S6_CHA_PHYSICAL,0,20.89
user_008,G8_S6_CHA_PHYSICAL,0,18.73
user_008,G8_S6_CHA_PHYSICAL,1,20.04
user_008,G8_S6_CHA_PHYSICAL,0,18.53
user_008,G8_S6_CHA_BURNING,0,19.15
user_008,G8_S6_CHA_BURNING,1,21.49
user_008,G8_S6_CHA_BURNING,0,20.05
user_008,G8_S6_CHA_BURNING,1,23.3
user_008,G8_S6_CHA_BURNING,1,16.41
user_008,G8_S6_CHA_BURNING,1,11.17
user_008,G8_S6_CHA_BURNING,1,17.78
user_008,G8_S6_CHA_BURNING,1,10.18
user_008,G8_S6_CHA_BURNING,1,14.14
user_008,G8_S6_CHA_BURNING,1,14.37
user_008,G8_S6_CHA_BURNING,1,10.98
user_008,G8_S6_CHA_BURNING,1,12.85
user_008,G8_S7_FOR_TYPES,0,21.84
user_008,G8_S7_FOR_TYPES,0,23.45
user_008,G8_S7_FOR_TYPES,0,21.56
user_008,G8_S7_FOR_TYPES,0,22.71
user_008,G8_S7_FOR_TYPES,1,20.15
user_008,G8_S7_FOR_TYPES,1,19.63
user_008,G8_S7_FOR_TYPES,1,15.19
user_008,G8_S7_FOR_TYPES,1,11.56
user_008,G8_S7_FOR_TYPES,1,10.42
user_008,G8_S7_FOR_TYPES,1,11.12
user_008,G8_S7_FOR_TYPES,1,12.06
user_008,G8_S7_FOR_TYPES,1,15.14
user_008,G8_S7_FOR_PRESSURE,1,24.67
user_008,G8_S7_FOR_PRESSURE,1,21.59
user_008,G8_S7_FOR_PRESSURE,1,17.81
user_008,G8_S7_FOR_PRESSURE,1,15.28
user_008,G8_S7_FOR_PRESSURE,1,10.29
user_008,G8_S7_FOR_PRESSURE,1,15.79
user_008,G8_S7_FOR_PRESSURE,1,13.87
user_008,G8_S7_FOR_PRESSURE,1,7.61
user_008,G8_S7_FOR_PRESSURE,1,14.22
user_008,G8_S7_FOR_PRESSURE,0,15.81
user_008,G8_S7_FOR_PRESSURE,1,13.71
user_008,G8_S7_FOR_PRESSURE,1,11.14
user_008,G8_S8_STA_PHENOM,0,20.16
user_008,G8_S8_STA_PHENOM,1,26.46
user_008,G8_S8_STA_PHENOM,1,14.47
user_008,G8_S8_STA_PHENOM,1,15.48
user_008,G8_S8_STA_PHENOM,1,14.97
user_008,G8_S8_STA_PHENOM,1,14.35
user_008,G8_S8_STA_PHENOM,1,10.14
user_008,G8_S8_STA_PHENOM,1,12.5
user_008,G8_S8_STA_PHENOM,1,15.58
user_008,G8_S8_STA_PHENOM,0,9.07
user_008,G8_S8_STA_PHENOM,0,14.69
user_008,G8_S8_STA_PHENOM,0,11.65
user_008,G8_S8_STA_LIGHTNG,0,18.2
user_008,G8_S8_STA_LIGHTNG,0,22.28
user_008,G8_S8_STA_LIGHTNG,0,19.93
user_008,G8_S8_STA_LIGHTNG,1,22.85
user_008,G8_S8_STA_LIGHTNG,1,13.91
user_008,G8_S8_STA_LIGHTNG,1,14.44
user_008,G8_S8_STA_LIGHTNG,1,4.64
user_008,G8_S8_STA_LIGHTNG,0,9.12
user_008,G8_S8_STA_LIGHTNG,1,15.5
user_008,G8_S8_STA_LIGHTNG,1,16.09
user_008,G8_S8_STA_LIGHTNG,1,11.97
user_008,G8_S8_STA_LIGHTNG,1,12.12
user_008,G9_S1_SYS_DIGEST,1,21.18
user_008,G9_S1_SYS_DIGEST,0,20.38
user_008,G9_S1_SYS_DIGEST,0,23.11
user_008,G9_S1_SYS_DIGEST,0,22.14
user_008,G9_S1_SYS_DIGEST,1,21.21
user_008,G9_S1_SYS_DIGEST,0,16.42
user_008,G9_S1_SYS_DIGEST,0,23.07
user_008,G9_S1_SYS_DIGEST,0,17.39
user_008,G9_S1_SYS_DIGEST,0,19.94
user_008,G9_S1_SYS_DIGEST,0,19.78
user_008,G9_S1_SYS_DIGEST,0,21.86
user_008,G9_S1_SYS_DIGEST,1,17.49
user_008,G9_S1_SYS_CIRCUL,1,23.52
user_008,G9_S1_SYS_CIRCUL,0,16.63
user_008,G9_S1_SYS_CIRCUL,0,23.12
user_008,G9_S1_SYS_CIRCUL,0,23.82
user_008,G9_S1_SYS_CIRCUL,1,21.46
user_008,G9_S1_SYS_CIRCUL,1,16.15
user_008,G9_S1_SYS_CIRCUL,1,14.73
user_008,G9_S1_SYS_CIRCUL,1,12.14
user_008,G9_S1_SYS_CIRCUL,1,14.59
user_008,G9_S1_SYS_CIRCUL,1,8.17
user_008,G9_S1_SYS_CIRCUL,1,14.79
user_008,G9_S1_SYS_CIRCUL,0,10.36
user_008,G9_S2_RHY_EARTH,0,24.7
user_008,G9_S2_RHY_EARTH,0,21.06
user_008,G9_S2_RHY_EARTH,0,25.99
user_008,G9_S2_RHY_EARTH,0,23.65
user_008,G9_S2_RHY_EARTH,0,24.11
user_008,G9_S2_RHY_EARTH,1,23.18
user_008,G9_S2_RHY_EARTH,1,15.3
user_008,G9_S2_RHY_EARTH,1,13.18
user_008,G9_S2_RHY_EARTH,1,14.25
user_008,G9_S2_RHY_EARTH,1,12.21
user_008,G9_S2_RHY_EARTH,1,8.78
user_008,G9_S2_RHY_EARTH,1,10.6
user_008,G9_S2_RHY_CLIMATE,0,23.21
user_008,G9_S2_RHY_CLIMATE,0,22.66
user_008,G9_S2_RHY_CLIMATE,1,16.66
user_008,G9_S2_RHY_CLIMATE,0,14.59
user_008,G9_S2_RHY_CLIMATE,0,21.49
user_008,G9_S2_RHY_CLIMATE,1,24.03
user_008,G9_S2_RHY_CLIMATE,0,17.85
user_008,G9_S2_RHY_CLIMATE,0,25.52
user_008,G9_S2_RHY_CLIMATE,0,23.2
user_008,G9_S2_RHY_CLIMATE,1,25.62
user_008,G9_S2_RHY_CLIMATE,1,17.51
user_008,G9_S2_RHY_CLIMATE,1,12.92
user_008,G9_S3_LIG_REFRAC,0,22.66
user_008,G9_S3_LIG_REFRAC,0,23.53
user_008,G9_S3_LIG_REFRAC,1,20.91
user_008,G9_S3_LIG_REFRAC,1,20.29
user_008,G9_S3_LIG_REFRAC,1,11.19
user_008,G9_S3_LIG_REFRAC,1,11.25
user_008,G9_S3_LIG_REFRAC,1,9.08
user_008,G9_S3_LIG_REFRAC,1,8.82
user_008,G9_S3_LIG_REFRAC,1,9.9
user_008,G9_S3_LIG_REFRAC,1,14.1
user_008,G9_S3_LIG_REFRAC,1,9.64
user_008,G9_S3_LIG_REFRAC,1,15.73
user_008,G9_S3_LIG_LENSES,1,21.55
user_008,G9_S3_LIG_LENSES,0,16.33
user_008,G9_S3_LIG_LENSES,0,24.69
user_008,G9_S3_LIG_LENSES,1,23.96
user_008,G9_S3_LIG_LENSES,1,19.18
user_008,G9_S3_LIG_LENSES,1,14.88
user_008,G9_S3_LIG_LENSES,1,15.02
user_008,G9_S3_LIG_LENSES,1,14.87
user_008,G9_S3_LIG_LENSES,1,11.7
user_008,G9_S3_LIG_LENSES,1,11.85
user_008,G9_S3_LIG_LENSES,1,12.38
user_008,G9_S3_LIG_LENSES,1,11.95
user_008,G9_S4_SOU_PROPAG,1,21.77
user_008,G9_S4_SOU_PROPAG,0,18.2
user_008,G9_S4_SOU_PROPAG,1,19.46
user_008,G9_S4_SOU_PROPAG,1,17.48
user_008,G9_S4_SOU_PROPAG,0,11.16
user_008,G9_S4_SOU_PROPAG,1,18.34
user_008,G9_S4_SOU_PROPAG,1,15.29
user_008,G9_S4_SOU_PROPAG,1,11.32
user_008,G9_S4_SOU_PROPAG,1,11.51
user_008,G9_S4_SOU_PROPAG,0,10.41
user_008,G9_S4_SOU_PROPAG,0,13.48
user_008,G9_S4_SOU_PROPAG,1,10.32
user_008,G9_S4_SOU_HEARING,0,23.33
user_008,G9_S4_SOU_HEARING,0,16.05
user_008,G9_S4_SOU_HEARING,1,16.45
user_008,G9_S4_SOU_HEARING,0,16.15
user_008,G9_S4_SOU_HEARING,0,21.74
user_008,G9_S4_SOU_HEARING,0,20.98
user_008,G9_S4_SOU_HEARING,0,23.27
user_008,G9_S4_SOU_HEARING,0,23.41
user_008,G9_S4_SOU_HEARING,0,20.36
user_008,G9_S4_SOU_HEARING,0,25.66
user_008,G9_S4_SOU_HEARING,0,21.9
user_008,G9_S4_SOU_HEARING,1,21.93
user_008,G9_S5_HEA_EXPANS,0,22.12
user_008,G9_S5_HEA_EXPANS,1,22.88
user_008,G9_S5_HEA_EXPANS,1,19.43
user_008,G9_S5_HEA_EXPANS,1,15.24
user_008,G9_S5_HEA_EXPANS,1,10.81
user_008,G9_S5_HEA_EXPANS,1,14.24
user_008,G9_S5_HEA_EXPANS,1,10.75
user_008,G9_S5_HEA_EXPANS,0,8.74
user_008,G9_S5_HEA_EXPANS,1,14.88
user_008,G9_S5_HEA_EXPANS,1,9.1
user_008,G9_S5_HEA_EXPANS,1,15.03
user_008,G9_S5_HEA_EXPANS,1,15.11
user_008,G9_S5_HEA_TRANSF,0,25.99
user_008,G9_S5_HEA_TRANSF,0,19.29
user_008,G9_S5_HEA_TRANSF,0,21.14
user_008,G9_S5_HEA_TRANSF,0,22.43
user_008,G9_S5_HEA_TRANSF,0,20.4
user_008,G9_S5_HEA_TRANSF,0,20.98
user_008,G9_S5_HEA_TRANSF,0,20.37
user_008,G9_S5_HEA_TRANSF,0,23.46
user_008,G9_S5_HEA_TRANSF,0,21.91
user_008,G9_S5_HEA_TRANSF,0,16.53
user_008,G9_S5_HEA_TRANSF,1,22.48
user_008,G9_S5_HEA_TRANSF,1,18.63
user_008,G9_S6_NAT_ATOMS,0,21.0
user_008,G9_S6_NAT_ATOMS,1,19.9
user_008,G9_S6_NAT_ATOMS,1,17.18
user_008,G9_S6_NAT_ATOMS,0,12.68
user_008,G9_S6_NAT_ATOMS,1,19.11
user_008,G9_S6_NAT_ATOMS,0,16.48
user_008,G9_S6_NAT_ATOMS,1,20.65
user_008,G9_S6_NAT_ATOMS,1,15.28
user_008,G9_S6_NAT_ATOMS,1,12.49
user_008,G9_S6_NAT_ATOMS,1,11.82
user_008,G9_S6_NAT_ATOMS,1,10.18
user_008,G9_S6_NAT_ATOMS,1,13.9
user_008,G9_S6_NAT_CONFIG,0,19.07
user_008,G9_S6_NAT_CONFIG,1,24.27
user_008,G9_S6_NAT_CONFIG,1,15.4
user_008,G9_S6_NAT_CONFIG,0,11.5
user_008,G9_S6_NAT_CONFIG,1,15.32
user_008,G9_S6_NAT_CONFIG,1,15.72
user_008,G9_S6_NAT_CONFIG,1,9.76
user_008,G9_S6_NAT_CONFIG,0,15.4
user_008,G9_S6_NAT_CONFIG,1,10.44
user_008,G9_S6_NAT_CONFIG,1,14.78
user_008,G9_S6_NAT_CONFIG,1,15.14
user_008,G9_S6_NAT_CONFIG,1,10.88
user_008,G9_S7_ACI_SALTS,0,22.06
user_008,G9_S7_ACI_SALTS,1,19.38
user_008,G9_S7_ACI_SALTS,1,20.18
user_008,G9_S7_ACI_SALTS,1,16.49
user_008,G9_S7_ACI_SALTS,0,12.18
user_008,G9_S7_ACI_SALTS,1,14.74
user_008,G9_S7_ACI_SALTS,1,14.9
user_008,G9_S7_ACI_SALTS,1,9.86
user_008,G9_S7_ACI_SALTS,1,14.39
user_008,G9_S7_ACI_SALTS,1,12.42
user_008,G9_S7_ACI_SALTS,1,11.76
user_008,G9_S7_ACI_SALTS,1,12.68
user_008,G9_S7_ACI_NEUTRAL,1,23.35
user_008,G9_S7_ACI_NEUTRAL,0,18.84
user_008,G9_S7_ACI_NEUTRAL,0,19.67
user_008,G9_S7_ACI_NEUTRAL,0,22.72
user_008,G9_S7_ACI_NEUTRAL,0,22.14
user_008,G9_S7_ACI_NEUTRAL,0,26.46
user_008,G9_S7_ACI_NEUTRAL,0,19.35
user_008,G9_S7_ACI_NEUTRAL,1,21.59
user_008,G9_S7_ACI_NEUTRAL,1,21.55
user_008,G9_S7_ACI_NEUTRAL,1,19.11
user_008,G9_S7_ACI_NEUTRAL,1,7.59
user_008,G9_S7_ACI_NEUTRAL,1,16.78
user_009,G6_S1_ORG_CHARS,0,22.07
user_009,G6_S1_ORG_CHARS,1,19.11
user_009,G6_S1_ORG_CHARS,0,16.91
user_009,G6_S1_ORG_CHARS,0,24.4
user_009,G6_S1_ORG_CHARS,0,20.44
user_009,G6_S1_ORG_CHARS,1,22.07
user_009,G6_S1_ORG_CHARS,1,16.06
user_009,G6_S1_ORG_CHARS,0,16.35
user_009,G6_S1_ORG_CHARS,1,19.5
user_009,G6_S1_ORG_CHARS,1,12.34
user_009,G6_S1_ORG_CHARS,1,9.08
user_009,G6_S1_ORG_CHARS,1,13.82
user_009,G6_S1_ORG_CLASS,1,20.54
user_009,G6_S1_ORG_CLASS,0,14.26
user_009,G6_S1_ORG_CLASS,0,20.38
user_009,G6_S1_ORG_CLASS,1,23.87
user_009,G6_S1_ORG_CLASS,1,17.58
user_009,G6_S1_ORG_CLASS,1,14.49
user_009,G6_S1_ORG_CLASS,0,11.61
user_009,G6_S1_ORG_CLASS,1,15.91
user_009,G6_S1_ORG_CLASS,1,14.41
user_009,G6_S1_ORG_CLASS,1,12.99
user_009,G6_S1_ORG_CLASS,1,9.26
user_009,G6_S1_ORG_CLASS,1,10.36
user_009,G6_S2_MAT_STATES,0,22.43
user_009,G6_S2_MAT_STATES,1,21.31
user_009,G6_S2_MAT_STATES,1,14.67
user_009,G6_S2_MAT_STATES,1,14.8
user_009,G6_S2_MAT_STATES,1,11.46
user_009,G6_S2_MAT_STATES,1,8.88
user_009,G6_S2_MAT_STATES,1,15.96
user_009,G6_S2_MAT_STATES,1,7.13
user_009,G6_S2_MAT_STATES,1,11.24
user_009,G6_S2_MAT_STATES,0,13.51
user_009,G6_S2_MAT_STATES,1,12.32
user_009,G6_S2_MAT_STATES,1,14.35
user_009,G6_S2_MAT_PROPS,1,21.06
user_009,G6_S2_MAT_PROPS,1,17.01
user_009,G6_S2_MAT_PROPS,1,14.89
user_009,G6_S2_MAT_PROPS,0,12.77
user_009,G6_S2_MAT_PROPS,1,14.81
user_009,G6_S2_MAT_PROPS,0,13.73
user_009,G6_S2_MAT_PROPS,1,14.79
user_009,G6_S2_MAT_PROPS,1,11.7
user_009,G6_S2_MAT_PROPS,1,15.98
user_009,G6_S2_MAT_PROPS,1,12.19
user_009,G6_S2_MAT_PROPS,1,12.88
user_009,G6_S2_MAT_PROPS,1,8.32
user_009,G6_S4_ENE_SOURCES,0,22.11
user_009,G6_S4_ENE_SOURCES,0,19.14
user_009,G6_S4_ENE_SOURCES,1,20.86
user_009,G6_S4_ENE_SOURCES,0,17.54
user_009,G6_S4_ENE_SOURCES,0,20.99
user_009,G6_S4_ENE_SOURCES,0,19.43
user_009,G6_S4_ENE_SOURCES,0,23.36
user_009,G6_S4_ENE_SOURCES,0,19.42
user_009,G6_S4_ENE_SOURCES,0,16.42
user_009,G6_S4_ENE_SOURCES,1,23.3
user_009,G6_S4_ENE_SOURCES,1,14.56
user_009,G6_S4_ENE_SOURCES,1,12.89
user_009,G6_S8_ELE_CIRCUITS,1,24.06
user_009,G6_S8_ELE_CIRCUITS,0,15.8
user_009,G6_S8_ELE_CIRCUITS,0,17.49
user_009,G6_S8_ELE_CIRCUITS,0,23.09
user_009,G6_S8_ELE_CIRCUITS,1,14.95
user_009,G6_S8_ELE_CIRCUITS,1,10.16
user_009,G6_S8_ELE_CIRCUITS,1,15.08
user_009,G6_S8_ELE_CIRCUITS,1,11.59
user_009,G6_S8_ELE_CIRCUITS,1,11.14
user_009,G6_S8_ELE_CIRCUITS,1,12.33
user_009,G6_S8_ELE_CIRCUITS,1,14.75
user_009,G6_S8_ELE_CIRCUITS,1,9.81
user_009,G6_S8_ELE_CONDINS,0,22.93
user_009,G6_S8_ELE_CONDINS,0,20.46
user_009,G6_S8_ELE_CONDINS,0,24.12
user_009,G6_S8_ELE_CONDINS,0,26.59
user_009,G6_S8_ELE_CONDINS,0,20.2
user_009,G6_S8_ELE_CONDINS,1,26.46
user_009,G6_S8_ELE_CONDINS,1,16.01
user_009,G6_S8_ELE_CONDINS,0,16.09
user_009,G6_S8_ELE_CONDINS,0,19.48
user_009,G6_S8_ELE_CONDINS,1,20.18
user_009,G6_S8_ELE_CONDINS,1,12.37
user_009,G6_S8_ELE_CONDINS,1,17.33
user_009,G7_S1_PLA_DIVER,0,22.36
user_009,G7_S1_PLA_DIVER,1,21.44
user_009,G7_S1_PLA_DIVER,0,22.36
user_009,G7_S1_PLA_DIVER,0,14.36
user_009,G7_S1_PLA_DIVER,1,19.56
user_009,G7_S1_PLA_DIVER,0,17.6
user_009,G7_S1_PLA_DIVER,1,20.61
user_009,G7_S1_PLA_DIVER,1,12.16
user_009,G7_S1_PLA_DIVER,1,9.3
user_009,G7_S1_PLA_DIVER,1,12.85
user_009,G7_S1_PLA_DIVER,1,14.01
user_009,G7_S1_PLA_DIVER,1,8.48
user_009,G7_S1_PLA_CLASSIF,0,18.62
user_009,G7_S1_PLA_CLASSIF,0,21.26
user_009,G7_S1_PLA_CLASSIF,1,22.57
user_009,G7_S1_PLA_CLASSIF,0,17.75
user_009,G7_S1_PLA_CLASSIF,0,20.99
user_009,G7_S1_PLA_CLASSIF,0,22.07
user_009,G7_S1_PLA_CLASSIF,0,25.02
user_009,G7_S1_PLA_CLASSIF,1,19.18
user_009,G7_S1_PLA_CLASSIF,1,15.64
user_009,G7_S1_PLA_CLASSIF,0,12.36
user_009,G7_S1_PLA_CLASSIF,1,16.31
user_009,G7_S1_PLA_CLASSIF,1,14.96
user_009,G7_S2_STA_CHARGES,0,22.95
user_009,G7_S2_STA_CHARGES,0,18.01
user_009,G7_S2_STA_CHARGES,0,21.69
user_009,G7_S2_STA_CHARGES,1,20.23
user_009,G7_S2_STA_CHARGES,1,15.68
user_009,G7_S2_STA_CHARGES,1,15.52
user_009,G7_S2_STA_CHARGES,0,14.46
user_009,G7_S2_STA_CHARGES,1,19.14
user_009,G7_S2_STA_CHARGES,1,12.34
user_009,G7_S2_STA_CHARGES,1,16.29
user_009,G7_S2_STA_CHARGES,1,11.61
user_009,G7_S2_STA_CHARGES,1,14.45
user_009,G7_S2_STA_CAPACIT,1,22.57
user_009,G7_S2_STA_CAPACIT,0,20.06
user_009,G7_S2_STA_CAPACIT,1,19.71
user_009,G7_S2_STA_CAPACIT,0,12.27
user_009,G7_S2_STA_CAPACIT,1,18.4
user_009,G7_S2_STA_CAPACIT,1,14.38
user_009,G7_S2_STA_CAPACIT,1,14.41
user_009,G7_S2_STA_CAPACIT,1,10.76
user_009,G7_S2_STA_CAPACIT,1,10.77
user_009,G7_S2_STA_CAPACIT,1,12.31
user_009,G7_S2_STA_CAPACIT,1,12.49
user_009,G7_S2_STA_CAPACIT,0,11.92
user_009,G7_S3_ELE_SOURCES,0,21.46
user_009,G7_S3_ELE_SOURCES,1,23.2
user_009,G7_S3_ELE_SOURCES,0,17.43
user_009,G7_S3_ELE_SOURCES,1,17.25
user_009,G7_S3_ELE_SOURCES,1,20.0
user_009,G7_S3_ELE_SOURCES,1,10.19
user_009,G7_S3_ELE_SOURCES,1,12.89
user_009,G7_S3_ELE_SOURCES,1,9.31
user_009,G7_S3_ELE_SOURCES,1,10.91
user_009,G7_S3_ELE_SOURCES,1,10.07
user_009,G7_S3_ELE_SOURCES,1,14.92
user_009,G7_S3_ELE_SOURCES,1,13.39
user_009,G7_S3_ELE_CURRENTS,0,26.52
user_009,G7_S3_ELE_CURRENTS,1,16.97
user_009,G7_S3_ELE_CURRENTS,1,17.49
user_009,G7_S3_ELE_CURRENTS,1,16.0
user_009,G7_S3_ELE_CURRENTS,1,11.7
user_009,G7_S3_ELE_CURRENTS,1,10.86
user_009,G7_S3_ELE_CURRENTS,1,15.39
user_009,G7_S3_ELE_CURRENTS,1,13.0
user_009,G7_S3_ELE_CURRENTS,1,13.83
user_009,G7_S3_ELE_CURRENTS,1,16.37
user_009,G7_S3_ELE_CURRENTS,1,11.32
user_009,G7_S3_ELE_CURRENTS,1,12.04
user_009,G7_S4_WAT_SOLVENT,0,19.75
user_009,G7_S4_WAT_SOLVENT,0,20.32
user_009,G7_S4_WAT_SOLVENT,0,20.16
user_009,G7_S4_WAT_SOLVENT,1,24.67
user_009,G7_S4_WAT_SOLVENT,1,17.44
user_009,G7_S4_WAT_SOLVENT,1,13.7
user_009,G7_S4_WAT_SOLVENT,1,9.15
user_009,G7_S4_WAT_SOLVENT,1,12.41
user_009,G7_S4_WAT_SOLVENT,1,15.97
user_009,G7_S4_WAT_SOLVENT,1,15.37
user_009,G7_S4_WAT_SOLVENT,1,13.28
user_009,G7_S4_WAT_SOLVENT,1,9.03
user_009,G7_S4_WAT_COOLANT,1,22.18
user_009,G7_S4_WAT_COOLANT,1,14.85
user_009,G7_S4_WAT_COOLANT,1,11.59
user_009,G7_S4_WAT_COOLANT,0,12.71
user_009,G7_S4_WAT_COOLANT,1,16.52
user_009,G7_S4_WAT_COOLANT,1,11.79
user_009,G7_S4_WAT_COOLANT,1,11.49
user_009,G7_S4_WAT_COOLANT,0,14.64
user_009,G7_S4_WAT_COOLANT,0,11.11
user_009,G7_S4_WAT_COOLANT,0,16.36
user_009,G7_S4_WAT_COOLANT,1,20.08
user_009,G7_S4_WAT_COOLANT,1,16.26
user_009,G7_S5_ACI_IDENTIF,1,24.4
user_009,G7_S5_ACI_IDENTIF,0,16.91
user_009,G7_S5_ACI_IDENTIF,0,22.11
user_009,G7_S5_ACI_IDENTIF,0,24.91
user_009,G7_S5_ACI_IDENTIF,1,19.16
user_009,G7_S5_ACI_IDENTIF,1,17.02
user_009,G7_S5_ACI_IDENTIF,1,12.87
user_009,G7_S5_ACI_IDENTIF,1,15.77
user_009,G7_S5_ACI_IDENTIF,1,14.56
user_009,G7_S5_ACI_IDENTIF,1,15.6
user_009,G7_S5_ACI_IDENTIF,1,11.09
user_009,G7_S5_ACI_IDENTIF,0,11.27
user_009,G7_S5_ACI_INDICAT,0,19.67
user_009,G7_S5_ACI_INDICAT,0,17.94
user_009,G7_S5_ACI_INDICAT,1,23.75
user_009,G7_S5_ACI_INDICAT,0,15.62
user_009,G7_S5_ACI_INDICAT,1,20.89
user_009,G7_S5_ACI_INDICAT,1,16.87
user_009,G7_S5_ACI_INDICAT,1,10.57
user_009,G7_S5_ACI_INDICAT,1,13.13
user_009,G7_S5_ACI_INDICAT,1,12.38
user_009,G7_S5_ACI_INDICAT,0,9.73
user_009,G7_S5_ACI_INDICAT,1,14.99
user_009,G7_S5_ACI_INDICAT,1,6.17
user_009,G7_S6_ANI_CLASSIF,1,21.62
user_009,G7_S6_ANI_CLASSIF,0,15.84
user_009,G7_S6_ANI_CLASSIF,1,18.93
user_009,G7_S6_ANI_CLASSIF,0,17.02
user_009,G7_S6_ANI_CLASSIF,1,17.92
user_009,G7_S6_ANI_CLASSIF,1,14.15
user_009,G7_S6_ANI_CLASSIF,1,13.44
user_009,G7_S6_ANI_CLASSIF,1,11.37
user_009,G7_S6_ANI_CLASSIF,1,8.36
user_009,G7_S6_ANI_CLASSIF,1,12.64
user_009,G7_S6_ANI_CLASSIF,0,15.52
user_009,G7_S6_ANI_CLASSIF,1,13.96
user_009,G7_S6_ANI_ADAPTAT,0,20.15
user_009,G7_S6_ANI_ADAPTAT,0,21.64
user_009,G7_S6_ANI_ADAPTAT,1,24.13
user_009,G7_S6_ANI_ADAPTAT,1,19.22
user_009,G7_S6_ANI_ADAPTAT,1,14.98
user_009,G7_S6_ANI_ADAPTAT,1,12.13
user_009,G7_S6_ANI_ADAPTAT,1,10.42
user_009,G7_S6_ANI_ADAPTAT,1,15.89
user_009,G7_S6_ANI_ADAPTAT,1,13.35
user_009,G7_S6_ANI_ADAPTAT,1,13.8
user_009,G7_S6_ANI_ADAPTAT,1,12.25
user_009,G7_S6_ANI_ADAPTAT,1,15.29
user_009,G7_S7_ENE_FORMS,1,20.13
user_009,G7_S7_ENE_FORMS,1,17.73
user_009,G7_S7_ENE_FORMS,0,18.32
user_009,G7_S7_ENE_FORMS,0,19.99
user_009,G7_S7_ENE_FORMS,1,23.74
user_009,G7_S7_ENE_FORMS,1,12.22
user_009,G7_S7_ENE_FORMS,0,14.67
user_009,G7_S7_ENE_FORMS,1,19.45
user_009,G7_S7_ENE_FORMS,1,12.22
user_009,G7_S7_ENE_FORMS,1,9.28
user_009,G7_S7_ENE_FORMS,1,13.48
user_009,G7_S7_ENE_FORMS,1,12.37
user_009,G7_S7_ENE_TRANSF,0,21.34
user_009,G7_S7_ENE_TRANSF,0,21.69
user_009,G7_S7_ENE_TRANSF,0,21.15
user_009,G7_S7_ENE_TRANSF,0,21.55
user_009,G7_S7_ENE_TRANSF,1,17.29
user_009,G7_S7_ENE_TRANSF,0,16.99
user_009,G7_S7_ENE_TRANSF,0,17.85
user_009,G7_S7_ENE_TRANSF,0,19.97
user_009,G7_S7_ENE_TRANSF,0,25.7
user_009,G7_S7_ENE_TRANSF,0,20.9
user_009,G7_S7_ENE_TRANSF,0,22.16
user_009,G7_S7_ENE_TRANSF,0,20.73
user_009,G7_S8_EAR_STRUCT,0,26.09
user_009,G7_S8_EAR_STRUCT,0,21.4
user_009,G7_S8_EAR_STRUCT,0,21.08
user_009,G7_S8_EAR_STRUCT,0,24.11
user_009,G7_S8_EAR_STRUCT,0,20.97
user_009,G7_S8_EAR_STRUCT,0,20.76
user_009,G7_S8_EAR_STRUCT,0,17.89
user_009,G7_S8_EAR_STRUCT,0,20.88
user_009,G7_S8_EAR_STRUCT,0,24.63
user_009,G7_S8_EAR_STRUCT,1,21.94
user_009,G7_S8_EAR_STRUCT,0,18.0
user_009,G7_S8_EAR_STRUCT,0,20.53
user_009,G7_S8_EAR_TECTON,1,22.7
user_009,G7_S8_EAR_TECTON,1,20.28
user_009,G7_S8_EAR_TECTON,1,11.02
user_009,G7_S8_EAR_TECTON,1,8.74
user_009,G7_S8_EAR_TECTON,1,15.68
user_009,G7_S8_EAR_TECTON,1,8.85
user_009,G7_S8_EAR_TECTON,1,12.55
user_009,G7_S8_EAR_TECTON,1,13.6
user_009,G7_S8_EAR_TECTON,1,14.48
user_009,G7_S8_EAR_TECTON,1,8.68
user_009,G7_S8_EAR_TECTON,0,11.16
user_009,G7_S8_EAR_TECTON,1,15.11
user_009,G7_S9_LIG_SHADOWS,1,21.26
user_009,G7_S9_LIG_SHADOWS,1,19.18
user_009,G7_S9_LIG_SHADOWS,0,13.61
user_009,G7_S9_LIG_SHADOWS,1,19.44
user_009,G7_S9_LIG_SHADOWS,0,9.07
user_009,G7_S9_LIG_SHADOWS,1,19.25
user_009,G7_S9_LIG_SHADOWS,1,13.26
user_009,G7_S9_LIG_SHADOWS,1,8.41
user_009,G7_S9_LIG_SHADOWS,1,10.86
user_009,G7_S9_LIG_SHADOWS,1,13.11
user_009,G7_S9_LIG_SHADOWS,1,13.38
user_009,G7_S9_LIG_SHADOWS,1,12.96
user_009,G7_S9_LIG_MIRRORS,0,25.0
user_009,G7_S9_LIG_MIRRORS,1,24.34
user_009,G7_S9_LIG_MIRRORS,1,13.89
user_009,G7_S9_LIG_MIRRORS,1,11.25
user_009,G7_S9_LIG_MIRRORS,1,16.81
user_009,G7_S9_LIG_MIRRORS,1,11.84
user_009,G7_S9_LIG_MIRRORS,1,14.19
user_009,G7_S9_LIG_MIRRORS,1,13.87
user_009,G7_S9_LIG_MIRRORS,1,8.32
user_009,G7_S9_LIG_MIRRORS,1,14.93
user_009,G7_S9_LIG_MIRRORS,0,13.48
user_009,G7_S9_LIG_MIRRORS,1,10.91
user_009,G7_S10_MIC_LIGHT,1,23.09
user_009,G7_S10_MIC_LIGHT,0,17.3
user_009,G7_S10_MIC_LIGHT,1,14.97
user_009,G7_S10_MIC_LIGHT,1,16.8
user_009,G7_S10_MIC_LIGHT,1,12.41
user_009,G7_S10_MIC_LIGHT,1,13.49
user_009,G7_S10_MIC_LIGHT,1,13.15
user_009,G7_S10_MIC_LIGHT,1,13.16
user_009,G7_S10_MIC_LIGHT,1,16.15
user_009,G7_S10_MIC_LIGHT,1,13.77
user_009,G7_S10_MIC_LIGHT,1,10.43
user_009,G7_S10_MIC_LIGHT,1,13.94
user_009,G7_S10_MIC_ELECTR,1,27.82
user_009,G7_S10_MIC_ELECTR,0,14.89
user_009,G7_S10_MIC_ELECTR,0,22.05
user_009,G7_S10_MIC_ELECTR,1,25.45
user_009,G7_S10_MIC_ELECTR,1,13.89
user_009,G7_S10_MIC_ELECTR,1,13.09
user_009,G7_S10_MIC_ELECTR,0,12.12
user_009,G7_S10_MIC_ELECTR,0,15.52
user_009,G7_S10_MIC_ELECTR,1,16.76
user_009,G7_S10_MIC_ELECTR,0,12.77
user_009,G7_S10_MIC_ELECTR,0,18.01
user_009,G7_S10_MIC_ELECTR,0,19.74
user_009,G8_S1_BIO_DIVER,0,22.31
user_009,G8_S1_BIO_DIVER,0,21.84
user_009,G8_S1_BIO_DIVER,1,22.56
user_009,G8_S1_BIO_DIVER,1,16.86
user_009,G8_S1_BIO_DIVER,0,15.53
user_009,G8_S1_BIO_DIVER,1,14.85
user_009,G8_S1_BIO_DIVER,1,12.45
user_009,G8_S1_BIO_DIVER,1,11.0
user_009,G8_S1_BIO_DIVER,0,14.68
user_009,G8_S1_BIO_DIVER,1,15.88
user_009,G8_S1_BIO_DIVER,1,11.87
user_009,G8_S1_BIO_DIVER,1,9.55
user_009,G8_S1_BIO_CLASSIF,0,22.65
user_009,G8_S1_BIO_CLASSIF,1,23.08
user_009,G8_S1_BIO_CLASSIF,0,16.42
user_009,G8_S1_BIO_CLASSIF,1,20.69
user_009,G8_S1_BIO_CLASSIF,1,15.53
user_009,G8_S1_BIO_CLASSIF,1,11.9
user_009,G8_S1_BIO_CLASSIF,1,11.07
user_009,G8_S1_BIO_CLASSIF,0,10.35
user_009,G8_S1_BIO_CLASSIF,1,9.78
user_009,G8_S1_BIO_CLASSIF,0,11.88
user_009,G8_S1_BIO_CLASSIF,1,15.13
user_009,G8_S1_BIO_CLASSIF,1,14.22
user_009,G8_S2_TIS_PLANT,0,22.67
user_009,G8_S2_TIS_PLANT,0,21.31
user_009,G8_S2_TIS_PLANT,0,23.02
user_009,G8_S2_TIS_PLANT,1,21.97
user_009,G8_S2_TIS_PLANT,1,20.34
user_009,G8_S2_TIS_PLANT,1,13.92
user_009,G8_S2_TIS_PLANT,1,9.8
user_009,G8_S2_TIS_PLANT,1,10.96
user_009,G8_S2_TIS_PLANT,1,13.43
user_009,G8_S2_TIS_PLANT,1,9.27
user_009,G8_S2_TIS_PLANT,1,9.96
user_009,G8_S2_TIS_PLANT,1,10.06
user_009,G8_S2_TIS_ANIMAL,1,22.72
user_009,G8_S2_TIS_ANIMAL,1,12.87
user_009,G8_S2_TIS_ANIMAL,0,14.58
user_009,G8_S2_TIS_ANIMAL,1,22.67
user_009,G8_S2_TIS_ANIMAL,1,12.9
user_009,G8_S2_TIS_ANIMAL,1,9.95
user_009,G8_S2_TIS_ANIMAL,1,14.52
user_009,G8_S2_TIS_ANIMAL,1,13.12
user_009,G8_S2_TIS_ANIMAL,0,13.39
user_009,G8_S2_TIS_ANIMAL,1,14.19
user_009,G8_S2_TIS_ANIMAL,1,10.48
user_009,G8_S2_TIS_ANIMAL,1,11.6
user_009,G8_S3_PHO_PROCESS,1,15.72
user_009,G8_S3_PHO_PROCESS,1,20.43
user_009,G8_S3_PHO_PROCESS,0,11.58
user_009,G8_S3_PHO_PROCESS,0,17.48
user_009,G8_S3_PHO_PROCESS,0,21.85
user_009,G8_S3_PHO_PROCESS,1,25.45
user_009,G8_S3_PHO_PROCESS,1,16.29
user_009,G8_S3_PHO_PROCESS,1,11.22
user_009,G8_S3_PHO_PROCESS,1,14.32
user_009,G8_S3_PHO_PROCESS,1,9.96
user_009,G8_S3_PHO_PROCESS,1,12.88
user_009,G8_S3_PHO_PROCESS,1,17.93
user_009,G8_S3_PHO_IMPORT,0,23.25
user_009,G8_S3_PHO_IMPORT,0,22.29
user_009,G8_S3_PHO_IMPORT,0,23.53
user_009,G8_S3_PHO_IMPORT,1,17.95
user_009,G8_S3_PHO_IMPORT,0,13.47
user_009,G8_S3_PHO_IMPORT,1,16.9
user_009,G8_S3_PHO_IMPORT,0,17.7
user_009,G8_S3_PHO_IMPORT,0,18.45
user_009,G8_S3_PHO_IMPORT,0,22.82
user_009,G8_S3_PHO_IMPORT,1,19.48
user_009,G8_S3_PHO_IMPORT,0,18.81
user_009,G8_S3_PHO_IMPORT,0,19.84
user_009,G8_S4_MAT_ELEMENTS,0,25.01
user_009,G8_S4_MAT_ELEMENTS,0,20.1
user_009,G8_S4_MAT_ELEMENTS,1,20.47
user_009,G8_S4_MAT_ELEMENTS,0,17.06
user_009,G8_S4_MAT_ELEMENTS,0,22.83
user_009,G8_S4_MAT_ELEMENTS,1,16.01
user_009,G8_S4_MAT_ELEMENTS,0,14.8
user_009,G8_S4_MAT_ELEMENTS,1,18.83
user_009,G8_S4_MAT_ELEMENTS,0,20.99
user_009,G8_S4_MAT_ELEMENTS,1,23.04
user_009,G8_S4_MAT_ELEMENTS,0,17.94
user_009,G8_S4_MAT_ELEMENTS,0,23.01
user_009,G8_S4_MAT_COMPOUNDS,1,18.73
user_009,G8_S4_MAT_COMPOUNDS,0,18.47
user_009,G8_S4_MAT_COMPOUNDS,1,22.23
user_009,G8_S4_MAT_COMPOUNDS,1,16.98
user_009,G8_S4_MAT_COMPOUNDS,1,9.45
user_009,G8_S4_MAT_COMPOUNDS,1,12.93
user_009,G8_S4_MAT_COMPOUNDS,1,12.05
user_009,G8_S4_MAT_COMPOUNDS,1,9.51
user_009,G8_S4_MAT_COMPOUNDS,0,14.0
user_009,G8_S4_MAT_COMPOUNDS,1,12.05
user_009,G8_S4_MAT_COMPOUNDS,0,8.63
user_009,G8_S4_MAT_COMPOUNDS,1,17.83
user_009,G8_S5_MAT_DENSITY,0,17.86
user_009,G8_S5_MAT_DENSITY,0,18.95
user_009,G8_S5_MAT_DENSITY,0,21.41
user_009,G8_S5_MAT_DENSITY,1,19.58
user_009,G8_S5_MAT_DENSITY,0,13.59
user_009,G8_S5_MAT_DENSITY,1,17.4
user_009,G8_S5_MAT_DENSITY,0,12.22
user_009,G8_S5_MAT_DENSITY,0,14.01
user_009,G8_S5_MAT_DENSITY,0,17.18
user_009,G8_S5_MAT_DENSITY,1,17.39
user_009,G8_S5_MAT_DENSITY,0,15.62
user_009,G8_S5_MAT_DENSITY,0,20.99
user_009,G8_S5_MAT_THERMAL,0,25.62
user_009,G8_S5_MAT_THERMAL,1,15.68
user_009,G8_S5_MAT_THERMAL,1,17.98
user_009,G8_S5_MAT_THERMAL,1,12.35
user_009,G8_S5_MAT_THERMAL,1,12.12
user_009,G8_S5_MAT_THERMAL,1,11.33
user_009,G8_S5_MAT_THERMAL,1,7.95
user_009,G8_S5_MAT_THERMAL,1,10.47
user_009,G8_S5_MAT_THERMAL,1,14.26
user_009,G8_S5_MAT_THERMAL,1,11.09
user_009,G8_S5_MAT_THERMAL,1,13.77
user_009,G8_S5_MAT_THERMAL,1,6.42
user_009,G8_S6_CHA_PHYSICAL,1,22.29
user_009,G8_S6_CHA_PHYSICAL,0,15.54
user_009,G8_S6_CHA_PHYSICAL,0,18.55
user_009,G8_S6_CHA_PHYSICAL,0,22.46
user_009,G8_S6_CHA_PHYSICAL,1,22.55
user_009,G8_S6_CHA_PHYSICAL,1,12.39
user_009,G8_S6_CHA_PHYSICAL,1,17.76
user_009,G8_S6_CHA_PHYSICAL,1,10.91
user_009,G8_S6_CHA_PHYSICAL,1,11.97
user_009,G8_S6_CHA_PHYSICAL,1,11.7
user_009,G8_S6_CHA_PHYSICAL,1,13.19
user_009,G8_S6_CHA_PHYSICAL,0,11.79
user_009,G8_S6_CHA_BURNING,0,21.47
user_009,G8_S6_CHA_BURNING,1,16.88
user_009,G8_S6_CHA_BURNING,0,13.8
user_009,G8_S6_CHA_BURNING,1,25.77
user_009,G8_S6_CHA_BURNING,1,18.76
user_009,G8_S6_CHA_BURNING,0,14.32
user_009,G8_S6_CHA_BURNING,1,17.59
user_009,G8_S6_CHA_BURNING,1,12.39
user_009,G8_S6_CHA_BURNING,1,11.63
user_009,G8_S6_CHA_BURNING,1,14.49
user_009,G8_S6_CHA_BURNING,1,14.85
user_009,G8_S6_CHA_BURNING,1,8.25
user_009,G8_S7_FOR_TYPES,0,21.8
user_009,G8_S7_FOR_TYPES,1,17.03
user_009,G8_S7_FOR_TYPES,0,19.54
user_009,G8_S7_FOR_TYPES,0,22.73
user_009,G8_S7_FOR_TYPES,1,19.86
user_009,G8_S7_FOR_TYPES,1,16.24
user_009,G8_S7_FOR_TYPES,1,12.49
user_009,G8_S7_FOR_TYPES,1,10.16
user_009,G8_S7_FOR_TYPES,1,12.35
user_009,G8_S7_FOR_TYPES,1,6.08
user_009,G8_S7_FOR_TYPES,1,7.57
user_009,G8_S7_FOR_TYPES,1,9.56
user_009,G8_S7_FOR_PRESSURE,0,22.21
user_009,G8_S7_FOR_PRESSURE,0,18.59
user_009,G8_S7_FOR_PRESSURE,0,21.85
user_009,G8_S7_FOR_PRESSURE,0,22.5
user_009,G8_S7_FOR_PRESSURE,0,19.96
user_009,G8_S7_FOR_PRESSURE,0,22.57
user_009,G8_S7_FOR_PRESSURE,0,17.2
user_009,G8_S7_FOR_PRESSURE,1,24.78
user_009,G8_S7_FOR_PRESSURE,0,18.84
user_009,G8_S7_FOR_PRESSURE,1,15.92
user_009,G8_S7_FOR_PRESSURE,1,23.89
user_009,G8_S7_FOR_PRESSURE,1,17.72
user_009,G8_S8_STA_PHENOM,1,18.69
user_009,G8_S8_STA_PHENOM,1,16.77
user_009,G8_S8_STA_PHENOM,1,17.54
user_009,G8_S8_STA_PHENOM,1,6.71
user_009,G8_S8_STA_PHENOM,1,11.27
user_009,G8_S8_STA_PHENOM,1,10.84
user_009,G8_S8_STA_PHENOM,1,15.44
user_009,G8_S8_STA_PHENOM,1,12.59
user_009,G8_S8_STA_PHENOM,1,9.2
user_009,G8_S8_STA_PHENOM,1,11.17
user_009,G8_S8_STA_PHENOM,1,9.21
user_009,G8_S8_STA_PHENOM,0,10.51
user_009,G8_S8_STA_LIGHTNG,0,22.01
user_009,G8_S8_STA_LIGHTNG,0,17.83
user_009,G8_S8_STA_LIGHTNG,0,21.34
user_009,G8_S8_STA_LIGHTNG,0,23.83
user_009,G8_S8_STA_LIGHTNG,0,20.57
user_009,G8_S8_STA_LIGHTNG,0,23.57
user_009,G8_S8_STA_LIGHTNG,1,26.01
user_009,G8_S8_STA_LIGHTNG,1,11.2
user_009,G8_S8_STA_LIGHTNG,1,17.98
user_009,G8_S8_STA_LIGHTNG,1,17.27
user_009,G8_S8_STA_LIGHTNG,1,10.13
user_009,G8_S8_STA_LIGHTNG,1,12.47
user_009,G9_S1_SYS_DIGEST,0,21.37
user_009,G9_S1_SYS_DIGEST,0,17.75
user_009,G9_S1_SYS_DIGEST,0,24.08
user_009,G9_S1_SYS_DIGEST,0,21.13
user_009,G9_S1_SYS_DIGEST,1,19.32
user_009,G9_S1_SYS_DIGEST,1,15.45
user_009,G9_S1_SYS_DIGEST,0,15.62
user_009,G9_S1_SYS_DIGEST,1,20.65
user_009,G9_S1_SYS_DIGEST,1,11.72
user_009,G9_S1_SYS_DIGEST,1,16.84
user_009,G9_S1_SYS_DIGEST,1,15.88
user_009,G9_S1_SYS_DIGEST,1,13.75
user_009,G9_S1_SYS_CIRCUL,0,21.56
user_009,G9_S1_SYS_CIRCUL,0,17.88
user_009,G9_S1_SYS_CIRCUL,0,28.18
user_009,G9_S1_SYS_CIRCUL,1,19.13
user_009,G9_S1_SYS_CIRCUL,1,12.57
user_009,G9_S1_SYS_CIRCUL,1,12.04
user_009,G9_S1_SYS_CIRCUL,1,16.38
user_009,G9_S1_SYS_CIRCUL,1,8.08
user_009,G9_S1_SYS_CIRCUL,1,11.27
user_009,G9_S1_SYS_CIRCUL,1,10.25
user_009,G9_S1_SYS_CIRCUL,1,11.61
user_009,G9_S1_SYS_CIRCUL,1,9.94
user_009,G9_S2_RHY_EARTH,0,19.86
user_009,G9_S2_RHY_EARTH,0,19.58
user_009,G9_S2_RHY_EARTH,0,21.45
user_009,G9_S2_RHY_EARTH,0,24.67
user_009,G9_S2_RHY_EARTH,1,22.86
user_009,G9_S2_RHY_EARTH,1,19.18
user_009,G9_S2_RHY_EARTH,1,17.87
user_009,G9_S2_RHY_EARTH,1,15.35
user_009,G9_S2_RHY_EARTH,0,10.3
user_009,G9_S2_RHY_EARTH,1,14.6
user_009,G9_S2_RHY_EARTH,1,11.69
user_009,G9_S2_RHY_EARTH,1,13.06
user_009,G9_S2_RHY_CLIMATE,0,24.13
user_009,G9_S2_RHY_CLIMATE,1,19.58
user_009,G9_S2_RHY_CLIMATE,1,18.28
user_009,G9_S2_RHY_CLIMATE,1,20.84
user_009,G9_S2_RHY_CLIMATE,1,12.67
user_009,G9_S2_RHY_CLIMATE,1,9.35
user_009,G9_S2_RHY_CLIMATE,1,13.02
user_009,G9_S2_RHY_CLIMATE,1,12.07
user_009,G9_S2_RHY_CLIMATE,1,15.03
user_009,G9_S2_RHY_CLIMATE,1,11.49
user_009,G9_S2_RHY_CLIMATE,1,17.29
user_009,G9_S2_RHY_CLIMATE,1,13.06
user_009,G9_S3_LIG_REFRAC,0,23.58
user_009,G9_S3_LIG_REFRAC,0,21.14
user_009,G9_S3_LIG_REFRAC,1,21.94
user_009,G9_S3_LIG_REFRAC,0,18.14
user_009,G9_S3_LIG_REFRAC,0,17.53
user_009,G9_S3_LIG_REFRAC,0,19.45
user_009,G9_S3_LIG_REFRAC,0,22.56
user_009,G9_S3_LIG_REFRAC,1,20.46
user_009,G9_S3_LIG_REFRAC,0,16.62
user_009,G9_S3_LIG_REFRAC,0,20.19
user_009,G9_S3_LIG_REFRAC,0,25.34
user_009,G9_S3_LIG_REFRAC,1,19.88
user_009,G9_S3_LIG_LENSES,1,21.2
user_009,G9_S3_LIG_LENSES,1,19.49
user_009,G9_S3_LIG_LENSES,0,11.43
user_009,G9_S3_LIG_LENSES,0,18.56
user_009,G9_S3_LIG_LENSES,0,25.79
user_009,G9_S3_LIG_LENSES,0,19.14
user_009,G9_S3_LIG_LENSES,1,20.22
user_009,G9_S3_LIG_LENSES,1,17.71
user_009,G9_S3_LIG_LENSES,1,12.97
user_009,G9_S3_LIG_LENSES,1,14.1
user_009,G9_S3_LIG_LENSES,1,10.47
user_009,G9_S3_LIG_LENSES,0,13.49
user_009,G9_S4_SOU_PROPAG,0,24.05
user_009,G9_S4_SOU_PROPAG,0,16.53
user_009,G9_S4_SOU_PROPAG,0,23.63
user_009,G9_S4_SOU_PROPAG,0,22.93
user_009,G9_S4_SOU_PROPAG,1,18.13
user_009,G9_S4_SOU_PROPAG,1,16.71
user_009,G9_S4_SOU_PROPAG,1,12.61
user_009,G9_S4_SOU_PROPAG,1,12.33
user_009,G9_S4_SOU_PROPAG,1,14.2
user_009,G9_S4_SOU_PROPAG,1,17.68
user_009,G9_S4_SOU_PROPAG,1,12.64
user_009,G9_S4_SOU_PROPAG,1,12.43
user_009,G9_S4_SOU_HEARING,0,20.5
user_009,G9_S4_SOU_HEARING,0,20.19
user_009,G9_S4_SOU_HEARING,0,21.89
user_009,G9_S4_SOU_HEARING,0,17.7
user_009,G9_S4_SOU_HEARING,1,23.33
user_009,G9_S4_SOU_HEARING,1,15.13
user_009,G9_S4_SOU_HEARING,0,9.52
user_009,G9_S4_SOU_HEARING,0,14.51
user_009,G9_S4_SOU_HEARING,0,21.15
user_009,G9_S4_SOU_HEARING,1,21.51
user_009,G9_S4_SOU_HEARING,0,19.57
user_009,G9_S4_SOU_HEARING,0,20.58
user_009,G9_S5_HEA_EXPANS,0,20.6
user_009,G9_S5_HEA_EXPANS,1,21.28
user_009,G9_S5_HEA_EXPANS,0,18.03
user_009,G9_S5_HEA_EXPANS,0,19.65
user_009,G9_S5_HEA_EXPANS,0,20.96
user_009,G9_S5_HEA_EXPANS,1,20.45
user_009,G9_S5_HEA_EXPANS,1,16.66
user_009,G9_S5_HEA_EXPANS,0,13.37
user_009,G9_S5_HEA_EXPANS,1,15.33
user_009,G9_S5_HEA_EXPANS,1,8.84
user_009,G9_S5_HEA_EXPANS,1,14.37
user_009,G9_S5_HEA_EXPANS,0,8.09
user_009,G9_S5_HEA_TRANSF,0,23.16
user_009,G9_S5_HEA_TRANSF,0,19.45
user_009,G9_S5_HEA_TRANSF,1,22.55
user_009,G9_S5_HEA_TRANSF,0,17.74
user_009,G9_S5_HEA_TRANSF,0,17.08
user_009,G9_S5_HEA_TRANSF,0,22.54
user_009,G9_S5_HEA_TRANSF,0,22.72
user_009,G9_S5_HEA_TRANSF,0,26.12
user_009,G9_S5_HEA_TRANSF,1,20.48
user_009,G9_S5_HEA_TRANSF,1,14.0
user_009,G9_S5_HEA_TRANSF,1,16.75
user_009,G9_S5_HEA_TRANSF,1,9.76
user_009,G9_S6_NAT_ATOMS,0,20.4
user_009,G9_S6_NAT_ATOMS,0,19.83
user_009,G9_S6_NAT_ATOMS,0,20.6
user_009,G9_S6_NAT_ATOMS,0,20.02
user_009,G9_S6_NAT_ATOMS,1,23.75
user_009,G9_S6_NAT_ATOMS,1,14.45
user_009,G9_S6_NAT_ATOMS,1,14.68
user_009,G9_S6_NAT_ATOMS,1,11.63
user_009,G9_S6_NAT_ATOMS,0,9.77
user_009,G9_S6_NAT_ATOMS,1,14.93
user_009,G9_S6_NAT_ATOMS,1,13.25
user_009,G9_S6_NAT_ATOMS,1,12.93
user_009,G9_S6_NAT_CONFIG,0,24.99
user_009,G9_S6_NAT_CONFIG,0,20.49
user_009,G9_S6_NAT_CONFIG,1,23.99
user_009,G9_S6_NAT_CONFIG,1,16.54
user_009,G9_S6_NAT_CONFIG,1,14.21
user_009,G9_S6_NAT_CONFIG,1,11.12
user_009,G9_S6_NAT_CONFIG,1,12.39
user_009,G9_S6_NAT_CONFIG,1,15.48
user_009,G9_S6_NAT_CONFIG,1,11.58
user_009,G9_S6_NAT_CONFIG,0,11.75
user_009,G9_S6_NAT_CONFIG,1,13.36
user_009,G9_S6_NAT_CONFIG,1,13.81
user_009,G9_S7_ACI_SALTS,0,24.17
user_009,G9_S7_ACI_SALTS,0,20.87
user_009,G9_S7_ACI_SALTS,0,20.56
user_009,G9_S7_ACI_SALTS,0,22.79
user_009,G9_S7_ACI_SALTS,1,22.63
user_009,G9_S7_ACI_SALTS,1,18.91
user_009,G9_S7_ACI_SALTS,1,15.18
user_009,G9_S7_ACI_SALTS,1,15.97
user_009,G9_S7_ACI_SALTS,1,13.92
user_009,G9_S7_ACI_SALTS,1,12.95
user_009,G9_S7_ACI_SALTS,1,16.01
user_009,G9_S7_ACI_SALTS,1,17.02
user_009,G9_S7_ACI_NEUTRAL,0,19.58
user_009,G9_S7_ACI_NEUTRAL,0,23.19
user_009,G9_S7_ACI_NEUTRAL,1,23.65
user_009,G9_S7_ACI_NEUTRAL,1,15.84
user_009,G9_S7_ACI_NEUTRAL,1,13.69
user_009,G9_S7_ACI_NEUTRAL,1,14.77
user_009,G9_S7_ACI_NEUTRAL,1,12.35
user_009,G9_S7_ACI_NEUTRAL,1,10.96
user_009,G9_S7_ACI_NEUTRAL,1,11.29
user_009,G9_S7_ACI_NEUTRAL,1,11.78
user_009,G9_S7_ACI_NEUTRAL,1,15.34
user_009,G9_S7_ACI_NEUTRAL,1,10.82
user_010,G6_S1_ORG_CHARS,0,19.25
user_010,G6_S1_ORG_CHARS,0,23.35
user_010,G6_S1_ORG_CHARS,0,18.02
user_010,G6_S1_ORG_CHARS,0,27.93
user_010,G6_S1_ORG_CHARS,0,23.73
user_010,G6_S1_ORG_CHARS,1,24.47
user_010,G6_S1_ORG_CHARS,1,16.87
user_010,G6_S1_ORG_CHARS,0,12.98
user_010,G6_S1_ORG_CHARS,0,21.39
user_010,G6_S1_ORG_CHARS,1,20.24
user_010,G6_S1_ORG_CHARS,0,19.14
user_010,G6_S1_ORG_CHARS,0,23.5
user_010,G6_S1_ORG_CLASS,0,23.39
user_010,G6_S1_ORG_CLASS,0,24.5
user_010,G6_S1_ORG_CLASS,0,24.34
user_010,G6_S1_ORG_CLASS,0,21.09
user_010,G6_S1_ORG_CLASS,0,19.76
user_010,G6_S1_ORG_CLASS,0,22.81
user_010,G6_S1_ORG_CLASS,0,18.89
user_010,G6_S1_ORG_CLASS,1,24.27
user_010,G6_S1_ORG_CLASS,1,17.78
user_010,G6_S1_ORG_CLASS,0,14.96
user_010,G6_S1_ORG_CLASS,0,14.5
user_010,G6_S1_ORG_CLASS,0,17.91
user_010,G6_S2_MAT_STATES,0,20.15
user_010,G6_S2_MAT_STATES,1,23.91
user_010,G6_S2_MAT_STATES,1,20.86
user_010,G6_S2_MAT_STATES,1,16.7
user_010,G6_S2_MAT_STATES,1,13.36
user_010,G6_S2_MAT_STATES,1,9.02
user_010,G6_S2_MAT_STATES,1,10.88
user_010,G6_S2_MAT_STATES,1,11.72
user_010,G6_S2_MAT_STATES,1,13.26
user_010,G6_S2_MAT_STATES,1,14.51
user_010,G6_S2_MAT_STATES,1,11.2
user_010,G6_S2_MAT_STATES,1,10.5
user_010,G6_S2_MAT_PROPS,0,24.39
user_010,G6_S2_MAT_PROPS,0,24.12
user_010,G6_S2_MAT_PROPS,1,19.72
user_010,G6_S2_MAT_PROPS,0,19.61
user_010,G6_S2_MAT_PROPS,1,23.35
user_010,G6_S2_MAT_PROPS,0,16.54
user_010,G6_S2_MAT_PROPS,0,20.81
user_010,G6_S2_MAT_PROPS,0,17.05
user_010,G6_S2_MAT_PROPS,0,22.27
user_010,G6_S2_MAT_PROPS,0,22.17
user_010,G6_S2_MAT_PROPS,1,23.26
user_010,G6_S2_MAT_PROPS,0,16.51
user_010,G6_S4_ENE_SOURCES,1,24.01
user_010,G6_S4_ENE_SOURCES,0,20.71
user_010,G6_S4_ENE_SOURCES,0,24.43
user_010,G6_S4_ENE_SOURCES,0,20.3
user_010,G6_S4_ENE_SOURCES,0,21.46
user_010,G6_S4_ENE_SOURCES,1,20.14
user_010,G6_S4_ENE_SOURCES,1,18.62
user_010,G6_S4_ENE_SOURCES,1,12.92
user_010,G6_S4_ENE_SOURCES,1,11.45
user_010,G6_S4_ENE_SOURCES,1,11.26
user_010,G6_S4_ENE_SOURCES,1,15.81
user_010,G6_S4_ENE_SOURCES,1,11.77
user_010,G6_S8_ELE_CIRCUITS,0,22.34
user_010,G6_S8_ELE_CIRCUITS,0,20.9
user_010,G6_S8_ELE_CIRCUITS,0,23.48
user_010,G6_S8_ELE_CIRCUITS,0,23.69
user_010,G6_S8_ELE_CIRCUITS,1,25.55
user_010,G6_S8_ELE_CIRCUITS,0,17.52
user_010,G6_S8_ELE_CIRCUITS,0,19.41
user_010,G6_S8_ELE_CIRCUITS,0,20.95
user_010,G6_S8_ELE_CIRCUITS,0,24.82
user_010,G6_S8_ELE_CIRCUITS,0,20.89
user_010,G6_S8_ELE_CIRCUITS,0,22.6
user_010,G6_S8_ELE_CIRCUITS,1,21.32
user_010,G6_S8_ELE_CONDINS,0,21.97
user_010,G6_S8_ELE_CONDINS,0,22.94
user_010,G6_S8_ELE_CONDINS,0,19.02
user_010,G6_S8_ELE_CONDINS,0,16.66
user_010,G6_S8_ELE_CONDINS,0,22.95
user_010,G6_S8_ELE_CONDINS,0,21.69
user_010,G6_S8_ELE_CONDINS,0,27.03
user_010,G6_S8_ELE_CONDINS,0,22.51
user_010,G6_S8_ELE_CONDINS,1,22.94
user_010,G6_S8_ELE_CONDINS,1,15.42
user_010,G6_S8_ELE_CONDINS,1,15.48
user_010,G6_S8_ELE_CONDINS,1,10.88
user_010,G7_S1_PLA_DIVER,1,23.18
user_010,G7_S1_PLA_DIVER,1,21.81
user_010,G7_S1_PLA_DIVER,1,19.36
user_010,G7_S1_PLA_DIVER,1,14.15
user_010,G7_S1_PLA_DIVER,1,15.06
user_010,G7_S1_PLA_DIVER,1,13.68
user_010,G7_S1_PLA_DIVER,0,9.39
user_010,G7_S1_PLA_DIVER,1,10.32
user_010,G7_S1_PLA_DIVER,1,14.32
user_010,G7_S1_PLA_DIVER,1,10.89
user_010,G7_S1_PLA_DIVER,1,11.46
user_010,G7_S1_PLA_DIVER,1,10.11
user_010,G7_S1_PLA_CLASSIF,0,23.56
user_010,G7_S1_PLA_CLASSIF,0,19.65
user_010,G7_S1_PLA_CLASSIF,0,21.33
user_010,G7_S1_PLA_CLASSIF,0,18.91
user_010,G7_S1_PLA_CLASSIF,1,26.49
user_010,G7_S1_PLA_CLASSIF,1,14.26
user_010,G7_S1_PLA_CLASSIF,1,12.23
user_010,G7_S1_PLA_CLASSIF,1,14.99
user_010,G7_S1_PLA_CLASSIF,1,12.58
user_010,G7_S1_PLA_CLASSIF,1,11.08
user_010,G7_S1_PLA_CLASSIF,1,14.59
user_010,G7_S1_PLA_CLASSIF,1,15.7
user_010,G7_S2_STA_CHARGES,0,23.43
user_010,G7_S2_STA_CHARGES,0,22.13
user_010,G7_S2_STA_CHARGES,0,21.0
user_010,G7_S2_STA_CHARGES,0,21.09
user_010,G7_S2_STA_CHARGES,0,17.3
user_010,G7_S2_STA_CHARGES,0,23.22
user_010,G7_S2_STA_CHARGES,1,24.73
user_010,G7_S2_STA_CHARGES,1,20.68
user_010,G7_S2_STA_CHARGES,1,15.32
user_010,G7_S2_STA_CHARGES,0,13.3
user_010,G7_S2_STA_CHARGES,1,17.63
user_010,G7_S2_STA_CHARGES,1,12.22
user_010,G7_S2_STA_CAPACIT,1,21.78
user_010,G7_S2_STA_CAPACIT,1,22.61
user_010,G7_S2_STA_CAPACIT,1,19.17
user_010,G7_S2_STA_CAPACIT,1,13.17
user_010,G7_S2_STA_CAPACIT,1,10.37
user_010,G7_S2_STA_CAPACIT,1,7.96
user_010,G7_S2_STA_CAPACIT,1,13.68
user_010,G7_S2_STA_CAPACIT,1,12.23
user_010,G7_S2_STA_CAPACIT,1,5.95
user_010,G7_S2_STA_CAPACIT,1,10.48
user_010,G7_S2_STA_CAPACIT,1,13.54
user_010,G7_S2_STA_CAPACIT,1,12.87
user_010,G7_S3_ELE_SOURCES,0,24.82
user_010,G7_S3_ELE_SOURCES,0,25.0
user_010,G7_S3_ELE_SOURCES,0,20.05
user_010,G7_S3_ELE_SOURCES,0,21.92
user_010,G7_S3_ELE_SOURCES,0,21.74
user_010,G7_S3_ELE_SOURCES,0,19.07
user_010,G7_S3_ELE_SOURCES,0,21.96
user_010,G7_S3_ELE_SOURCES,1,26.03
user_010,G7_S3_ELE_SOURCES,1,15.16
user_010,G7_S3_ELE_SOURCES,1,16.83
user_010,G7_S3_ELE_SOURCES,1,16.02
user_010,G7_S3_ELE_SOURCES,1,14.17
user_010,G7_S3_ELE_CURRENTS,1,23.0
user_010,G7_S3_ELE_CURRENTS,0,18.99
user_010,G7_S3_ELE_CURRENTS,0,19.27
user_010,G7_S3_ELE_CURRENTS,0,24.65
user_010,G7_S3_ELE_CURRENTS,1,21.56
user_010,G7_S3_ELE_CURRENTS,1,22.77
user_010,G7_S3_ELE_CURRENTS,1,11.87
user_010,G7_S3_ELE_CURRENTS,1,13.31
user_010,G7_S3_ELE_CURRENTS,1,13.95
user_010,G7_S3_ELE_CURRENTS,1,12.22
user_010,G7_S3_ELE_CURRENTS,1,10.57
user_010,G7_S3_ELE_CURRENTS,1,14.31
user_010,G7_S4_WAT_SOLVENT,0,26.7
user_010,G7_S4_WAT_SOLVENT,0,16.82
user_010,G7_S4_WAT_SOLVENT,0,20.77
user_010,G7_S4_WAT_SOLVENT,0,22.42
user_010,G7_S4_WAT_SOLVENT,0,23.33
user_010,G7_S4_WAT_SOLVENT,0,22.23
user_010,G7_S4_WAT_SOLVENT,0,20.39
user_010,G7_S4_WAT_SOLVENT,1,20.24
user_010,G7_S4_WAT_SOLVENT,0,16.06
user_010,G7_S4_WAT_SOLVENT,0,19.95
user_010,G7_S4_WAT_SOLVENT,1,23.93
user_010,G7_S4_WAT_SOLVENT,1,18.07
user_010,G7_S4_WAT_COOLANT,0,25.41
user_010,G7_S4_WAT_COOLANT,1,22.36
user_010,G7_S4_WAT_COOLANT,0,16.65
user_010,G7_S4_WAT_COOLANT,0,20.42
user_010,G7_S4_WAT_COOLANT,0,16.36
user_010,G7_S4_WAT_COOLANT,1,24.2
user_010,G7_S4_WAT_COOLANT,0,23.67
user_010,G7_S4_WAT_COOLANT,1,23.07
user_010,G7_S4_WAT_COOLANT,1,14.82
user_010,G7_S4_WAT_COOLANT,1,14.13
user_010,G7_S4_WAT_COOLANT,0,13.48
user_010,G7_S4_WAT_COOLANT,1,12.53
user_010,G7_S5_ACI_IDENTIF,1,24.88
user_010,G7_S5_ACI_IDENTIF,0,22.8
user_010,G7_S5_ACI_IDENTIF,0,22.29
user_010,G7_S5_ACI_IDENTIF,1,22.59
user_010,G7_S5_ACI_IDENTIF,0,19.51
user_010,G7_S5_ACI_IDENTIF,1,16.15
user_010,G7_S5_ACI_IDENTIF,0,18.98
user_010,G7_S5_ACI_IDENTIF,1,21.02
user_010,G7_S5_ACI_IDENTIF,1,15.16
user_010,G7_S5_ACI_IDENTIF,0,15.0
user_010,G7_S5_ACI_IDENTIF,1,22.18
user_010,G7_S5_ACI_IDENTIF,1,10.5
user_010,G7_S5_ACI_INDICAT,0,21.13
user_010,G7_S5_ACI_INDICAT,1,21.0
user_010,G7_S5_ACI_INDICAT,1,16.42
user_010,G7_S5_ACI_INDICAT,0,17.26
user_010,G7_S5_ACI_INDICAT,1,16.07
user_010,G7_S5_ACI_INDICAT,0,13.04
user_010,G7_S5_ACI_INDICAT,1,16.81
user_010,G7_S5_ACI_INDICAT,1,13.97
user_010,G7_S5_ACI_INDICAT,1,12.6
user_010,G7_S5_ACI_INDICAT,1,8.91
user_010,G7_S5_ACI_INDICAT,1,8.14
user_010,G7_S5_ACI_INDICAT,0,9.13
user_010,G7_S6_ANI_CLASSIF,0,19.09
user_010,G7_S6_ANI_CLASSIF,0,23.35
user_010,G7_S6_ANI_CLASSIF,1,24.81
user_010,G7_S6_ANI_CLASSIF,1,21.03
user_010,G7_S6_ANI_CLASSIF,1,12.28
user_010,G7_S6_ANI_CLASSIF,1,10.91
user_010,G7_S6_ANI_CLASSIF,1,13.38
user_010,G7_S6_ANI_CLASSIF,1,13.68
user_010,G7_S6_ANI_CLASSIF,0,9.8
user_010,G7_S6_ANI_CLASSIF,1,11.18
user_010,G7_S6_ANI_CLASSIF,1,15.45
user_010,G7_S6_ANI_CLASSIF,1,11.33
user_010,G7_S6_ANI_ADAPTAT,0,22.89
user_010,G7_S6_ANI_ADAPTAT,0,20.46
user_010,G7_S6_ANI_ADAPTAT,1,22.51
user_010,G7_S6_ANI_ADAPTAT,0,15.6
user_010,G7_S6_ANI_ADAPTAT,1,20.75
user_010,G7_S6_ANI_ADAPTAT,1,18.11
user_010,G7_S6_ANI_ADAPTAT,1,13.9
user_010,G7_S6_ANI_ADAPTAT,1,11.68
user_010,G7_S6_ANI_ADAPTAT,0,14.31
user_010,G7_S6_ANI_ADAPTAT,1,16.22
user_010,G7_S6_ANI_ADAPTAT,1,12.61
user_010,G7_S6_ANI_ADAPTAT,1,11.12
user_010,G7_S7_ENE_FORMS,1,22.32
user_010,G7_S7_ENE_FORMS,1,17.44
user_010,G7_S7_ENE_FORMS,1,17.16
user_010,G7_S7_ENE_FORMS,0,13.13
user_010,G7_S7_ENE_FORMS,1,15.55
user_010,G7_S7_ENE_FORMS,1,15.47
user_010,G7_S7_ENE_FORMS,1,10.3
user_010,G7_S7_ENE_FORMS,1,9.8
user_010,G7_S7_ENE_FORMS,1,12.53
user_010,G7_S7_ENE_FORMS,1,11.63
user_010,G7_S7_ENE_FORMS,1,7.65
user_010,G7_S7_ENE_FORMS,1,10.09
user_010,G7_S7_ENE_TRANSF,0,23.63
user_010,G7_S7_ENE_TRANSF,1,22.75
user_010,G7_S7_ENE_TRANSF,1,12.41
user_010,G7_S7_ENE_TRANSF,1,13.48
user_010,G7_S7_ENE_TRANSF,1,14.87
user_010,G7_S7_ENE_TRANSF,1,11.91
user_010,G7_S7_ENE_TRANSF,1,9.18
user_010,G7_S7_ENE_TRANSF,1,12.31
user_010,G7_S7_ENE_TRANSF,1,11.05
user_010,G7_S7_ENE_TRANSF,1,13.0
user_010,G7_S7_ENE_TRANSF,1,11.03
user_010,G7_S7_ENE_TRANSF,1,12.53
user_010,G7_S8_EAR_STRUCT,0,23.27
user_010,G7_S8_EAR_STRUCT,0,25.53
user_010,G7_S8_EAR_STRUCT,1,22.93
user_010,G7_S8_EAR_STRUCT,1,15.69
user_010,G7_S8_EAR_STRUCT,1,13.57
user_010,G7_S8_EAR_STRUCT,1,13.76
user_010,G7_S8_EAR_STRUCT,1,10.4
user_010,G7_S8_EAR_STRUCT,1,15.77
user_010,G7_S8_EAR_STRUCT,1,12.42
user_010,G7_S8_EAR_STRUCT,1,9.36
user_010,G7_S8_EAR_STRUCT,1,11.49
user_010,G7_S8_EAR_STRUCT,1,11.93
user_010,G7_S8_EAR_TECTON,1,22.79
user_010,G7_S8_EAR_TECTON,0,18.68
user_010,G7_S8_EAR_TECTON,0,18.07
user_010,G7_S8_EAR_TECTON,1,25.73
user_010,G7_S8_EAR_TECTON,1,11.53
user_010,G7_S8_EAR_TECTON,1,11.94
user_010,G7_S8_EAR_TECTON,1,9.61
user_010,G7_S8_EAR_TECTON,1,11.17
user_010,G7_S8_EAR_TECTON,1,10.46
user_010,G7_S8_EAR_TECTON,1,10.79
user_010,G7_S8_EAR_TECTON,1,13.58
user_010,G7_S8_EAR_TECTON,1,13.48
user_010,G7_S9_LIG_SHADOWS,0,21.37
user_010,G7_S9_LIG_SHADOWS,0,19.75
user_010,G7_S9_LIG_SHADOWS,1,26.18
user_010,G7_S9_LIG_SHADOWS,0,17.98
user_010,G7_S9_LIG_SHADOWS,0,21.92
user_010,G7_S9_LIG_SHADOWS,0,24.83
user_010,G7_S9_LIG_SHADOWS,0,19.67
user_010,G7_S9_LIG_SHADOWS,0,17.53
user_010,G7_S9_LIG_SHADOWS,0,25.15
user_010,G7_S9_LIG_SHADOWS,0,23.11
user_010,G7_S9_LIG_SHADOWS,0,21.94
user_010,G7_S9_LIG_SHADOWS,0,24.85
user_010,G7_S9_LIG_MIRRORS,1,23.95
user_010,G7_S9_LIG_MIRRORS,0,21.67
user_010,G7_S9_LIG_MIRRORS,0,21.07
user_010,G7_S9_LIG_MIRRORS,0,19.27
user_010,G7_S9_LIG_MIRRORS,0,24.34
user_010,G7_S9_LIG_MIRRORS,0,20.62
user_010,G7_S9_LIG_MIRRORS,0,19.12
user_010,G7_S9_LIG_MIRRORS,1,17.03
user_010,G7_S9_LIG_MIRRORS,1,18.39
user_010,G7_S9_LIG_MIRRORS,1,14.13
user_010,G7_S9_LIG_MIRRORS,1,12.67
user_010,G7_S9_LIG_MIRRORS,1,12.29
user_010,G7_S10_MIC_LIGHT,0,24.09
user_010,G7_S10_MIC_LIGHT,0,21.83
user_010,G7_S10_MIC_LIGHT,0,25.88
user_010,G7_S10_MIC_LIGHT,0,21.27
user_010,G7_S10_MIC_LIGHT,1,20.84
user_010,G7_S10_MIC_LIGHT,1,15.72
user_010,G7_S10_MIC_LIGHT,1,15.32
user_010,G7_S10_MIC_LIGHT,0,14.53
user_010,G7_S10_MIC_LIGHT,0,16.28
user_010,G7_S10_MIC_LIGHT,0,19.59
user_010,G7_S10_MIC_LIGHT,0,23.08
user_010,G7_S10_MIC_LIGHT,0,17.2
user_010,G7_S10_MIC_ELECTR,1,25.97
user_010,G7_S10_MIC_ELECTR,0,21.84
user_010,G7_S10_MIC_ELECTR,0,20.5
user_010,G7_S10_MIC_ELECTR,1,19.84
user_010,G7_S10_MIC_ELECTR,1,20.29
user_010,G7_S10_MIC_ELECTR,1,14.88
user_010,G7_S10_MIC_ELECTR,1,11.94
user_010,G7_S10_MIC_ELECTR,1,12.66
user_010,G7_S10_MIC_ELECTR,1,12.34
user_010,G7_S10_MIC_ELECTR,0,12.5
user_010,G7_S10_MIC_ELECTR,1,17.54
user_010,G7_S10_MIC_ELECTR,1,11.04
user_010,G8_S1_BIO_DIVER,0,23.59
user_010,G8_S1_BIO_DIVER,0,23.85
user_010,G8_S1_BIO_DIVER,0,23.28
user_010,G8_S1_BIO_DIVER,0,25.26
user_010,G8_S1_BIO_DIVER,0,24.83
user_010,G8_S1_BIO_DIVER,0,22.7
user_010,G8_S1_BIO_DIVER,0,20.62
user_010,G8_S1_BIO_DIVER,0,17.79
user_010,G8_S1_BIO_DIVER,0,21.62
user_010,G8_S1_BIO_DIVER,0,22.86
user_010,G8_S1_BIO_DIVER,0,19.63
user_010,G8_S1_BIO_DIVER,0,21.21
user_010,G8_S1_BIO_CLASSIF,0,21.0
user_010,G8_S1_BIO_CLASSIF,0,21.5
user_010,G8_S1_BIO_CLASSIF,0,19.86
user_010,G8_S1_BIO_CLASSIF,0,20.74
user_010,G8_S1_BIO_CLASSIF,0,24.0
user_010,G8_S1_BIO_CLASSIF,0,24.72
user_010,G8_S1_BIO_CLASSIF,0,16.73
user_010,G8_S1_BIO_CLASSIF,1,25.2
user_010,G8_S1_BIO_CLASSIF,1,20.47
user_010,G8_S1_BIO_CLASSIF,1,17.5
user_010,G8_S1_BIO_CLASSIF,1,8.85
user_010,G8_S1_BIO_CLASSIF,0,11.3
user_010,G8_S2_TIS_PLANT,0,28.99
user_010,G8_S2_TIS_PLANT,1,18.72
user_010,G8_S2_TIS_PLANT,1,14.48
user_010,G8_S2_TIS_PLANT,0,10.45
user_010,G8_S2_TIS_PLANT,0,21.86
user_010,G8_S2_TIS_PLANT,0,20.49
user_010,G8_S2_TIS_PLANT,0,24.04
user_010,G8_S2_TIS_PLANT,0,17.51
user_010,G8_S2_TIS_PLANT,0,18.83
user_010,G8_S2_TIS_PLANT,1,21.57
user_010,G8_S2_TIS_PLANT,1,20.64
user_010,G8_S2_TIS_PLANT,1,11.92
user_010,G8_S2_TIS_ANIMAL,0,20.91
user_010,G8_S2_TIS_ANIMAL,0,22.17
user_010,G8_S2_TIS_ANIMAL,1,24.55
user_010,G8_S2_TIS_ANIMAL,0,17.1
user_010,G8_S2_TIS_ANIMAL,1,19.39
user_010,G8_S2_TIS_ANIMAL,0,18.98
user_010,G8_S2_TIS_ANIMAL,1,18.63
user_010,G8_S2_TIS_ANIMAL,0,14.41
user_010,G8_S2_TIS_ANIMAL,0,20.03
user_010,G8_S2_TIS_ANIMAL,0,21.49
user_010,G8_S2_TIS_ANIMAL,0,22.78
user_010,G8_S2_TIS_ANIMAL,1,22.64
user_010,G8_S3_PHO_PROCESS,0,23.16
user_010,G8_S3_PHO_PROCESS,0,24.48
user_010,G8_S3_PHO_PROCESS,0,25.49
user_010,G8_S3_PHO_PROCESS,1,24.36
user_010,G8_S3_PHO_PROCESS,1,18.73
user_010,G8_S3_PHO_PROCESS,0,15.08
user_010,G8_S3_PHO_PROCESS,1,17.69
user_010,G8_S3_PHO_PROCESS,1,20.02
user_010,G8_S3_PHO_PROCESS,1,9.62
user_010,G8_S3_PHO_PROCESS,1,14.4
user_010,G8_S3_PHO_PROCESS,1,12.84
user_010,G8_S3_PHO_PROCESS,1,14.61
user_010,G8_S3_PHO_IMPORT,0,22.51
user_010,G8_S3_PHO_IMPORT,0,21.55
user_010,G8_S3_PHO_IMPORT,1,21.57
user_010,G8_S3_PHO_IMPORT,0,18.59
user_010,G8_S3_PHO_IMPORT,0,18.45
user_010,G8_S3_PHO_IMPORT,1,23.52
user_010,G8_S3_PHO_IMPORT,0,16.02
user_010,G8_S3_PHO_IMPORT,0,18.98
user_010,G8_S3_PHO_IMPORT,0,22.15
user_010,G8_S3_PHO_IMPORT,0,21.83
user_010,G8_S3_PHO_IMPORT,0,18.8
user_010,G8_S3_PHO_IMPORT,1,22.25
user_010,G8_S4_MAT_ELEMENTS,0,21.87
user_010,G8_S4_MAT_ELEMENTS,0,16.81
user_010,G8_S4_MAT_ELEMENTS,0,22.42
user_010,G8_S4_MAT_ELEMENTS,1,28.93
user_010,G8_S4_MAT_ELEMENTS,1,17.94
user_010,G8_S4_MAT_ELEMENTS,1,8.75
user_010,G8_S4_MAT_ELEMENTS,1,13.63
user_010,G8_S4_MAT_ELEMENTS,1,12.26
user_010,G8_S4_MAT_ELEMENTS,1,14.54
user_010,G8_S4_MAT_ELEMENTS,1,11.12
user_010,G8_S4_MAT_ELEMENTS,1,11.37
user_010,G8_S4_MAT_ELEMENTS,1,9.89
user_010,G8_S4_MAT_COMPOUNDS,0,26.08
user_010,G8_S4_MAT_COMPOUNDS,0,23.04
user_010,G8_S4_MAT_COMPOUNDS,0,23.62
user_010,G8_S4_MAT_COMPOUNDS,1,20.83
user_010,G8_S4_MAT_COMPOUNDS,1,16.71
user_010,G8_S4_MAT_COMPOUNDS,1,14.57
user_010,G8_S4_MAT_COMPOUNDS,1,13.3
user_010,G8_S4_MAT_COMPOUNDS,1,14.83
user_010,G8_S4_MAT_COMPOUNDS,1,13.98
user_010,G8_S4_MAT_COMPOUNDS,1,7.26
user_010,G8_S4_MAT_COMPOUNDS,1,13.05
user_010,G8_S4_MAT_COMPOUNDS,1,14.14
user_010,G8_S5_MAT_DENSITY,0,23.38
user_010,G8_S5_MAT_DENSITY,0,24.6
user_010,G8_S5_MAT_DENSITY,0,22.88
user_010,G8_S5_MAT_DENSITY,0,22.57
user_010,G8_S5_MAT_DENSITY,0,19.4
user_010,G8_S5_MAT_DENSITY,0,20.79
user_010,G8_S5_MAT_DENSITY,0,24.69
user_010,G8_S5_MAT_DENSITY,0,22.16
user_010,G8_S5_MAT_DENSITY,0,23.92
user_010,G8_S5_MAT_DENSITY,1,23.47
user_010,G8_S5_MAT_DENSITY,1,16.2
user_010,G8_S5_MAT_DENSITY,1,13.85
user_010,G8_S5_MAT_THERMAL,0,21.52
user_010,G8_S5_MAT_THERMAL,0,23.97
user_010,G8_S5_MAT_THERMAL,0,22.82
user_010,G8_S5_MAT_THERMAL,1,21.08
user_010,G8_S5_MAT_THERMAL,1,16.78
user_010,G8_S5_MAT_THERMAL,0,12.3
user_010,G8_S5_MAT_THERMAL,1,19.12
user_010,G8_S5_MAT_THERMAL,0,16.17
user_010,G8_S5_MAT_THERMAL,1,17.21
user_010,G8_S5_MAT_THERMAL,1,17.39
user_010,G8_S5_MAT_THERMAL,1,15.87
user_010,G8_S5_MAT_THERMAL,1,15.27
user_010,G8_S6_CHA_PHYSICAL,1,23.32
user_010,G8_S6_CHA_PHYSICAL,0,18.59
user_010,G8_S6_CHA_PHYSICAL,0,26.49
user_010,G8_S6_CHA_PHYSICAL,1,22.14
user_010,G8_S6_CHA_PHYSICAL,0,20.49
user_010,G8_S6_CHA_PHYSICAL,1,17.69
user_010,G8_S6_CHA_PHYSICAL,1,15.56
user_010,G8_S6_CHA_PHYSICAL,1,13.74
user_010,G8_S6_CHA_PHYSICAL,1,8.34
user_010,G8_S6_CHA_PHYSICAL,1,11.13
user_010,G8_S6_CHA_PHYSICAL,1,7.42
user_010,G8_S6_CHA_PHYSICAL,1,11.87
user_010,G8_S6_CHA_BURNING,0,26.13
user_010,G8_S6_CHA_BURNING,1,21.81
user_010,G8_S6_CHA_BURNING,0,19.57
user_010,G8_S6_CHA_BURNING,1,19.17
user_010,G8_S6_CHA_BURNING,1,19.51
user_010,G8_S6_CHA_BURNING,0,14.98
user_010,G8_S6_CHA_BURNING,0,21.72
user_010,G8_S6_CHA_BURNING,0,21.66
user_010,G8_S6_CHA_BURNING,1,17.96
user_010,G8_S6_CHA_BURNING,0,14.94
user_010,G8_S6_CHA_BURNING,1,17.77
user_010,G8_S6_CHA_BURNING,0,14.17
user_010,G8_S7_FOR_TYPES,0,23.09
user_010,G8_S7_FOR_TYPES,0,20.68
user_010,G8_S7_FOR_TYPES,1,22.36
user_010,G8_S7_FOR_TYPES,1,14.67
user_010,G8_S7_FOR_TYPES,1,17.84
user_010,G8_S7_FOR_TYPES,1,14.97
user_010,G8_S7_FOR_TYPES,1,10.55
user_010,G8_S7_FOR_TYPES,1,13.91
user_010,G8_S7_FOR_TYPES,1,13.92
user_010,G8_S7_FOR_TYPES,1,11.13
user_010,G8_S7_FOR_TYPES,1,10.06
user_010,G8_S7_FOR_TYPES,1,17.6
user_010,G8_S7_FOR_PRESSURE,0,25.57
user_010,G8_S7_FOR_PRESSURE,0,19.43
user_010,G8_S7_FOR_PRESSURE,0,19.19
user_010,G8_S7_FOR_PRESSURE,0,19.8
user_010,G8_S7_FOR_PRESSURE,0,24.31
user_010,G8_S7_FOR_PRESSURE,1,23.47
user_010,G8_S7_FOR_PRESSURE,1,16.45
user_010,G8_S7_FOR_PRESSURE,1,12.65
user_010,G8_S7_FOR_PRESSURE,1,11.9
user_010,G8_S7_FOR_PRESSURE,1,15.05
user_010,G8_S7_FOR_PRESSURE,1,14.76
user_010,G8_S7_FOR_PRESSURE,1,10.45
user_010,G8_S8_STA_PHENOM,0,24.37
user_010,G8_S8_STA_PHENOM,0,19.43
user_010,G8_S8_STA_PHENOM,1,18.69
user_010,G8_S8_STA_PHENOM,0,19.3
user_010,G8_S8_STA_PHENOM,0,23.1
user_010,G8_S8_STA_PHENOM,1,24.61
user_010,G8_S8_STA_PHENOM,0,15.27
user_010,G8_S8_STA_PHENOM,1,22.52
user_010,G8_S8_STA_PHENOM,0,14.61
user_010,G8_S8_STA_PHENOM,0,18.67
user_010,G8_S8_STA_PHENOM,0,20.09
user_010,G8_S8_STA_PHENOM,0,20.38
user_010,G8_S8_STA_LIGHTNG,0,24.45
user_010,G8_S8_STA_LIGHTNG,0,25.25
user_010,G8_S8_STA_LIGHTNG,1,20.1
user_010,G8_S8_STA_LIGHTNG,1,17.64
user_010,G8_S8_STA_LIGHTNG,1,15.7
user_010,G8_S8_STA_LIGHTNG,1,15.09
user_010,G8_S8_STA_LIGHTNG,0,14.88
user_010,G8_S8_STA_LIGHTNG,1,7.43
user_010,G8_S8_STA_LIGHTNG,1,17.54
user_010,G8_S8_STA_LIGHTNG,1,10.01
user_010,G8_S8_STA_LIGHTNG,0,10.49
user_010,G8_S8_STA_LIGHTNG,1,12.46
user_010,G9_S1_SYS_DIGEST,1,25.44
user_010,G9_S1_SYS_DIGEST,0,20.88
user_010,G9_S1_SYS_DIGEST,0,19.16
user_010,G9_S1_SYS_DIGEST,1,22.15
user_010,G9_S1_SYS_DIGEST,1,15.35
user_010,G9_S1_SYS_DIGEST,1,18.01
user_010,G9_S1_SYS_DIGEST,1,12.49
user_010,G9_S1_SYS_DIGEST,1,15.4
user_010,G9_S1_SYS_DIGEST,1,15.51
user_010,G9_S1_SYS_DIGEST,1,10.54
user_010,G9_S1_SYS_DIGEST,0,11.86
user_010,G9_S1_SYS_DIGEST,1,12.91
user_010,G9_S1_SYS_CIRCUL,0,22.61
user_010,G9_S1_SYS_CIRCUL,1,24.62
user_010,G9_S1_SYS_CIRCUL,1,15.24
user_010,G9_S1_SYS_CIRCUL,1,12.4
user_010,G9_S1_SYS_CIRCUL,1,14.08
user_010,G9_S1_SYS_CIRCUL,1,14.65
user_010,G9_S1_SYS_CIRCUL,1,13.68
user_010,G9_S1_SYS_CIRCUL,1,7.93
user_010,G9_S1_SYS_CIRCUL,1,13.15
user_010,G9_S1_SYS_CIRCUL,1,11.84
user_010,G9_S1_SYS_CIRCUL,0,11.8
user_010,G9_S1_SYS_CIRCUL,1,16.41
user_010,G9_S2_RHY_EARTH,0,23.52
user_010,G9_S2_RHY_EARTH,1,24.67
user_010,G9_S2_RHY_EARTH,1,17.27
user_010,G9_S2_RHY_EARTH,1,14.45
user_010,G9_S2_RHY_EARTH,1,9.5
user_010,G9_S2_RHY_EARTH,1,10.62
user_010,G9_S2_RHY_EARTH,1,12.95
user_010,G9_S2_RHY_EARTH,1,12.73
user_010,G9_S2_RHY_EARTH,1,11.98
user_010,G9_S2_RHY_EARTH,1,9.78
user_010,G9_S2_RHY_EARTH,1,10.3
user_010,G9_S2_RHY_EARTH,0,11.65
user_010,G9_S2_RHY_CLIMATE,0,23.76
user_010,G9_S2_RHY_CLIMATE,1,19.22
user_010,G9_S2_RHY_CLIMATE,1,14.78
user_010,G9_S2_RHY_CLIMATE,1,11.49
user_010,G9_S2_RHY_CLIMATE,1,11.92
user_010,G9_S2_RHY_CLIMATE,1,9.23
user_010,G9_S2_RHY_CLIMATE,1,12.59
user_010,G9_S2_RHY_CLIMATE,1,10.58
user_010,G9_S2_RHY_CLIMATE,1,12.18
user_010,G9_S2_RHY_CLIMATE,1,14.15
user_010,G9_S2_RHY_CLIMATE,1,11.64
user_010,G9_S2_RHY_CLIMATE,0,12.26
user_010,G9_S3_LIG_REFRAC,0,22.19
user_010,G9_S3_LIG_REFRAC,0,19.58
user_010,G9_S3_LIG_REFRAC,0,20.65
user_010,G9_S3_LIG_REFRAC,0,23.9
user_010,G9_S3_LIG_REFRAC,0,22.83
user_010,G9_S3_LIG_REFRAC,1,21.39
user_010,G9_S3_LIG_REFRAC,1,11.26
user_010,G9_S3_LIG_REFRAC,1,19.25
user_010,G9_S3_LIG_REFRAC,1,14.4
user_010,G9_S3_LIG_REFRAC,1,9.42
user_010,G9_S3_LIG_REFRAC,1,15.93
user_010,G9_S3_LIG_REFRAC,1,6.64
user_010,G9_S3_LIG_LENSES,0,27.55
user_010,G9_S3_LIG_LENSES,1,24.9
user_010,G9_S3_LIG_LENSES,0,19.39
user_010,G9_S3_LIG_LENSES,0,21.35
user_010,G9_S3_LIG_LENSES,0,20.44
user_010,G9_S3_LIG_LENSES,1,26.4
user_010,G9_S3_LIG_LENSES,0,18.44
user_010,G9_S3_LIG_LENSES,0,23.0
user_010,G9_S3_LIG_LENSES,1,22.34
user_010,G9_S3_LIG_LENSES,0,18.41
user_010,G9_S3_LIG_LENSES,0,26.35
user_010,G9_S3_LIG_LENSES,1,20.04
user_010,G9_S4_SOU_PROPAG,0,27.8
user_010,G9_S4_SOU_PROPAG,1,20.19
user_010,G9_S4_SOU_PROPAG,0,19.74
user_010,G9_S4_SOU_PROPAG,1,24.31
user_010,G9_S4_SOU_PROPAG,1,17.55
user_010,G9_S4_SOU_PROPAG,1,12.68
user_010,G9_S4_SOU_PROPAG,1,13.05
user_010,G9_S4_SOU_PROPAG,1,8.52
user_010,G9_S4_SOU_PROPAG,0,12.23
user_010,G9_S4_SOU_PROPAG,0,13.34
user_010,G9_S4_SOU_PROPAG,0,14.89
user_010,G9_S4_SOU_PROPAG,1,18.81
user_010,G9_S4_SOU_HEARING,1,23.54
user_010,G9_S4_SOU_HEARING,1,19.37
user_010,G9_S4_SOU_HEARING,1,16.91
user_010,G9_S4_SOU_HEARING,1,8.97
user_010,G9_S4_SOU_HEARING,1,12.23
user_010,G9_S4_SOU_HEARING,1,13.64
user_010,G9_S4_SOU_HEARING,1,9.58
user_010,G9_S4_SOU_HEARING,1,9.04
user_010,G9_S4_SOU_HEARING,1,14.81
user_010,G9_S4_SOU_HEARING,1,12.15
user_010,G9_S4_SOU_HEARING,1,9.77
user_010,G9_S4_SOU_HEARING,1,13.98
user_010,G9_S5_HEA_EXPANS,0,28.63
user_010,G9_S5_HEA_EXPANS,1,20.69
user_010,G9_S5_HEA_EXPANS,0,17.28
user_010,G9_S5_HEA_EXPANS,0,17.05
user_010,G9_S5_HEA_EXPANS,0,19.34
user_010,G9_S5_HEA_EXPANS,0,23.41
user_010,G9_S5_HEA_EXPANS,0,22.74
user_010,G9_S5_HEA_EXPANS,0,25.01
user_010,G9_S5_HEA_EXPANS,1,19.92
user_010,G9_S5_HEA_EXPANS,1,16.31
user_010,G9_S5_HEA_EXPANS,1,13.59
user_010,G9_S5_HEA_EXPANS,1,14.19
user_010,G9_S5_HEA_TRANSF,0,22.16
user_010,G9_S5_HEA_TRANSF,0,21.01
user_010,G9_S5_HEA_TRANSF,0,21.88
user_010,G9_S5_HEA_TRANSF,1,18.4
user_010,G9_S5_HEA_TRANSF,1,18.85
user_010,G9_S5_HEA_TRANSF,1,13.69
user_010,G9_S5_HEA_TRANSF,1,9.8
user_010,G9_S5_HEA_TRANSF,0,12.76
user_010,G9_S5_HEA_TRANSF,1,12.52
user_010,G9_S5_HEA_TRANSF,0,12.74
user_010,G9_S5_HEA_TRANSF,0,15.67
user_010,G9_S5_HEA_TRANSF,1,16.92
user_010,G9_S6_NAT_ATOMS,0,20.39
user_010,G9_S6_NAT_ATOMS,0,24.36
user_010,G9_S6_NAT_ATOMS,0,20.2
user_010,G9_S6_NAT_ATOMS,0,24.22
user_010,G9_S6_NAT_ATOMS,0,23.8
user_010,G9_S6_NAT_ATOMS,0,19.92
user_010,G9_S6_NAT_ATOMS,1,23.21
user_010,G9_S6_NAT_ATOMS,0,16.16
user_010,G9_S6_NAT_ATOMS,1,20.28
user_010,G9_S6_NAT_ATOMS,1,13.59
user_010,G9_S6_NAT_ATOMS,1,12.28
user_010,G9_S6_NAT_ATOMS,1,12.18
user_010,G9_S6_NAT_CONFIG,0,19.79
user_010,G9_S6_NAT_CONFIG,1,22.83
user_010,G9_S6_NAT_CONFIG,1,16.54
user_010,G9_S6_NAT_CONFIG,1,13.91
user_010,G9_S6_NAT_CONFIG,1,12.67
user_010,G9_S6_NAT_CONFIG,1,11.61
user_010,G9_S6_NAT_CONFIG,1,11.36
user_010,G9_S6_NAT_CONFIG,0,11.8
user_010,G9_S6_NAT_CONFIG,0,10.25
user_010,G9_S6_NAT_CONFIG,1,17.34
user_010,G9_S6_NAT_CONFIG,1,12.73
user_010,G9_S6_NAT_CONFIG,0,13.64
user_010,G9_S7_ACI_SALTS,1,21.25
user_010,G9_S7_ACI_SALTS,1,21.53
user_010,G9_S7_ACI_SALTS,1,17.38
user_010,G9_S7_ACI_SALTS,1,12.94
user_010,G9_S7_ACI_SALTS,1,13.14
user_010,G9_S7_ACI_SALTS,1,11.03
user_010,G9_S7_ACI_SALTS,1,12.26
user_010,G9_S7_ACI_SALTS,1,12.13
user_010,G9_S7_ACI_SALTS,1,11.9
user_010,G9_S7_ACI_SALTS,1,14.9
user_010,G9_S7_ACI_SALTS,1,17.58
user_010,G9_S7_ACI_SALTS,1,11.52
user_010,G9_S7_ACI_NEUTRAL,1,18.06
user_010,G9_S7_ACI_NEUTRAL,0,20.79
user_010,G9_S7_ACI_NEUTRAL,0,25.21
user_010,G9_S7_ACI_NEUTRAL,1,17.13
user_010,G9_S7_ACI_NEUTRAL,1,20.93
user_010,G9_S7_ACI_NEUTRAL,1,11.03
user_010,G9_S7_ACI_NEUTRAL,1,9.03
user_010,G9_S7_ACI_NEUTRAL,1,11.64
user_010,G9_S7_ACI_NEUTRAL,1,10.38
user_010,G9_S7_ACI_NEUTRAL,1,8.19
user_010,G9_S7_ACI_NEUTRAL,1,13.17
user_010,G9_S7_ACI_NEUTRAL,1,9.8
user_011,G6_S1_ORG_CHARS,0,20.83
user_011,G6_S1_ORG_CHARS,0,29.09
user_011,G6_S1_ORG_CHARS,1,19.36
user_011,G6_S1_ORG_CHARS,1,17.81
user_011,G6_S1_ORG_CHARS,0,11.65
user_011,G6_S1_ORG_CHARS,1,20.15
user_011,G6_S1_ORG_CHARS,0,16.5
user_011,G6_S1_ORG_CHARS,1,22.61
user_011,G6_S1_ORG_CHARS,1,16.23
user_011,G6_S1_ORG_CHARS,1,17.89
user_011,G6_S1_ORG_CHARS,1,14.2
user_011,G6_S1_ORG_CHARS,1,13.06
user_011,G6_S1_ORG_CLASS,0,24.74
user_011,G6_S1_ORG_CLASS,0,23.79
user_011,G6_S1_ORG_CLASS,0,23.51
user_011,G6_S1_ORG_CLASS,0,21.68
user_011,G6_S1_ORG_CLASS,1,24.07
user_011,G6_S1_ORG_CLASS,1,19.13
user_011,G6_S1_ORG_CLASS,0,8.94
user_011,G6_S1_ORG_CLASS,0,21.03
user_011,G6_S1_ORG_CLASS,0,23.85
user_011,G6_S1_ORG_CLASS,0,21.33
user_011,G6_S1_ORG_CLASS,1,24.11
user_011,G6_S1_ORG_CLASS,1,21.39
user_011,G6_S2_MAT_STATES,1,26.56
user_011,G6_S2_MAT_STATES,1,22.25
user_011,G6_S2_MAT_STATES,1,15.26
user_011,G6_S2_MAT_STATES,0,13.72
user_011,G6_S2_MAT_STATES,0,13.18
user_011,G6_S2_MAT_STATES,1,15.42
user_011,G6_S2_MAT_STATES,1,22.34
user_011,G6_S2_MAT_STATES,1,19.57
user_011,G6_S2_MAT_STATES,1,13.93
user_011,G6_S2_MAT_STATES,1,10.37
user_011,G6_S2_MAT_STATES,1,13.9
user_011,G6_S2_MAT_STATES,1,10.84
user_011,G6_S2_MAT_PROPS,0,26.14
user_011,G6_S2_MAT_PROPS,0,22.71
user_011,G6_S2_MAT_PROPS,1,24.12
user_011,G6_S2_MAT_PROPS,0,22.53
user_011,G6_S2_MAT_PROPS,1,19.92
user_011,G6_S2_MAT_PROPS,0,18.04
user_011,G6_S2_MAT_PROPS,0,22.41
user_011,G6_S2_MAT_PROPS,0,23.79
user_011,G6_S2_MAT_PROPS,1,20.65
user_011,G6_S2_MAT_PROPS,1,17.52
user_011,G6_S2_MAT_PROPS,1,16.44
user_011,G6_S2_MAT_PROPS,0,13.31
user_011,G6_S4_ENE_SOURCES,0,21.35
user_011,G6_S4_ENE_SOURCES,0,18.85
user_011,G6_S4_ENE_SOURCES,0,21.96
user_011,G6_S4_ENE_SOURCES,0,26.59
user_011,G6_S4_ENE_SOURCES,0,23.63
user_011,G6_S4_ENE_SOURCES,0,29.88
user_011,G6_S4_ENE_SOURCES,0,23.06
user_011,G6_S4_ENE_SOURCES,1,24.34
user_011,G6_S4_ENE_SOURCES,1,18.84
user_011,G6_S4_ENE_SOURCES,1,14.76
user_011,G6_S4_ENE_SOURCES,1,13.57
user_011,G6_S4_ENE_SOURCES,1,13.1
user_011,G6_S8_ELE_CIRCUITS,0,19.48
user_011,G6_S8_ELE_CIRCUITS,0,21.08
user_011,G6_S8_ELE_CIRCUITS,1,19.38
user_011,G6_S8_ELE_CIRCUITS,0,14.94
user_011,G6_S8_ELE_CIRCUITS,0,23.81
user_011,G6_S8_ELE_CIRCUITS,0,22.2
user_011,G6_S8_ELE_CIRCUITS,1,23.77
user_011,G6_S8_ELE_CIRCUITS,1,20.74
user_011,G6_S8_ELE_CIRCUITS,1,15.94
user_011,G6_S8_ELE_CIRCUITS,1,11.31
user_011,G6_S8_ELE_CIRCUITS,1,10.95
user_011,G6_S8_ELE_CIRCUITS,1,10.14
user_011,G6_S8_ELE_CONDINS,0,24.27
user_011,G6_S8_ELE_CONDINS,0,24.54
user_011,G6_S8_ELE_CONDINS,0,20.85
user_011,G6_S8_ELE_CONDINS,0,27.86
user_011,G6_S8_ELE_CONDINS,0,27.16
user_011,G6_S8_ELE_CONDINS,0,23.16
user_011,G6_S8_ELE_CONDINS,0,15.83
user_011,G6_S8_ELE_CONDINS,1,23.55
user_011,G6_S8_ELE_CONDINS,0,19.28
user_011,G6_S8_ELE_CONDINS,0,25.71
user_011,G6_S8_ELE_CONDINS,0,22.46
user_011,G6_S8_ELE_CONDINS,0,20.51
user_011,G7_S1_PLA_DIVER,0,21.8
user_011,G7_S1_PLA_DIVER,0,18.71
user_011,G7_S1_PLA_DIVER,1,18.45
user_011,G7_S1_PLA_DIVER,0,20.6
user_011,G7_S1_PLA_DIVER,1,20.62
user_011,G7_S1_PLA_DIVER,0,22.14
user_011,G7_S1_PLA_DIVER,0,17.14
user_011,G7_S1_PLA_DIVER,0,21.8
user_011,G7_S1_PLA_DIVER,0,20.92
user_011,G7_S1_PLA_DIVER,0,21.23
user_011,G7_S1_PLA_DIVER,0,19.22
user_011,G7_S1_PLA_DIVER,0,23.97
user_011,G7_S1_PLA_CLASSIF,0,22.87
user_011,G7_S1_PLA_CLASSIF,0,22.17
user_011,G7_S1_PLA_CLASSIF,0,19.93
user_011,G7_S1_PLA_CLASSIF,0,19.86
user_011,G7_S1_PLA_CLASSIF,0,27.7
user_011,G7_S1_PLA_CLASSIF,0,20.61
user_011,G7_S1_PLA_CLASSIF,1,21.63
user_011,G7_S1_PLA_CLASSIF,1,22.4
user_011,G7_S1_PLA_CLASSIF,1,14.49
user_011,G7_S1_PLA_CLASSIF,1,12.23
user_011,G7_S1_PLA_CLASSIF,0,12.23
user_011,G7_S1_PLA_CLASSIF,1,15.64
user_011,G7_S2_STA_CHARGES,1,25.34
user_011,G7_S2_STA_CHARGES,1,19.29
user_011,G7_S2_STA_CHARGES,1,20.34
user_011,G7_S2_STA_CHARGES,1,12.45
user_011,G7_S2_STA_CHARGES,1,10.18
user_011,G7_S2_STA_CHARGES,1,11.55
user_011,G7_S2_STA_CHARGES,0,13.14
user_011,G7_S2_STA_CHARGES,1,10.9
user_011,G7_S2_STA_CHARGES,1,19.61
user_011,G7_S2_STA_CHARGES,1,14.61
user_011,G7_S2_STA_CHARGES,1,11.93
user_011,G7_S2_STA_CHARGES,1,13.33
user_011,G7_S2_STA_CAPACIT,0,20.85
user_011,G7_S2_STA_CAPACIT,0,22.06
user_011,G7_S2_STA_CAPACIT,1,22.48
user_011,G7_S2_STA_CAPACIT,0,19.38
user_011,G7_S2_STA_CAPACIT,0,23.55
user_011,G7_S2_STA_CAPACIT,0,22.92
user_011,G7_S2_STA_CAPACIT,1,20.88
user_011,G7_S2_STA_CAPACIT,1,17.25
user_011,G7_S2_STA_CAPACIT,0,16.93
user_011,G7_S2_STA_CAPACIT,1,22.09
user_011,G7_S2_STA_CAPACIT,0,15.93
user_011,G7_S2_STA_CAPACIT,0,23.82
user_011,G7_S3_ELE_SOURCES,1,27.69
user_011,G7_S3_ELE_SOURCES,0,18.89
user_011,G7_S3_ELE_SOURCES,1,22.79
user_011,G7_S3_ELE_SOURCES,0,22.89
user_011,G7_S3_ELE_SOURCES,0,23.54
user_011,G7_S3_ELE_SOURCES,0,22.66
user_011,G7_S3_ELE_SOURCES,1,23.38
user_011,G7_S3_ELE_SOURCES,0,15.55
user_011,G7_S3_ELE_SOURCES,1,21.62
user_011,G7_S3_ELE_SOURCES,1,17.14
user_011,G7_S3_ELE_SOURCES,0,13.1
user_011,G7_S3_ELE_SOURCES,1,22.38
user_011,G7_S3_ELE_CURRENTS,0,22.02
user_011,G7_S3_ELE_CURRENTS,0,17.7
user_011,G7_S3_ELE_CURRENTS,0,23.69
user_011,G7_S3_ELE_CURRENTS,1,15.49
user_011,G7_S3_ELE_CURRENTS,1,16.84
user_011,G7_S3_ELE_CURRENTS,1,16.37
user_011,G7_S3_ELE_CURRENTS,0,14.19
user_011,G7_S3_ELE_CURRENTS,1,16.88
user_011,G7_S3_ELE_CURRENTS,1,15.64
user_011,G7_S3_ELE_CURRENTS,1,12.32
user_011,G7_S3_ELE_CURRENTS,1,12.94
user_011,G7_S3_ELE_CURRENTS,1,13.81
user_011,G7_S4_WAT_SOLVENT,0,22.83
user_011,G7_S4_WAT_SOLVENT,0,22.07
user_011,G7_S4_WAT_SOLVENT,1,20.05
user_011,G7_S4_WAT_SOLVENT,0,14.81
user_011,G7_S4_WAT_SOLVENT,0,19.94
user_011,G7_S4_WAT_SOLVENT,1,25.18
user_011,G7_S4_WAT_SOLVENT,1,18.95
user_011,G7_S4_WAT_SOLVENT,1,14.42
user_011,G7_S4_WAT_SOLVENT,0,15.74
user_011,G7_S4_WAT_SOLVENT,1,15.2
user_011,G7_S4_WAT_SOLVENT,1,17.88
user_011,G7_S4_WAT_SOLVENT,1,11.42
user_011,G7_S4_WAT_COOLANT,0,20.29
user_011,G7_S4_WAT_COOLANT,1,21.15
user_011,G7_S4_WAT_COOLANT,1,12.32
user_011,G7_S4_WAT_COOLANT,0,16.92
user_011,G7_S4_WAT_COOLANT,1,20.48
user_011,G7_S4_WAT_COOLANT,0,16.86
user_011,G7_S4_WAT_COOLANT,1,19.58
user_011,G7_S4_WAT_COOLANT,1,21.88
user_011,G7_S4_WAT_COOLANT,0,16.46
user_011,G7_S4_WAT_COOLANT,0,19.79
user_011,G7_S4_WAT_COOLANT,1,21.89
user_011,G7_S4_WAT_COOLANT,1,21.13
user_011,G7_S5_ACI_IDENTIF,0,22.04
user_011,G7_S5_ACI_IDENTIF,0,23.35
user_011,G7_S5_ACI_IDENTIF,1,22.13
user_011,G7_S5_ACI_IDENTIF,1,22.16
user_011,G7_S5_ACI_IDENTIF,0,14.79
user_011,G7_S5_ACI_IDENTIF,0,24.04
user_011,G7_S5_ACI_IDENTIF,0,18.65
user_011,G7_S5_ACI_IDENTIF,0,19.95
user_011,G7_S5_ACI_IDENTIF,1,22.65
user_011,G7_S5_ACI_IDENTIF,0,22.4
user_011,G7_S5_ACI_IDENTIF,1,23.28
user_011,G7_S5_ACI_IDENTIF,1,23.38
user_011,G7_S5_ACI_INDICAT,1,24.49
user_011,G7_S5_ACI_INDICAT,0,17.4
user_011,G7_S5_ACI_INDICAT,0,23.22
user_011,G7_S5_ACI_INDICAT,0,19.86
user_011,G7_S5_ACI_INDICAT,0,21.9
user_011,G7_S5_ACI_INDICAT,0,25.73
user_011,G7_S5_ACI_INDICAT,0,22.84
user_011,G7_S5_ACI_INDICAT,0,22.13
user_011,G7_S5_ACI_INDICAT,0,21.79
user_011,G7_S5_ACI_INDICAT,1,21.24
user_011,G7_S5_ACI_INDICAT,1,22.95
user_011,G7_S5_ACI_INDICAT,1,14.87
user_011,G7_S6_ANI_CLASSIF,0,20.61
user_011,G7_S6_ANI_CLASSIF,0,23.33
user_011,G7_S6_ANI_CLASSIF,1,20.31
user_011,G7_S6_ANI_CLASSIF,0,18.07
user_011,G7_S6_ANI_CLASSIF,1,24.01
user_011,G7_S6_ANI_CLASSIF,0,21.53
user_011,G7_S6_ANI_CLASSIF,0,21.65
user_011,G7_S6_ANI_CLASSIF,1,22.43
user_011,G7_S6_ANI_CLASSIF,0,22.33
user_011,G7_S6_ANI_CLASSIF,0,27.49
user_011,G7_S6_ANI_CLASSIF,0,23.05
user_011,G7_S6_ANI_CLASSIF,0,22.87
user_011,G7_S6_ANI_ADAPTAT,1,23.99
user_011,G7_S6_ANI_ADAPTAT,1,16.24
user_011,G7_S6_ANI_ADAPTAT,1,18.07
user_011,G7_S6_ANI_ADAPTAT,1,14.45
user_011,G7_S6_ANI_ADAPTAT,1,10.53
user_011,G7_S6_ANI_ADAPTAT,1,11.94
user_011,G7_S6_ANI_ADAPTAT,1,13.89
user_011,G7_S6_ANI_ADAPTAT,1,11.13
user_011,G7_S6_ANI_ADAPTAT,1,13.95
user_011,G7_S6_ANI_ADAPTAT,1,13.94
user_011,G7_S6_ANI_ADAPTAT,1,14.59
user_011,G7_S6_ANI_ADAPTAT,1,11.83
user_011,G7_S7_ENE_FORMS,1,23.9
user_011,G7_S7_ENE_FORMS,0,21.37
user_011,G7_S7_ENE_FORMS,1,21.75
user_011,G7_S7_ENE_FORMS,1,18.25
user_011,G7_S7_ENE_FORMS,0,15.63
user_011,G7_S7_ENE_FORMS,0,16.46
user_011,G7_S7_ENE_FORMS,1,23.59
user_011,G7_S7_ENE_FORMS,0,25.36
user_011,G7_S7_ENE_FORMS,0,21.2
user_011,G7_S7_ENE_FORMS,1,18.33
user_011,G7_S7_ENE_FORMS,1,20.46
user_011,G7_S7_ENE_FORMS,0,17.71
user_011,G7_S7_ENE_TRANSF,0,24.28
user_011,G7_S7_ENE_TRANSF,0,21.4
user_011,G7_S7_ENE_TRANSF,0,21.87
user_011,G7_S7_ENE_TRANSF,1,20.62
user_011,G7_S7_ENE_TRANSF,0,20.84
user_011,G7_S7_ENE_TRANSF,0,24.85
user_011,G7_S7_ENE_TRANSF,0,21.49
user_011,G7_S7_ENE_TRANSF,0,20.6
user_011,G7_S7_ENE_TRANSF,0,22.94
user_011,G7_S7_ENE_TRANSF,1,25.53
user_011,G7_S7_ENE_TRANSF,0,22.24
user_011,G7_S7_ENE_TRANSF,0,19.25
user_011,G7_S8_EAR_STRUCT,1,24.36
user_011,G7_S8_EAR_STRUCT,1,20.5
user_011,G7_S8_EAR_STRUCT,1,14.99
user_011,G7_S8_EAR_STRUCT,1,10.01
user_011,G7_S8_EAR_STRUCT,1,10.3
user_011,G7_S8_EAR_STRUCT,1,12.74
user_011,G7_S8_EAR_STRUCT,1,15.16
user_011,G7_S8_EAR_STRUCT,0,8.68
user_011,G7_S8_EAR_STRUCT,1,10.81
user_011,G7_S8_EAR_STRUCT,1,12.71
user_011,G7_S8_EAR_STRUCT,1,10.75
user_011,G7_S8_EAR_STRUCT,0,10.29
user_011,G7_S8_EAR_TECTON,0,22.0
user_011,G7_S8_EAR_TECTON,0,21.9
user_011,G7_S8_EAR_TECTON,0,22.92
user_011,G7_S8_EAR_TECTON,0,24.05
user_011,G7_S8_EAR_TECTON,0,22.06
user_011,G7_S8_EAR_TECTON,1,25.23
user_011,G7_S8_EAR_TECTON,0,23.22
user_011,G7_S8_EAR_TECTON,1,25.65
user_011,G7_S8_EAR_TECTON,1,23.38
user_011,G7_S8_EAR_TECTON,0,12.3
user_011,G7_S8_EAR_TECTON,0,24.18
user_011,G7_S8_EAR_TECTON,0,20.0
user_011,G7_S9_LIG_SHADOWS,0,28.89
user_011,G7_S9_LIG_SHADOWS,0,23.07
user_011,G7_S9_LIG_SHADOWS,0,20.02
user_011,G7_S9_LIG_SHADOWS,1,21.92
user_011,G7_S9_LIG_SHADOWS,1,20.84
user_011,G7_S9_LIG_SHADOWS,1,15.75
user_011,G7_S9_LIG_SHADOWS,1,13.67
user_011,G7_S9_LIG_SHADOWS,1,9.22
user_011,G7_S9_LIG_SHADOWS,1,15.16
user_011,G7_S9_LIG_SHADOWS,1,11.39
user_011,G7_S9_LIG_SHADOWS,1,8.57
user_011,G7_S9_LIG_SHADOWS,1,8.58
user_011,G7_S9_LIG_MIRRORS,0,20.32
user_011,G7_S9_LIG_MIRRORS,0,26.09
user_011,G7_S9_LIG_MIRRORS,0,20.13
user_011,G7_S9_LIG_MIRRORS,0,24.23
user_011,G7_S9_LIG_MIRRORS,1,24.31
user_011,G7_S9_LIG_MIRRORS,0,19.06
user_011,G7_S9_LIG_MIRRORS,1,15.69
user_011,G7_S9_LIG_MIRRORS,1,23.39
user_011,G7_S9_LIG_MIRRORS,1,17.83
user_011,G7_S9_LIG_MIRRORS,1,12.73
user_011,G7_S9_LIG_MIRRORS,1,12.63
user_011,G7_S9_LIG_MIRRORS,1,13.29
user_011,G7_S10_MIC_LIGHT,0,16.62
user_011,G7_S10_MIC_LIGHT,0,26.94
user_011,G7_S10_MIC_LIGHT,0,23.79
user_011,G7_S10_MIC_LIGHT,0,22.29
user_011,G7_S10_MIC_LIGHT,0,24.47
user_011,G7_S10_MIC_LIGHT,0,23.97
user_011,G7_S10_MIC_LIGHT,0,24.61
user_011,G7_S10_MIC_LIGHT,0,22.28
user_011,G7_S10_MIC_LIGHT,0,24.97
user_011,G7_S10_MIC_LIGHT,0,26.46
user_011,G7_S10_MIC_LIGHT,0,15.49
user_011,G7_S10_MIC_LIGHT,0,23.45
user_011,G7_S10_MIC_ELECTR,0,25.14
user_011,G7_S10_MIC_ELECTR,1,24.52
user_011,G7_S10_MIC_ELECTR,0,23.21
user_011,G7_S10_MIC_ELECTR,0,22.0
user_011,G7_S10_MIC_ELECTR,0,21.33
user_011,G7_S10_MIC_ELECTR,0,22.32
user_011,G7_S10_MIC_ELECTR,0,19.63
user_011,G7_S10_MIC_ELECTR,1,21.29
user_011,G7_S10_MIC_ELECTR,0,19.58
user_011,G7_S10_MIC_ELECTR,1,22.73
user_011,G7_S10_MIC_ELECTR,0,18.52
user_011,G7_S10_MIC_ELECTR,1,23.24
user_011,G8_S1_BIO_DIVER,0,22.39
user_011,G8_S1_BIO_DIVER,0,22.47
user_011,G8_S1_BIO_DIVER,0,20.19
user_011,G8_S1_BIO_DIVER,0,25.88
user_011,G8_S1_BIO_DIVER,0,19.55
user_011,G8_S1_BIO_DIVER,0,24.41
user_011,G8_S1_BIO_DIVER,1,21.83
user_011,G8_S1_BIO_DIVER,1,21.13
user_011,G8_S1_BIO_DIVER,1,17.51
user_011,G8_S1_BIO_DIVER,1,11.42
user_011,G8_S1_BIO_DIVER,1,14.77
user_011,G8_S1_BIO_DIVER,1,13.37
user_011,G8_S1_BIO_CLASSIF,0,24.75
user_011,G8_S1_BIO_CLASSIF,0,26.16
user_011,G8_S1_BIO_CLASSIF,0,17.82
user_011,G8_S1_BIO_CLASSIF,0,21.89
user_011,G8_S1_BIO_CLASSIF,0,21.04
user_011,G8_S1_BIO_CLASSIF,0,21.78
user_011,G8_S1_BIO_CLASSIF,0,19.96
user_011,G8_S1_BIO_CLASSIF,1,20.91
user_011,G8_S1_BIO_CLASSIF,0,21.5
user_011,G8_S1_BIO_CLASSIF,0,26.14
user_011,G8_S1_BIO_CLASSIF,0,18.45
user_011,G8_S1_BIO_CLASSIF,0,19.47
user_011,G8_S2_TIS_PLANT,0,23.5
user_011,G8_S2_TIS_PLANT,0,24.82
user_011,G8_S2_TIS_PLANT,0,25.6
user_011,G8_S2_TIS_PLANT,0,24.65
user_011,G8_S2_TIS_PLANT,1,26.64
user_011,G8_S2_TIS_PLANT,0,20.67
user_011,G8_S2_TIS_PLANT,0,20.13
user_011,G8_S2_TIS_PLANT,0,21.98
user_011,G8_S2_TIS_PLANT,0,23.25
user_011,G8_S2_TIS_PLANT,1,22.21
user_011,G8_S2_TIS_PLANT,0,19.9
user_011,G8_S2_TIS_PLANT,1,20.67
user_011,G8_S2_TIS_ANIMAL,0,21.93
user_011,G8_S2_TIS_ANIMAL,0,22.61
user_011,G8_S2_TIS_ANIMAL,1,21.82
user_011,G8_S2_TIS_ANIMAL,1,20.3
user_011,G8_S2_TIS_ANIMAL,1,17.34
user_011,G8_S2_TIS_ANIMAL,1,13.6
user_011,G8_S2_TIS_ANIMAL,1,15.61
user_011,G8_S2_TIS_ANIMAL,1,15.67
user_011,G8_S2_TIS_ANIMAL,1,13.8
user_011,G8_S2_TIS_ANIMAL,1,14.27
user_011,G8_S2_TIS_ANIMAL,1,15.73
user_011,G8_S2_TIS_ANIMAL,1,14.13
user_011,G8_S3_PHO_PROCESS,0,25.02
user_011,G8_S3_PHO_PROCESS,1,22.77
user_011,G8_S3_PHO_PROCESS,1,23.47
user_011,G8_S3_PHO_PROCESS,1,16.48
user_011,G8_S3_PHO_PROCESS,0,15.43
user_011,G8_S3_PHO_PROCESS,0,17.44
user_011,G8_S3_PHO_PROCESS,0,20.27
user_011,G8_S3_PHO_PROCESS,1,22.03
user_011,G8_S3_PHO_PROCESS,0,22.72
user_011,G8_S3_PHO_PROCESS,0,24.49
user_011,G8_S3_PHO_PROCESS,0,23.66
user_011,G8_S3_PHO_PROCESS,0,18.98
user_011,G8_S3_PHO_IMPORT,0,24.91
user_011,G8_S3_PHO_IMPORT,0,22.69
user_011,G8_S3_PHO_IMPORT,0,20.86
user_011,G8_S3_PHO_IMPORT,1,22.8
user_011,G8_S3_PHO_IMPORT,1,19.0
user_011,G8_S3_PHO_IMPORT,0,16.28
user_011,G8_S3_PHO_IMPORT,0,20.0
user_011,G8_S3_PHO_IMPORT,0,25.19
user_011,G8_S3_PHO_IMPORT,1,23.64
user_011,G8_S3_PHO_IMPORT,0,18.35
user_011,G8_S3_PHO_IMPORT,1,21.7
user_011,G8_S3_PHO_IMPORT,1,19.61
user_011,G8_S4_MAT_ELEMENTS,1,22.69
user_011,G8_S4_MAT_ELEMENTS,1,19.07
user_011,G8_S4_MAT_ELEMENTS,1,13.33
user_011,G8_S4_MAT_ELEMENTS,1,14.48
user_011,G8_S4_MAT_ELEMENTS,1,9.84
user_011,G8_S4_MAT_ELEMENTS,1,11.71
user_011,G8_S4_MAT_ELEMENTS,1,13.27
user_011,G8_S4_MAT_ELEMENTS,1,13.68
user_011,G8_S4_MAT_ELEMENTS,1,10.93
user_011,G8_S4_MAT_ELEMENTS,1,10.2
user_011,G8_S4_MAT_ELEMENTS,1,11.65
user_011,G8_S4_MAT_ELEMENTS,1,12.64
user_011,G8_S4_MAT_COMPOUNDS,0,24.39
user_011,G8_S4_MAT_COMPOUNDS,0,23.47
user_011,G8_S4_MAT_COMPOUNDS,0,19.84
user_011,G8_S4_MAT_COMPOUNDS,0,21.76
user_011,G8_S4_MAT_COMPOUNDS,1,20.53
user_011,G8_S4_MAT_COMPOUNDS,0,17.26
user_011,G8_S4_MAT_COMPOUNDS,0,22.84
user_011,G8_S4_MAT_COMPOUNDS,0,23.7
user_011,G8_S4_MAT_COMPOUNDS,1,24.66
user_011,G8_S4_MAT_COMPOUNDS,0,21.31
user_011,G8_S4_MAT_COMPOUNDS,1,19.72
user_011,G8_S4_MAT_COMPOUNDS,1,17.63
user_011,G8_S5_MAT_DENSITY,0,22.58
user_011,G8_S5_MAT_DENSITY,1,27.57
user_011,G8_S5_MAT_DENSITY,0,13.85
user_011,G8_S5_MAT_DENSITY,0,22.02
user_011,G8_S5_MAT_DENSITY,0,22.93
user_011,G8_S5_MAT_DENSITY,1,19.88
user_011,G8_S5_MAT_DENSITY,1,19.82
user_011,G8_S5_MAT_DENSITY,0,15.58
user_011,G8_S5_MAT_DENSITY,0,18.68
user_011,G8_S5_MAT_DENSITY,0,23.27
user_011,G8_S5_MAT_DENSITY,0,22.35
user_011,G8_S5_MAT_DENSITY,1,20.37
user_011,G8_S5_MAT_THERMAL,1,19.5
user_011,G8_S5_MAT_THERMAL,1,22.06
user_011,G8_S5_MAT_THERMAL,0,14.85
user_011,G8_S5_MAT_THERMAL,1,21.01
user_011,G8_S5_MAT_THERMAL,0,21.98
user_011,G8_S5_MAT_THERMAL,0,24.25
user_011,G8_S5_MAT_THERMAL,1,25.15
user_011,G8_S5_MAT_THERMAL,1,19.84
user_011,G8_S5_MAT_THERMAL,0,16.61
user_011,G8_S5_MAT_THERMAL,1,16.44
user_011,G8_S5_MAT_THERMAL,1,18.14
user_011,G8_S5_MAT_THERMAL,1,18.04
user_011,G8_S6_CHA_PHYSICAL,0,21.19
user_011,G8_S6_CHA_PHYSICAL,0,28.75
user_011,G8_S6_CHA_PHYSICAL,1,24.93
user_011,G8_S6_CHA_PHYSICAL,1,21.32
user_011,G8_S6_CHA_PHYSICAL,1,15.32
user_011,G8_S6_CHA_PHYSICAL,1,16.52
user_011,G8_S6_CHA_PHYSICAL,1,16.12
user_011,G8_S6_CHA_PHYSICAL,1,10.22
user_011,G8_S6_CHA_PHYSICAL,1,9.53
user_011,G8_S6_CHA_PHYSICAL,1,11.19
user_011,G8_S6_CHA_PHYSICAL,0,9.01
user_011,G8_S6_CHA_PHYSICAL,1,18.85
user_011,G8_S6_CHA_BURNING,0,26.23
user_011,G8_S6_CHA_BURNING,1,24.28
user_011,G8_S6_CHA_BURNING,0,24.8
user_011,G8_S6_CHA_BURNING,1,24.11
user_011,G8_S6_CHA_BURNING,0,20.62
user_011,G8_S6_CHA_BURNING,1,26.2
user_011,G8_S6_CHA_BURNING,0,19.13
user_011,G8_S6_CHA_BURNING,0,24.24
user_011,G8_S6_CHA_BURNING,0,23.02
user_011,G8_S6_CHA_BURNING,1,24.19
user_011,G8_S6_CHA_BURNING,1,18.01
user_011,G8_S6_CHA_BURNING,0,15.03
user_011,G8_S7_FOR_TYPES,0,19.69
user_011,G8_S7_FOR_TYPES,1,22.04
user_011,G8_S7_FOR_TYPES,0,18.46
user_011,G8_S7_FOR_TYPES,1,21.32
user_011,G8_S7_FOR_TYPES,1,17.77
user_011,G8_S7_FOR_TYPES,0,15.81
user_011,G8_S7_FOR_TYPES,0,18.95
user_011,G8_S7_FOR_TYPES,0,16.64
user_011,G8_S7_FOR_TYPES,0,18.87
user_011,G8_S7_FOR_TYPES,0,22.83
user_011,G8_S7_FOR_TYPES,0,20.21
user_011,G8_S7_FOR_TYPES,0,23.63
user_011,G8_S7_FOR_PRESSURE,0,26.16
user_011,G8_S7_FOR_PRESSURE,1,19.12
user_011,G8_S7_FOR_PRESSURE,1,23.54
user_011,G8_S7_FOR_PRESSURE,1,8.36
user_011,G8_S7_FOR_PRESSURE,1,13.48
user_011,G8_S7_FOR_PRESSURE,1,11.29
user_011,G8_S7_FOR_PRESSURE,1,13.82
user_011,G8_S7_FOR_PRESSURE,1,11.35
user_011,G8_S7_FOR_PRESSURE,1,11.61
user_011,G8_S7_FOR_PRESSURE,1,10.36
user_011,G8_S7_FOR_PRESSURE,0,14.97
user_011,G8_S7_FOR_PRESSURE,1,16.04
user_011,G8_S8_STA_PHENOM,1,21.63
user_011,G8_S8_STA_PHENOM,1,18.85
user_011,G8_S8_STA_PHENOM,0,16.56
user_011,G8_S8_STA_PHENOM,1,20.74
user_011,G8_S8_STA_PHENOM,1,18.22
user_011,G8_S8_STA_PHENOM,1,15.55
user_011,G8_S8_STA_PHENOM,1,10.87
user_011,G8_S8_STA_PHENOM,1,11.84
user_011,G8_S8_STA_PHENOM,1,13.86
user_011,G8_S8_STA_PHENOM,1,9.45
user_011,G8_S8_STA_PHENOM,1,14.0
user_011,G8_S8_STA_PHENOM,0,15.54
user_011,G8_S8_STA_LIGHTNG,0,21.9
user_011,G8_S8_STA_LIGHTNG,0,22.91
user_011,G8_S8_STA_LIGHTNG,0,22.03
user_011,G8_S8_STA_LIGHTNG,0,23.47
user_011,G8_S8_STA_LIGHTNG,0,24.2
user_011,G8_S8_STA_LIGHTNG,0,21.39
user_011,G8_S8_STA_LIGHTNG,0,22.87
user_011,G8_S8_STA_LIGHTNG,0,18.44
user_011,G8_S8_STA_LIGHTNG,0,21.49
user_011,G8_S8_STA_LIGHTNG,0,25.34
user_011,G8_S8_STA_LIGHTNG,0,23.14
user_011,G8_S8_STA_LIGHTNG,0,22.24
user_011,G9_S1_SYS_DIGEST,1,25.72
user_011,G9_S1_SYS_DIGEST,1,23.41
user_011,G9_S1_SYS_DIGEST,1,19.45
user_011,G9_S1_SYS_DIGEST,1,21.0
user_011,G9_S1_SYS_DIGEST,1,9.01
user_011,G9_S1_SYS_DIGEST,1,15.56
user_011,G9_S1_SYS_DIGEST,1,13.61
user_011,G9_S1_SYS_DIGEST,1,12.43
user_011,G9_S1_SYS_DIGEST,1,12.15
user_011,G9_S1_SYS_DIGEST,1,11.07
user_011,G9_S1_SYS_DIGEST,1,13.97
user_011,G9_S1_SYS_DIGEST,1,10.82
user_011,G9_S1_SYS_CIRCUL,0,24.11
user_011,G9_S1_SYS_CIRCUL,0,25.83
user_011,G9_S1_SYS_CIRCUL,0,20.24
user_011,G9_S1_SYS_CIRCUL,0,24.39
user_011,G9_S1_SYS_CIRCUL,0,27.49
user_011,G9_S1_SYS_CIRCUL,0,22.53
user_011,G9_S1_SYS_CIRCUL,0,24.51
user_011,G9_S1_SYS_CIRCUL,0,24.34
user_011,G9_S1_SYS_CIRCUL,0,27.14
user_011,G9_S1_SYS_CIRCUL,0,22.59
user_011,G9_S1_SYS_CIRCUL,0,26.43
user_011,G9_S1_SYS_CIRCUL,0,18.96
user_011,G9_S2_RHY_EARTH,0,21.45
user_011,G9_S2_RHY_EARTH,0,23.8
user_011,G9_S2_RHY_EARTH,0,23.69
user_011,G9_S2_RHY_EARTH,0,23.69
user_011,G9_S2_RHY_EARTH,0,27.33
user_011,G9_S2_RHY_EARTH,0,23.41
user_011,G9_S2_RHY_EARTH,0,22.13
user_011,G9_S2_RHY_EARTH,0,22.47
user_011,G9_S2_RHY_EARTH,0,26.39
user_011,G9_S2_RHY_EARTH,0,21.39
user_011,G9_S2_RHY_EARTH,0,23.76
user_011,G9_S2_RHY_EARTH,0,20.62
user_011,G9_S2_RHY_CLIMATE,0,25.19
user_011,G9_S2_RHY_CLIMATE,0,22.02
user_011,G9_S2_RHY_CLIMATE,0,25.31
user_011,G9_S2_RHY_CLIMATE,0,20.35
user_011,G9_S2_RHY_CLIMATE,0,23.15
user_011,G9_S2_RHY_CLIMATE,0,18.95
user_011,G9_S2_RHY_CLIMATE,0,23.55
user_011,G9_S2_RHY_CLIMATE,0,22.09
user_011,G9_S2_RHY_CLIMATE,1,23.57
user_011,G9_S2_RHY_CLIMATE,0,17.21
user_011,G9_S2_RHY_CLIMATE,0,24.34
user_011,G9_S2_RHY_CLIMATE,1,25.32
user_011,G9_S3_LIG_REFRAC,0,25.21
user_011,G9_S3_LIG_REFRAC,0,20.9
user_011,G9_S3_LIG_REFRAC,0,27.77
user_011,G9_S3_LIG_REFRAC,1,21.48
user_011,G9_S3_LIG_REFRAC,0,19.75
user_011,G9_S3_LIG_REFRAC,0,20.73
user_011,G9_S3_LIG_REFRAC,0,20.07
user_011,G9_S3_LIG_REFRAC,0,24.25
user_011,G9_S3_LIG_REFRAC,1,22.57
user_011,G9_S3_LIG_REFRAC,0,18.79
user_011,G9_S3_LIG_REFRAC,1,20.63
user_011,G9_S3_LIG_REFRAC,1,15.74
user_011,G9_S3_LIG_LENSES,0,21.91
user_011,G9_S3_LIG_LENSES,1,21.72
user_011,G9_S3_LIG_LENSES,0,22.2
user_011,G9_S3_LIG_LENSES,0,22.36
user_011,G9_S3_LIG_LENSES,1,20.07
user_011,G9_S3_LIG_LENSES,0,15.87
user_011,G9_S3_LIG_LENSES,0,18.9
user_011,G9_S3_LIG_LENSES,0,22.36
user_011,G9_S3_LIG_LENSES,1,23.7
user_011,G9_S3_LIG_LENSES,1,18.68
user_011,G9_S3_LIG_LENSES,1,14.01
user_011,G9_S3_LIG_LENSES,0,16.15
user_011,G9_S4_SOU_PROPAG,0,20.5
user_011,G9_S4_SOU_PROPAG,1,21.79
user_011,G9_S4_SOU_PROPAG,0,20.94
user_011,G9_S4_SOU_PROPAG,0,19.82
user_011,G9_S4_SOU_PROPAG,0,24.83
user_011,G9_S4_SOU_PROPAG,1,25.61
user_011,G9_S4_SOU_PROPAG,0,18.38
user_011,G9_S4_SOU_PROPAG,0,21.23
user_011,G9_S4_SOU_PROPAG,0,23.33
user_011,G9_S4_SOU_PROPAG,0,25.81
user_011,G9_S4_SOU_PROPAG,1,25.23
user_011,G9_S4_SOU_PROPAG,0,16.06
user_011,G9_S4_SOU_HEARING,0,21.99
user_011,G9_S4_SOU_HEARING,0,24.89
user_011,G9_S4_SOU_HEARING,1,25.19
user_011,G9_S4_SOU_HEARING,1,15.53
user_011,G9_S4_SOU_HEARING,1,10.72
user_011,G9_S4_SOU_HEARING,0,10.38
user_011,G9_S4_SOU_HEARING,1,18.6
user_011,G9_S4_SOU_HEARING,1,9.87
user_011,G9_S4_SOU_HEARING,1,12.23
user_011,G9_S4_SOU_HEARING,1,12.05
user_011,G9_S4_SOU_HEARING,1,7.92
user_011,G9_S4_SOU_HEARING,1,9.06
user_011,G9_S5_HEA_EXPANS,0,27.81
user_011,G9_S5_HEA_EXPANS,0,27.37
user_011,G9_S5_HEA_EXPANS,1,24.27
user_011,G9_S5_HEA_EXPANS,0,20.92
user_011,G9_S5_HEA_EXPANS,0,22.62
user_011,G9_S5_HEA_EXPANS,0,22.33
user_011,G9_S5_HEA_EXPANS,0,26.14
user_011,G9_S5_HEA_EXPANS,1,24.09
user_011,G9_S5_HEA_EXPANS,0,23.67
user_011,G9_S5_HEA_EXPANS,1,24.12
user_011,G9_S5_HEA_EXPANS,1,20.64
user_011,G9_S5_HEA_EXPANS,1,18.36
user_011,G9_S5_HEA_TRANSF,0,20.52
user_011,G9_S5_HEA_TRANSF,1,23.75
user_011,G9_S5_HEA_TRANSF,0,19.88
user_011,G9_S5_HEA_TRANSF,1,24.11
user_011,G9_S5_HEA_TRANSF,1,16.29
user_011,G9_S5_HEA_TRANSF,1,14.8
user_011,G9_S5_HEA_TRANSF,1,11.35
user_011,G9_S5_HEA_TRANSF,1,12.66
user_011,G9_S5_HEA_TRANSF,1,10.64
user_011,G9_S5_HEA_TRANSF,1,9.31
user_011,G9_S5_HEA_TRANSF,1,16.23
user_011,G9_S5_HEA_TRANSF,1,14.81
user_011,G9_S6_NAT_ATOMS,0,27.65
user_011,G9_S6_NAT_ATOMS,0,20.39
user_011,G9_S6_NAT_ATOMS,0,23.74
user_011,G9_S6_NAT_ATOMS,0,22.56
user_011,G9_S6_NAT_ATOMS,1,26.24
user_011,G9_S6_NAT_ATOMS,1,17.86
user_011,G9_S6_NAT_ATOMS,0,15.36
user_011,G9_S6_NAT_ATOMS,1,22.3
user_011,G9_S6_NAT_ATOMS,1,16.96
user_011,G9_S6_NAT_ATOMS,0,11.78
user_011,G9_S6_NAT_ATOMS,1,18.2
user_011,G9_S6_NAT_ATOMS,1,11.85
user_011,G9_S6_NAT_CONFIG,0,21.25
user_011,G9_S6_NAT_CONFIG,0,23.2
user_011,G9_S6_NAT_CONFIG,0,22.41
user_011,G9_S6_NAT_CONFIG,1,21.96
user_011,G9_S6_NAT_CONFIG,1,20.3
user_011,G9_S6_NAT_CONFIG,0,18.1
user_011,G9_S6_NAT_CONFIG,0,18.67
user_011,G9_S6_NAT_CONFIG,0,24.5
user_011,G9_S6_NAT_CONFIG,0,21.56
user_011,G9_S6_NAT_CONFIG,0,23.9
user_011,G9_S6_NAT_CONFIG,0,20.85
user_011,G9_S6_NAT_CONFIG,0,22.26
user_011,G9_S7_ACI_SALTS,0,24.38
user_011,G9_S7_ACI_SALTS,1,25.68
user_011,G9_S7_ACI_SALTS,0,20.19
user_011,G9_S7_ACI_SALTS,0,23.25
user_011,G9_S7_ACI_SALTS,0,22.72
user_011,G9_S7_ACI_SALTS,0,23.7
user_011,G9_S7_ACI_SALTS,0,24.13
user_011,G9_S7_ACI_SALTS,0,20.83
user_011,G9_S7_ACI_SALTS,0,26.2
user_011,G9_S7_ACI_SALTS,0,20.72
user_011,G9_S7_ACI_SALTS,0,23.75
user_011,G9_S7_ACI_SALTS,0,22.45
user_011,G9_S7_ACI_NEUTRAL,0,26.51
user_011,G9_S7_ACI_NEUTRAL,0,19.42
user_011,G9_S7_ACI_NEUTRAL,0,24.22
user_011,G9_S7_ACI_NEUTRAL,0,23.9
user_011,G9_S7_ACI_NEUTRAL,0,24.38
user_011,G9_S7_ACI_NEUTRAL,0,25.62
user_011,G9_S7_ACI_NEUTRAL,0,22.57
user_011,G9_S7_ACI_NEUTRAL,1,19.7
user_011,G9_S7_ACI_NEUTRAL,1,22.22
user_011,G9_S7_ACI_NEUTRAL,1,11.31
user_011,G9_S7_ACI_NEUTRAL,0,14.03
user_011,G9_S7_ACI_NEUTRAL,0,16.91
user_012,G6_S1_ORG_CHARS,1,23.31
user_012,G6_S1_ORG_CHARS,0,17.74
user_012,G6_S1_ORG_CHARS,0,25.87
user_012,G6_S1_ORG_CHARS,0,22.95
user_012,G6_S1_ORG_CHARS,0,19.13
user_012,G6_S1_ORG_CHARS,0,23.97
user_012,G6_S1_ORG_CHARS,0,21.65
user_012,G6_S1_ORG_CHARS,0,20.08
user_012,G6_S1_ORG_CHARS,1,18.95
user_012,G6_S1_ORG_CHARS,1,20.99
user_012,G6_S1_ORG_CHARS,1,14.54
user_012,G6_S1_ORG_CHARS,1,12.95
user_012,G6_S1_ORG_CLASS,1,22.43
user_012,G6_S1_ORG_CLASS,1,15.55
user_012,G6_S1_ORG_CLASS,1,17.42
user_012,G6_S1_ORG_CLASS,1,18.68
user_012,G6_S1_ORG_CLASS,1,14.35
user_012,G6_S1_ORG_CLASS,0,12.36
user_012,G6_S1_ORG_CLASS,0,12.5
user_012,G6_S1_ORG_CLASS,1,16.15
user_012,G6_S1_ORG_CLASS,1,10.82
user_012,G6_S1_ORG_CLASS,1,7.96
user_012,G6_S1_ORG_CLASS,1,11.09
user_012,G6_S1_ORG_CLASS,1,14.3
user_012,G6_S2_MAT_STATES,0,24.72
user_012,G6_S2_MAT_STATES,0,22.9
user_012,G6_S2_MAT_STATES,1,19.24
user_012,G6_S2_MAT_STATES,1,20.04
user_012,G6_S2_MAT_STATES,1,16.3
user_012,G6_S2_MAT_STATES,0,13.16
user_012,G6_S2_MAT_STATES,1,15.63
user_012,G6_S2_MAT_STATES,1,13.98
user_012,G6_S2_MAT_STATES,1,10.95
user_012,G6_S2_MAT_STATES,0,9.7
user_012,G6_S2_MAT_STATES,1,12.35
user_012,G6_S2_MAT_STATES,1,9.84
user_012,G6_S2_MAT_PROPS,1,23.22
user_012,G6_S2_MAT_PROPS,0,16.35
user_012,G6_S2_MAT_PROPS,0,19.3
user_012,G6_S2_MAT_PROPS,1,19.79
user_012,G6_S2_MAT_PROPS,1,16.3
user_012,G6_S2_MAT_PROPS,0,14.34
user_012,G6_S2_MAT_PROPS,0,19.65
user_012,G6_S2_MAT_PROPS,1,19.74
user_012,G6_S2_MAT_PROPS,1,20.56
user_012,G6_S2_MAT_PROPS,1,13.45
user_012,G6_S2_MAT_PROPS,1,13.47
user_012,G6_S2_MAT_PROPS,1,8.93
user_012,G6_S4_ENE_SOURCES,0,20.96
user_012,G6_S4_ENE_SOURCES,0,26.47
user_012,G6_S4_ENE_SOURCES,1,17.91
user_012,G6_S4_ENE_SOURCES,1,13.64
user_012,G6_S4_ENE_SOURCES,1,13.16
user_012,G6_S4_ENE_SOURCES,1,13.52
user_012,G6_S4_ENE_SOURCES,1,8.43
user_012,G6_S4_ENE_SOURCES,1,12.03
user_012,G6_S4_ENE_SOURCES,1,10.81
user_012,G6_S4_ENE_SOURCES,1,15.0
user_012,G6_S4_ENE_SOURCES,1,12.89
user_012,G6_S4_ENE_SOURCES,1,9.29
user_012,G6_S8_ELE_CIRCUITS,1,19.35
user_012,G6_S8_ELE_CIRCUITS,0,13.94
user_012,G6_S8_ELE_CIRCUITS,1,19.22
user_012,G6_S8_ELE_CIRCUITS,1,11.25
user_012,G6_S8_ELE_CIRCUITS,0,13.14
user_012,G6_S8_ELE_CIRCUITS,0,14.31
user_012,G6_S8_ELE_CIRCUITS,1,20.19
user_012,G6_S8_ELE_CIRCUITS,0,16.07
user_012,G6_S8_ELE_CIRCUITS,1,21.59
user_012,G6_S8_ELE_CIRCUITS,0,14.57
user_012,G6_S8_ELE_CIRCUITS,0,19.91
user_012,G6_S8_ELE_CIRCUITS,0,23.44
user_012,G6_S8_ELE_CONDINS,0,20.57
user_012,G6_S8_ELE_CONDINS,0,23.12
user_012,G6_S8_ELE_CONDINS,0,23.08
user_012,G6_S8_ELE_CONDINS,0,24.04
user_012,G6_S8_ELE_CONDINS,0,22.07
user_012,G6_S8_ELE_CONDINS,0,17.74
user_012,G6_S8_ELE_CONDINS,0,23.37
user_012,G6_S8_ELE_CONDINS,0,27.99
user_012,G6_S8_ELE_CONDINS,0,21.37
user_012,G6_S8_ELE_CONDINS,0,21.88
user_012,G6_S8_ELE_CONDINS,0,20.24
user_012,G6_S8_ELE_CONDINS,1,17.48
user_012,G7_S1_PLA_DIVER,0,20.65
user_012,G7_S1_PLA_DIVER,1,16.68
user_012,G7_S1_PLA_DIVER,0,13.56
user_012,G7_S1_PLA_DIVER,1,25.44
user_012,G7_S1_PLA_DIVER,0,17.95
user_012,G7_S1_PLA_DIVER,1,24.59
user_012,G7_S1_PLA_DIVER,1,16.35
user_012,G7_S1_PLA_DIVER,0,12.7
user_012,G7_S1_PLA_DIVER,0,20.78
user_012,G7_S1_PLA_DIVER,1,23.51
user_012,G7_S1_PLA_DIVER,1,15.26
user_012,G7_S1_PLA_DIVER,0,11.54
user_012,G7_S1_PLA_CLASSIF,0,21.21
user_012,G7_S1_PLA_CLASSIF,0,22.02
user_012,G7_S1_PLA_CLASSIF,0,20.36
user_012,G7_S1_PLA_CLASSIF,1,18.23
user_012,G7_S1_PLA_CLASSIF,1,17.01
user_012,G7_S1_PLA_CLASSIF,1,12.94
user_012,G7_S1_PLA_CLASSIF,1,7.64
user_012,G7_S1_PLA_CLASSIF,1,9.66
user_012,G7_S1_PLA_CLASSIF,1,11.42
user_012,G7_S1_PLA_CLASSIF,1,12.22
user_012,G7_S1_PLA_CLASSIF,1,10.49
user_012,G7_S1_PLA_CLASSIF,1,11.21
user_012,G7_S2_STA_CHARGES,0,22.12
user_012,G7_S2_STA_CHARGES,1,24.33
user_012,G7_S2_STA_CHARGES,1,17.77
user_012,G7_S2_STA_CHARGES,1,16.82
user_012,G7_S2_STA_CHARGES,1,9.66
user_012,G7_S2_STA_CHARGES,1,16.11
user_012,G7_S2_STA_CHARGES,1,13.87
user_012,G7_S2_STA_CHARGES,1,9.76
user_012,G7_S2_STA_CHARGES,1,12.6
user_012,G7_S2_STA_CHARGES,0,11.57
user_012,G7_S2_STA_CHARGES,1,15.93
user_012,G7_S2_STA_CHARGES,1,9.58
user_012,G7_S2_STA_CAPACIT,1,25.66
user_012,G7_S2_STA_CAPACIT,1,16.56
user_012,G7_S2_STA_CAPACIT,1,11.29
user_012,G7_S2_STA_CAPACIT,0,13.79
user_012,G7_S2_STA_CAPACIT,1,13.25
user_012,G7_S2_STA_CAPACIT,1,11.82
user_012,G7_S2_STA_CAPACIT,1,14.35
user_012,G7_S2_STA_CAPACIT,1,14.27
user_012,G7_S2_STA_CAPACIT,1,13.83
user_012,G7_S2_STA_CAPACIT,1,9.74
user_012,G7_S2_STA_CAPACIT,1,12.84
user_012,G7_S2_STA_CAPACIT,1,13.28
user_012,G7_S3_ELE_SOURCES,0,22.53
user_012,G7_S3_ELE_SOURCES,1,19.94
user_012,G7_S3_ELE_SOURCES,1,18.41
user_012,G7_S3_ELE_SOURCES,1,11.14
user_012,G7_S3_ELE_SOURCES,1,10.65
user_012,G7_S3_ELE_SOURCES,1,12.94
user_012,G7_S3_ELE_SOURCES,1,11.02
user_012,G7_S3_ELE_SOURCES,1,14.0
user_012,G7_S3_ELE_SOURCES,1,10.04
user_012,G7_S3_ELE_SOURCES,1,11.59
user_012,G7_S3_ELE_SOURCES,0,12.75
user_012,G7_S3_ELE_SOURCES,1,11.48
user_012,G7_S3_ELE_CURRENTS,0,22.16
user_012,G7_S3_ELE_CURRENTS,0,23.35
user_012,G7_S3_ELE_CURRENTS,0,26.6
user_012,G7_S3_ELE_CURRENTS,0,21.42
user_012,G7_S3_ELE_CURRENTS,1,25.38
user_012,G7_S3_ELE_CURRENTS,0,22.53
user_012,G7_S3_ELE_CURRENTS,1,22.44
user_012,G7_S3_ELE_CURRENTS,1,15.89
user_012,G7_S3_ELE_CURRENTS,1,15.38
user_012,G7_S3_ELE_CURRENTS,1,19.02
user_012,G7_S3_ELE_CURRENTS,1,15.75
user_012,G7_S3_ELE_CURRENTS,1,9.22
user_012,G7_S4_WAT_SOLVENT,0,21.84
user_012,G7_S4_WAT_SOLVENT,0,22.44
user_012,G7_S4_WAT_SOLVENT,1,23.36
user_012,G7_S4_WAT_SOLVENT,1,20.88
user_012,G7_S4_WAT_SOLVENT,1,15.15
user_012,G7_S4_WAT_SOLVENT,1,13.58
user_012,G7_S4_WAT_SOLVENT,1,9.81
user_012,G7_S4_WAT_SOLVENT,0,14.29
user_012,G7_S4_WAT_SOLVENT,1,8.98
user_012,G7_S4_WAT_SOLVENT,0,12.42
user_012,G7_S4_WAT_SOLVENT,1,12.28
user_012,G7_S4_WAT_SOLVENT,1,13.9
user_012,G7_S4_WAT_COOLANT,0,20.76
user_012,G7_S4_WAT_COOLANT,1,21.06
user_012,G7_S4_WAT_COOLANT,1,14.73
user_012,G7_S4_WAT_COOLANT,1,14.64
user_012,G7_S4_WAT_COOLANT,1,14.64
user_012,G7_S4_WAT_COOLANT,1,18.3
user_012,G7_S4_WAT_COOLANT,1,13.64
user_012,G7_S4_WAT_COOLANT,1,14.84
user_012,G7_S4_WAT_COOLANT,1,12.49
user_012,G7_S4_WAT_COOLANT,1,12.97
user_012,G7_S4_WAT_COOLANT,1,12.32
user_012,G7_S4_WAT_COOLANT,1,11.92
user_012,G7_S5_ACI_IDENTIF,1,21.39
user_012,G7_S5_ACI_IDENTIF,1,18.09
user_012,G7_S5_ACI_IDENTIF,1,14.39
user_012,G7_S5_ACI_IDENTIF,1,14.31
user_012,G7_S5_ACI_IDENTIF,1,13.8
user_012,G7_S5_ACI_IDENTIF,1,12.44
user_012,G7_S5_ACI_IDENTIF,1,14.44
user_012,G7_S5_ACI_IDENTIF,1,13.55
user_012,G7_S5_ACI_IDENTIF,0,10.07
user_012,G7_S5_ACI_IDENTIF,1,13.18
user_012,G7_S5_ACI_IDENTIF,1,10.46
user_012,G7_S5_ACI_IDENTIF,1,10.24
user_012,G7_S5_ACI_INDICAT,0,23.6
user_012,G7_S5_ACI_INDICAT,0,21.28
user_012,G7_S5_ACI_INDICAT,0,22.71
user_012,G7_S5_ACI_INDICAT,0,18.63
user_012,G7_S5_ACI_INDICAT,0,18.5
user_012,G7_S5_ACI_INDICAT,0,20.88
user_012,G7_S5_ACI_INDICAT,0,23.24
user_012,G7_S5_ACI_INDICAT,1,24.51
user_012,G7_S5_ACI_INDICAT,1,21.72
user_012,G7_S5_ACI_INDICAT,1,15.96
user_012,G7_S5_ACI_INDICAT,1,12.08
user_012,G7_S5_ACI_INDICAT,1,6.9
user_012,G7_S6_ANI_CLASSIF,0,26.89
user_012,G7_S6_ANI_CLASSIF,0,20.71
user_012,G7_S6_ANI_CLASSIF,1,19.52
user_012,G7_S6_ANI_CLASSIF,0,16.69
user_012,G7_S6_ANI_CLASSIF,0,25.74
user_012,G7_S6_ANI_CLASSIF,0,18.08
user_012,G7_S6_ANI_CLASSIF,0,20.51
user_012,G7_S6_ANI_CLASSIF,0,19.62
user_012,G7_S6_ANI_CLASSIF,1,20.61
user_012,G7_S6_ANI_CLASSIF,1,17.6
user_012,G7_S6_ANI_CLASSIF,1,13.63
user_012,G7_S6_ANI_CLASSIF,1,10.9
user_012,G7_S6_ANI_ADAPTAT,0,22.5
user_012,G7_S6_ANI_ADAPTAT,1,25.05
user_012,G7_S6_ANI_ADAPTAT,1,15.17
user_012,G7_S6_ANI_ADAPTAT,0,15.22
user_012,G7_S6_ANI_ADAPTAT,0,20.05
user_012,G7_S6_ANI_ADAPTAT,1,25.82
user_012,G7_S6_ANI_ADAPTAT,0,16.11
user_012,G7_S6_ANI_ADAPTAT,1,20.23
user_012,G7_S6_ANI_ADAPTAT,0,17.67
user_012,G7_S6_ANI_ADAPTAT,0,17.49
user_012,G7_S6_ANI_ADAPTAT,1,17.71
user_012,G7_S6_ANI_ADAPTAT,0,19.82
user_012,G7_S7_ENE_FORMS,0,22.18
user_012,G7_S7_ENE_FORMS,1,23.51
user_012,G7_S7_ENE_FORMS,1,18.78
user_012,G7_S7_ENE_FORMS,1,20.2
user_012,G7_S7_ENE_FORMS,1,11.95
user_012,G7_S7_ENE_FORMS,1,12.46
user_012,G7_S7_ENE_FORMS,0,10.78
user_012,G7_S7_ENE_FORMS,1,16.18
user_012,G7_S7_ENE_FORMS,0,12.59
user_012,G7_S7_ENE_FORMS,0,15.93
user_012,G7_S7_ENE_FORMS,0,22.29
user_012,G7_S7_ENE_FORMS,1,23.93
user_012,G7_S7_ENE_TRANSF,0,23.58
user_012,G7_S7_ENE_TRANSF,1,20.03
user_012,G7_S7_ENE_TRANSF,0,18.32
user_012,G7_S7_ENE_TRANSF,0,24.96
user_012,G7_S7_ENE_TRANSF,0,24.53
user_012,G7_S7_ENE_TRANSF,0,20.47
user_012,G7_S7_ENE_TRANSF,0,21.43
user_012,G7_S7_ENE_TRANSF,0,23.73
user_012,G7_S7_ENE_TRANSF,0,20.39
user_012,G7_S7_ENE_TRANSF,1,24.47
user_012,G7_S7_ENE_TRANSF,0,18.06
user_012,G7_S7_ENE_TRANSF,0,22.47
user_012,G7_S8_EAR_STRUCT,0,25.71
user_012,G7_S8_EAR_STRUCT,1,22.2
user_012,G7_S8_EAR_STRUCT,1,16.01
user_012,G7_S8_EAR_STRUCT,1,18.88
user_012,G7_S8_EAR_STRUCT,1,14.38
user_012,G7_S8_EAR_STRUCT,1,9.73
user_012,G7_S8_EAR_STRUCT,1,12.89
user_012,G7_S8_EAR_STRUCT,1,10.92
user_012,G7_S8_EAR_STRUCT,1,16.02
user_012,G7_S8_EAR_STRUCT,1,9.27
user_012,G7_S8_EAR_STRUCT,1,8.45
user_012,G7_S8_EAR_STRUCT,1,10.2
user_012,G7_S8_EAR_TECTON,0,21.3
user_012,G7_S8_EAR_TECTON,0,22.72
user_012,G7_S8_EAR_TECTON,0,20.14
user_012,G7_S8_EAR_TECTON,1,19.15
user_012,G7_S8_EAR_TECTON,0,17.67
user_012,G7_S8_EAR_TECTON,0,21.79
user_012,G7_S8_EAR_TECTON,0,23.08
user_012,G7_S8_EAR_TECTON,1,25.48
user_012,G7_S8_EAR_TECTON,0,18.04
user_012,G7_S8_EAR_TECTON,1,22.16
user_012,G7_S8_EAR_TECTON,1,16.66
user_012,G7_S8_EAR_TECTON,1,14.22
user_012,G7_S9_LIG_SHADOWS,0,19.0
user_012,G7_S9_LIG_SHADOWS,0,22.94
user_012,G7_S9_LIG_SHADOWS,1,19.22
user_012,G7_S9_LIG_SHADOWS,1,15.17
user_012,G7_S9_LIG_SHADOWS,1,12.5
user_012,G7_S9_LIG_SHADOWS,1,13.11
user_012,G7_S9_LIG_SHADOWS,1,11.72
user_012,G7_S9_LIG_SHADOWS,1,9.58
user_012,G7_S9_LIG_SHADOWS,1,15.76
user_012,G7_S9_LIG_SHADOWS,0,10.31
user_012,G7_S9_LIG_SHADOWS,1,10.53
user_012,G7_S9_LIG_SHADOWS,1,9.63
user_012,G7_S9_LIG_MIRRORS,0,19.63
user_012,G7_S9_LIG_MIRRORS,0,23.13
user_012,G7_S9_LIG_MIRRORS,0,17.59
user_012,G7_S9_LIG_MIRRORS,0,23.68
user_012,G7_S9_LIG_MIRRORS,0,25.57
user_012,G7_S9_LIG_MIRRORS,1,24.79
user_012,G7_S9_LIG_MIRRORS,1,17.68
user_012,G7_S9_LIG_MIRRORS,1,18.82
user_012,G7_S9_LIG_MIRRORS,1,14.25
user_012,G7_S9_LIG_MIRRORS,1,14.01
user_012,G7_S9_LIG_MIRRORS,1,13.56
user_012,G7_S9_LIG_MIRRORS,1,12.01
user_012,G7_S10_MIC_LIGHT,1,23.33
user_012,G7_S10_MIC_LIGHT,0,14.3
user_012,G7_S10_MIC_LIGHT,0,25.12
user_012,G7_S10_MIC_LIGHT,0,21.48
user_012,G7_S10_MIC_LIGHT,1,22.18
user_012,G7_S10_MIC_LIGHT,0,14.67
user_012,G7_S10_MIC_LIGHT,1,20.09
user_012,G7_S10_MIC_LIGHT,1,14.33
user_012,G7_S10_MIC_LIGHT,1,13.15
user_012,G7_S10_MIC_LIGHT,1,12.47
user_012,G7_S10_MIC_LIGHT,0,13.63
user_012,G7_S10_MIC_LIGHT,1,15.16
user_012,G7_S10_MIC_ELECTR,0,20.55
user_012,G7_S10_MIC_ELECTR,0,24.1
user_012,G7_S10_MIC_ELECTR,0,22.3
user_012,G7_S10_MIC_ELECTR,0,22.73
user_012,G7_S10_MIC_ELECTR,0,22.29
user_012,G7_S10_MIC_ELECTR,0,21.66
user_012,G7_S10_MIC_ELECTR,0,20.18
user_012,G7_S10_MIC_ELECTR,1,23.26
user_012,G7_S10_MIC_ELECTR,1,17.05
user_012,G7_S10_MIC_ELECTR,1,13.98
user_012,G7_S10_MIC_ELECTR,1,11.35
user_012,G7_S10_MIC_ELECTR,1,6.16
user_012,G8_S1_BIO_DIVER,0,23.32
user_012,G8_S1_BIO_DIVER,1,22.39
user_012,G8_S1_BIO_DIVER,1,15.35
user_012,G8_S1_BIO_DIVER,1,10.44
user_012,G8_S1_BIO_DIVER,1,15.82
user_012,G8_S1_BIO_DIVER,1,8.95
user_012,G8_S1_BIO_DIVER,1,12.87
user_012,G8_S1_BIO_DIVER,1,15.89
user_012,G8_S1_BIO_DIVER,1,14.51
user_012,G8_S1_BIO_DIVER,0,14.5
user_012,G8_S1_BIO_DIVER,1,7.67
user_012,G8_S1_BIO_DIVER,1,12.49
user_012,G8_S1_BIO_CLASSIF,0,23.22
user_012,G8_S1_BIO_CLASSIF,1,20.86
user_012,G8_S1_BIO_CLASSIF,1,13.79
user_012,G8_S1_BIO_CLASSIF,1,6.04
user_012,G8_S1_BIO_CLASSIF,1,13.28
user_012,G8_S1_BIO_CLASSIF,1,13.79
user_012,G8_S1_BIO_CLASSIF,1,13.1
user_012,G8_S1_BIO_CLASSIF,1,10.59
user_012,G8_S1_BIO_CLASSIF,1,8.28
user_012,G8_S1_BIO_CLASSIF,1,10.75
user_012,G8_S1_BIO_CLASSIF,1,12.69
user_012,G8_S1_BIO_CLASSIF,0,12.28
user_012,G8_S2_TIS_PLANT,0,20.57
user_012,G8_S2_TIS_PLANT,0,21.88
user_012,G8_S2_TIS_PLANT,0,23.53
user_012,G8_S2_TIS_PLANT,0,23.1
user_012,G8_S2_TIS_PLANT,0,17.97
user_012,G8_S2_TIS_PLANT,0,21.87
user_012,G8_S2_TIS_PLANT,0,22.69
user_012,G8_S2_TIS_PLANT,0,22.81
user_012,G8_S2_TIS_PLANT,0,21.58
user_012,G8_S2_TIS_PLANT,1,19.77
user_012,G8_S2_TIS_PLANT,1,16.03
user_012,G8_S2_TIS_PLANT,1,14.21
user_012,G8_S2_TIS_ANIMAL,1,22.27
user_012,G8_S2_TIS_ANIMAL,0,18.46
user_012,G8_S2_TIS_ANIMAL,1,19.21
user_012,G8_S2_TIS_ANIMAL,1,17.09
user_012,G8_S2_TIS_ANIMAL,0,16.1
user_012,G8_S2_TIS_ANIMAL,1,21.75
user_012,G8_S2_TIS_ANIMAL,1,16.25
user_012,G8_S2_TIS_ANIMAL,1,15.86
user_012,G8_S2_TIS_ANIMAL,1,10.21
user_012,G8_S2_TIS_ANIMAL,1,13.41
user_012,G8_S2_TIS_ANIMAL,1,12.38
user_012,G8_S2_TIS_ANIMAL,1,12.35
user_012,G8_S3_PHO_PROCESS,0,22.72
user_012,G8_S3_PHO_PROCESS,0,20.97
user_012,G8_S3_PHO_PROCESS,0,24.48
user_012,G8_S3_PHO_PROCESS,1,20.99
user_012,G8_S3_PHO_PROCESS,1,14.91
user_012,G8_S3_PHO_PROCESS,1,17.32
user_012,G8_S3_PHO_PROCESS,1,8.34
user_012,G8_S3_PHO_PROCESS,1,11.62
user_012,G8_S3_PHO_PROCESS,1,18.76
user_012,G8_S3_PHO_PROCESS,1,13.51
user_012,G8_S3_PHO_PROCESS,1,11.36
user_012,G8_S3_PHO_PROCESS,1,14.15
user_012,G8_S3_PHO_IMPORT,0,21.82
user_012,G8_S3_PHO_IMPORT,0,21.33
user_012,G8_S3_PHO_IMPORT,0,23.47
user_012,G8_S3_PHO_IMPORT,1,23.48
user_012,G8_S3_PHO_IMPORT,0,16.2
user_012,G8_S3_PHO_IMPORT,0,19.73
user_012,G8_S3_PHO_IMPORT,1,21.11
user_012,G8_S3_PHO_IMPORT,0,14.54
user_012,G8_S3_PHO_IMPORT,0,21.13
user_012,G8_S3_PHO_IMPORT,1,22.16
user_012,G8_S3_PHO_IMPORT,0,22.3
user_012,G8_S3_PHO_IMPORT,1,22.83
user_012,G8_S4_MAT_ELEMENTS,0,17.25
user_012,G8_S4_MAT_ELEMENTS,0,22.29
user_012,G8_S4_MAT_ELEMENTS,0,24.81
user_012,G8_S4_MAT_ELEMENTS,0,17.43
user_012,G8_S4_MAT_ELEMENTS,0,25.83
user_012,G8_S4_MAT_ELEMENTS,0,22.19
user_012,G8_S4_MAT_ELEMENTS,1,19.33
user_012,G8_S4_MAT_ELEMENTS,0,15.98
user_012,G8_S4_MAT_ELEMENTS,0,19.99
user_012,G8_S4_MAT_ELEMENTS,0,21.67
user_012,G8_S4_MAT_ELEMENTS,0,23.76
user_012,G8_S4_MAT_ELEMENTS,0,23.39
user_012,G8_S4_MAT_COMPOUNDS,1,19.74
user_012,G8_S4_MAT_COMPOUNDS,1,17.16
user_012,G8_S4_MAT_COMPOUNDS,1,12.79
user_012,G8_S4_MAT_COMPOUNDS,1,13.79
user_012,G8_S4_MAT_COMPOUNDS,0,10.64
user_012,G8_S4_MAT_COMPOUNDS,1,10.86
user_012,G8_S4_MAT_COMPOUNDS,0,15.08
user_012,G8_S4_MAT_COMPOUNDS,1,15.15
user_012,G8_S4_MAT_COMPOUNDS,1,14.1
user_012,G8_S4_MAT_COMPOUNDS,1,11.53
user_012,G8_S4_MAT_COMPOUNDS,0,11.88
user_012,G8_S4_MAT_COMPOUNDS,1,13.04
user_012,G8_S5_MAT_DENSITY,0,22.88
user_012,G8_S5_MAT_DENSITY,1,19.36
user_012,G8_S5_MAT_DENSITY,1,18.91
user_012,G8_S5_MAT_DENSITY,1,14.22
user_012,G8_S5_MAT_DENSITY,1,13.59
user_012,G8_S5_MAT_DENSITY,1,9.02
user_012,G8_S5_MAT_DENSITY,0,17.46
user_012,G8_S5_MAT_DENSITY,1,10.62
user_012,G8_S5_MAT_DENSITY,1,10.68
user_012,G8_S5_MAT_DENSITY,1,8.51
user_012,G8_S5_MAT_DENSITY,1,15.28
user_012,G8_S5_MAT_DENSITY,1,9.39
user_012,G8_S5_MAT_THERMAL,1,26.61
user_012,G8_S5_MAT_THERMAL,0,22.09
user_012,G8_S5_MAT_THERMAL,0,18.13
user_012,G8_S5_MAT_THERMAL,0,21.41
user_012,G8_S5_MAT_THERMAL,0,17.9
user_012,G8_S5_MAT_THERMAL,0,22.09
user_012,G8_S5_MAT_THERMAL,0,26.9
user_012,G8_S5_MAT_THERMAL,1,20.1
user_012,G8_S5_MAT_THERMAL,1,19.04
user_012,G8_S5_MAT_THERMAL,0,12.55
user_012,G8_S5_MAT_THERMAL,1,14.54
user_012,G8_S5_MAT_THERMAL,1,15.63
user_012,G8_S6_CHA_PHYSICAL,0,19.04
user_012,G8_S6_CHA_PHYSICAL,1,22.1
user_012,G8_S6_CHA_PHYSICAL,1,19.15
user_012,G8_S6_CHA_PHYSICAL,1,12.9
user_012,G8_S6_CHA_PHYSICAL,1,11.81
user_012,G8_S6_CHA_PHYSICAL,1,12.51
user_012,G8_S6_CHA_PHYSICAL,1,11.46
user_012,G8_S6_CHA_PHYSICAL,1,12.86
user_012,G8_S6_CHA_PHYSICAL,1,11.56
user_012,G8_S6_CHA_PHYSICAL,1,11.35
user_012,G8_S6_CHA_PHYSICAL,1,10.69
user_012,G8_S6_CHA_PHYSICAL,1,9.31
user_012,G8_S6_CHA_BURNING,0,17.0
user_012,G8_S6_CHA_BURNING,1,24.58
user_012,G8_S6_CHA_BURNING,0,14.28
user_012,G8_S6_CHA_BURNING,0,25.13
user_012,G8_S6_CHA_BURNING,0,21.77
user_012,G8_S6_CHA_BURNING,1,21.6
user_012,G8_S6_CHA_BURNING,1,18.48
user_012,G8_S6_CHA_BURNING,0,13.43
user_012,G8_S6_CHA_BURNING,0,17.75
user_012,G8_S6_CHA_BURNING,1,22.83
user_012,G8_S6_CHA_BURNING,0,17.26
user_012,G8_S6_CHA_BURNING,1,20.18
user_012,G8_S7_FOR_TYPES,0,20.5
user_012,G8_S7_FOR_TYPES,0,19.42
user_012,G8_S7_FOR_TYPES,0,26.69
user_012,G8_S7_FOR_TYPES,0,25.82
user_012,G8_S7_FOR_TYPES,0,20.5
user_012,G8_S7_FOR_TYPES,1,19.48
user_012,G8_S7_FOR_TYPES,0,22.09
user_012,G8_S7_FOR_TYPES,0,18.0
user_012,G8_S7_FOR_TYPES,1,20.46
user_012,G8_S7_FOR_TYPES,1,16.34
user_012,G8_S7_FOR_TYPES,1,13.39
user_012,G8_S7_FOR_TYPES,1,12.13
user_012,G8_S7_FOR_PRESSURE,1,21.95
user_012,G8_S7_FOR_PRESSURE,1,17.51
user_012,G8_S7_FOR_PRESSURE,1,18.12
user_012,G8_S7_FOR_PRESSURE,1,17.87
user_012,G8_S7_FOR_PRESSURE,1,13.37
user_012,G8_S7_FOR_PRESSURE,1,10.0
user_012,G8_S7_FOR_PRESSURE,1,9.02
user_012,G8_S7_FOR_PRESSURE,1,12.11
user_012,G8_S7_FOR_PRESSURE,1,9.26
user_012,G8_S7_FOR_PRESSURE,1,11.52
user_012,G8_S7_FOR_PRESSURE,1,13.11
user_012,G8_S7_FOR_PRESSURE,1,11.26
user_012,G8_S8_STA_PHENOM,0,25.61
user_012,G8_S8_STA_PHENOM,0,21.82
user_012,G8_S8_STA_PHENOM,0,19.17
user_012,G8_S8_STA_PHENOM,1,23.7
user_012,G8_S8_STA_PHENOM,1,19.42
user_012,G8_S8_STA_PHENOM,1,19.03
user_012,G8_S8_STA_PHENOM,1,12.51
user_012,G8_S8_STA_PHENOM,1,10.11
user_012,G8_S8_STA_PHENOM,1,15.65
user_012,G8_S8_STA_PHENOM,0,4.19
user_012,G8_S8_STA_PHENOM,1,14.17
user_012,G8_S8_STA_PHENOM,1,13.38
user_012,G8_S8_STA_LIGHTNG,0,17.93
user_012,G8_S8_STA_LIGHTNG,1,27.95
user_012,G8_S8_STA_LIGHTNG,1,17.09
user_012,G8_S8_STA_LIGHTNG,1,13.72
user_012,G8_S8_STA_LIGHTNG,1,14.02
user_012,G8_S8_STA_LIGHTNG,1,12.44
user_012,G8_S8_STA_LIGHTNG,1,11.74
user_012,G8_S8_STA_LIGHTNG,1,13.42
user_012,G8_S8_STA_LIGHTNG,1,11.9
user_012,G8_S8_STA_LIGHTNG,1,12.7
user_012,G8_S8_STA_LIGHTNG,1,15.21
user_012,G8_S8_STA_LIGHTNG,1,12.7
user_012,G9_S1_SYS_DIGEST,1,21.71
user_012,G9_S1_SYS_DIGEST,0,15.31
user_012,G9_S1_SYS_DIGEST,0,21.4
user_012,G9_S1_SYS_DIGEST,1,20.84
user_012,G9_S1_SYS_DIGEST,1,18.79
user_012,G9_S1_SYS_DIGEST,1,11.84
user_012,G9_S1_SYS_DIGEST,0,12.63
user_012,G9_S1_SYS_DIGEST,1,11.99
user_012,G9_S1_SYS_DIGEST,1,14.79
user_012,G9_S1_SYS_DIGEST,1,13.32
user_012,G9_S1_SYS_DIGEST,1,16.57
user_012,G9_S1_SYS_DIGEST,1,12.1
user_012,G9_S1_SYS_CIRCUL,0,24.55
user_012,G9_S1_SYS_CIRCUL,0,20.7
user_012,G9_S1_SYS_CIRCUL,0,20.18
user_012,G9_S1_SYS_CIRCUL,0,20.41
user_012,G9_S1_SYS_CIRCUL,1,24.79
user_012,G9_S1_SYS_CIRCUL,0,17.26
user_012,G9_S1_SYS_CIRCUL,0,23.93
user_012,G9_S1_SYS_CIRCUL,0,21.36
user_012,G9_S1_SYS_CIRCUL,0,24.25
user_012,G9_S1_SYS_CIRCUL,1,23.58
user_012,G9_S1_SYS_CIRCUL,1,17.01
user_012,G9_S1_SYS_CIRCUL,1,12.52
user_012,G9_S2_RHY_EARTH,0,21.25
user_012,G9_S2_RHY_EARTH,0,21.42
user_012,G9_S2_RHY_EARTH,0,19.88
user_012,G9_S2_RHY_EARTH,0,25.12
user_012,G9_S2_RHY_EARTH,0,21.74
user_012,G9_S2_RHY_EARTH,1,23.02
user_012,G9_S2_RHY_EARTH,0,21.81
user_012,G9_S2_RHY_EARTH,0,22.84
user_012,G9_S2_RHY_EARTH,0,22.66
user_012,G9_S2_RHY_EARTH,0,20.72
user_012,G9_S2_RHY_EARTH,0,21.96
user_012,G9_S2_RHY_EARTH,0,21.08
user_012,G9_S2_RHY_CLIMATE,1,21.04
user_012,G9_S2_RHY_CLIMATE,1,18.35
user_012,G9_S2_RHY_CLIMATE,1,11.46
user_012,G9_S2_RHY_CLIMATE,1,10.88
user_012,G9_S2_RHY_CLIMATE,1,9.24
user_012,G9_S2_RHY_CLIMATE,1,11.61
user_012,G9_S2_RHY_CLIMATE,1,10.52
user_012,G9_S2_RHY_CLIMATE,1,13.8
user_012,G9_S2_RHY_CLIMATE,1,11.98
user_012,G9_S2_RHY_CLIMATE,1,9.11
user_012,G9_S2_RHY_CLIMATE,1,16.19
user_012,G9_S2_RHY_CLIMATE,1,13.47
user_012,G9_S3_LIG_REFRAC,1,22.13
user_012,G9_S3_LIG_REFRAC,1,14.41
user_012,G9_S3_LIG_REFRAC,1,13.16
user_012,G9_S3_LIG_REFRAC,1,10.11
user_012,G9_S3_LIG_REFRAC,1,12.58
user_012,G9_S3_LIG_REFRAC,1,10.13
user_012,G9_S3_LIG_REFRAC,1,12.99
user_012,G9_S3_LIG_REFRAC,1,7.88
user_012,G9_S3_LIG_REFRAC,1,13.58
user_012,G9_S3_LIG_REFRAC,1,10.34
user_012,G9_S3_LIG_REFRAC,1,13.12
user_012,G9_S3_LIG_REFRAC,1,7.53
user_012,G9_S3_LIG_LENSES,0,21.36
user_012,G9_S3_LIG_LENSES,0,21.38
user_012,G9_S3_LIG_LENSES,1,20.89
user_012,G9_S3_LIG_LENSES,1,17.89
user_012,G9_S3_LIG_LENSES,1,14.77
user_012,G9_S3_LIG_LENSES,1,12.07
user_012,G9_S3_LIG_LENSES,1,10.85
user_012,G9_S3_LIG_LENSES,1,18.21
user_012,G9_S3_LIG_LENSES,1,14.92
user_012,G9_S3_LIG_LENSES,1,9.67
user_012,G9_S3_LIG_LENSES,1,12.46
user_012,G9_S3_LIG_LENSES,1,8.87
user_012,G9_S4_SOU_PROPAG,1,23.28
user_012,G9_S4_SOU_PROPAG,1,21.52
user_012,G9_S4_SOU_PROPAG,1,17.66
user_012,G9_S4_SOU_PROPAG,0,12.64
user_012,G9_S4_SOU_PROPAG,1,13.38
user_012,G9_S4_SOU_PROPAG,1,13.26
user_012,G9_S4_SOU_PROPAG,1,13.02
user_012,G9_S4_SOU_PROPAG,1,12.25
user_012,G9_S4_SOU_PROPAG,1,9.21
user_012,G9_S4_SOU_PROPAG,0,14.48
user_012,G9_S4_SOU_PROPAG,1,13.94
user_012,G9_S4_SOU_PROPAG,1,11.35
user_012,G9_S4_SOU_HEARING,0,17.65
user_012,G9_S4_SOU_HEARING,1,23.6
user_012,G9_S4_SOU_HEARING,0,9.91
user_012,G9_S4_SOU_HEARING,0,23.41
user_012,G9_S4_SOU_HEARING,1,24.26
user_012,G9_S4_SOU_HEARING,1,20.71
user_012,G9_S4_SOU_HEARING,1,13.94
user_012,G9_S4_SOU_HEARING,1,11.94
user_012,G9_S4_SOU_HEARING,1,12.34
user_012,G9_S4_SOU_HEARING,1,9.41
user_012,G9_S4_SOU_HEARING,1,10.13
user_012,G9_S4_SOU_HEARING,1,10.89
user_012,G9_S5_HEA_EXPANS,1,15.51
user_012,G9_S5_HEA_EXPANS,0,15.48
user_012,G9_S5_HEA_EXPANS,1,20.84
user_012,G9_S5_HEA_EXPANS,1,19.87
user_012,G9_S5_HEA_EXPANS,1,10.11
user_012,G9_S5_HEA_EXPANS,1,11.21
user_012,G9_S5_HEA_EXPANS,1,9.68
user_012,G9_S5_HEA_EXPANS,0,15.25
user_012,G9_S5_HEA_EXPANS,1,12.05
user_012,G9_S5_HEA_EXPANS,1,10.16
user_012,G9_S5_HEA_EXPANS,1,10.97
user_012,G9_S5_HEA_EXPANS,1,10.39
user_012,G9_S5_HEA_TRANSF,1,22.46
user_012,G9_S5_HEA_TRANSF,0,16.13
user_012,G9_S5_HEA_TRANSF,1,20.16
user_012,G9_S5_HEA_TRANSF,0,13.39
user_012,G9_S5_HEA_TRANSF,0,19.63
user_012,G9_S5_HEA_TRANSF,0,15.3
user_012,G9_S5_HEA_TRANSF,0,22.61
user_012,G9_S5_HEA_TRANSF,0,21.33
user_012,G9_S5_HEA_TRANSF,0,22.43
user_012,G9_S5_HEA_TRANSF,0,20.49
user_012,G9_S5_HEA_TRANSF,0,22.13
user_012,G9_S5_HEA_TRANSF,1,19.49
user_012,G9_S6_NAT_ATOMS,0,19.4
user_012,G9_S6_NAT_ATOMS,1,21.43
user_012,G9_S6_NAT_ATOMS,1,13.72
user_012,G9_S6_NAT_ATOMS,1,14.11
user_012,G9_S6_NAT_ATOMS,1,14.26
user_012,G9_S6_NAT_ATOMS,1,9.49
user_012,G9_S6_NAT_ATOMS,1,14.22
user_012,G9_S6_NAT_ATOMS,1,12.7
user_012,G9_S6_NAT_ATOMS,1,8.84
user_012,G9_S6_NAT_ATOMS,1,9.45
user_012,G9_S6_NAT_ATOMS,1,10.8
user_012,G9_S6_NAT_ATOMS,1,12.12
user_012,G9_S6_NAT_CONFIG,1,24.46
user_012,G9_S6_NAT_CONFIG,1,13.33
user_012,G9_S6_NAT_CONFIG,0,16.66
user_012,G9_S6_NAT_CONFIG,0,14.15
user_012,G9_S6_NAT_CONFIG,0,20.04
user_012,G9_S6_NAT_CONFIG,0,19.43
user_012,G9_S6_NAT_CONFIG,1,25.91
user_012,G9_S6_NAT_CONFIG,1,15.49
user_012,G9_S6_NAT_CONFIG,1,14.14
user_012,G9_S6_NAT_CONFIG,0,18.06
user_012,G9_S6_NAT_CONFIG,1,10.71
user_012,G9_S6_NAT_CONFIG,1,14.82
user_012,G9_S7_ACI_SALTS,0,21.04
user_012,G9_S7_ACI_SALTS,0,22.92
user_012,G9_S7_ACI_SALTS,1,21.47
user_012,G9_S7_ACI_SALTS,1,15.98
user_012,G9_S7_ACI_SALTS,1,15.3
user_012,G9_S7_ACI_SALTS,1,8.83
user_012,G9_S7_ACI_SALTS,1,11.33
user_012,G9_S7_ACI_SALTS,1,11.47
user_012,G9_S7_ACI_SALTS,1,9.59
user_012,G9_S7_ACI_SALTS,1,8.03
user_012,G9_S7_ACI_SALTS,1,9.86
user_012,G9_S7_ACI_SALTS,1,11.12
user_012,G9_S7_ACI_NEUTRAL,0,24.42
user_012,G9_S7_ACI_NEUTRAL,0,26.43
user_012,G9_S7_ACI_NEUTRAL,1,24.45
user_012,G9_S7_ACI_NEUTRAL,0,18.31
user_012,G9_S7_ACI_NEUTRAL,1,19.87
user_012,G9_S7_ACI_NEUTRAL,1,17.71
user_012,G9_S7_ACI_NEUTRAL,1,13.4
user_012,G9_S7_ACI_NEUTRAL,1,13.02
user_012,G9_S7_ACI_NEUTRAL,1,8.99
user_012,G9_S7_ACI_NEUTRAL,1,9.87
user_012,G9_S7_ACI_NEUTRAL,1,11.58
user_012,G9_S7_ACI_NEUTRAL,1,17.32
user_013,G6_S1_ORG_CHARS,0,21.03
user_013,G6_S1_ORG_CHARS,1,22.1
user_013,G6_S1_ORG_CHARS,0,25.16
user_013,G6_S1_ORG_CHARS,0,26.6
user_013,G6_S1_ORG_CHARS,0,20.53
user_013,G6_S1_ORG_CHARS,0,22.94
user_013,G6_S1_ORG_CHARS,0,16.67
user_013,G6_S1_ORG_CHARS,0,20.15
user_013,G6_S1_ORG_CHARS,0,25.95
user_013,G6_S1_ORG_CHARS,0,23.91
user_013,G6_S1_ORG_CHARS,1,26.14
user_013,G6_S1_ORG_CHARS,1,23.11
user_013,G6_S1_ORG_CLASS,1,22.56
user_013,G6_S1_ORG_CLASS,0,17.77
user_013,G6_S1_ORG_CLASS,0,21.05
user_013,G6_S1_ORG_CLASS,0,23.32
user_013,G6_S1_ORG_CLASS,0,20.49
user_013,G6_S1_ORG_CLASS,0,20.29
user_013,G6_S1_ORG_CLASS,0,20.57
user_013,G6_S1_ORG_CLASS,1,23.21
user_013,G6_S1_ORG_CLASS,1,18.84
user_013,G6_S1_ORG_CLASS,0,17.12
user_013,G6_S1_ORG_CLASS,1,22.15
user_013,G6_S1_ORG_CLASS,1,15.01
user_013,G6_S2_MAT_STATES,0,20.21
user_013,G6_S2_MAT_STATES,1,19.95
user_013,G6_S2_MAT_STATES,0,22.52
user_013,G6_S2_MAT_STATES,0,22.99
user_013,G6_S2_MAT_STATES,0,24.84
user_013,G6_S2_MAT_STATES,1,20.11
user_013,G6_S2_MAT_STATES,1,22.2
user_013,G6_S2_MAT_STATES,0,13.85
user_013,G6_S2_MAT_STATES,0,22.11
user_013,G6_S2_MAT_STATES,0,22.71
user_013,G6_S2_MAT_STATES,1,24.0
user_013,G6_S2_MAT_STATES,1,17.84
user_013,G6_S2_MAT_PROPS,1,24.53
user_013,G6_S2_MAT_PROPS,0,13.77
user_013,G6_S2_MAT_PROPS,0,21.55
user_013,G6_S2_MAT_PROPS,1,23.25
user_013,G6_S2_MAT_PROPS,0,14.33
user_013,G6_S2_MAT_PROPS,0,25.15
user_013,G6_S2_MAT_PROPS,0,23.23
user_013,G6_S2_MAT_PROPS,0,23.14
user_013,G6_S2_MAT_PROPS,0,22.62
user_013,G6_S2_MAT_PROPS,1,23.9
user_013,G6_S2_MAT_PROPS,0,22.06
user_013,G6_S2_MAT_PROPS,1,22.57
user_013,G6_S4_ENE_SOURCES,0,21.16
user_013,G6_S4_ENE_SOURCES,0,22.61
user_013,G6_S4_ENE_SOURCES,0,19.48
user_013,G6_S4_ENE_SOURCES,0,20.7
user_013,G6_S4_ENE_SOURCES,0,27.06
user_013,G6_S4_ENE_SOURCES,0,23.34
user_013,G6_S4_ENE_SOURCES,0,21.03
user_013,G6_S4_ENE_SOURCES,1,22.35
user_013,G6_S4_ENE_SOURCES,0,16.71
user_013,G6_S4_ENE_SOURCES,1,21.25
user_013,G6_S4_ENE_SOURCES,0,19.69
user_013,G6_S4_ENE_SOURCES,0,19.66
user_013,G6_S8_ELE_CIRCUITS,0,18.85
user_013,G6_S8_ELE_CIRCUITS,1,22.36
user_013,G6_S8_ELE_CIRCUITS,0,17.72
user_013,G6_S8_ELE_CIRCUITS,0,19.05
user_013,G6_S8_ELE_CIRCUITS,1,27.03
user_013,G6_S8_ELE_CIRCUITS,1,19.95
user_013,G6_S8_ELE_CIRCUITS,1,16.35
user_013,G6_S8_ELE_CIRCUITS,0,10.12
user_013,G6_S8_ELE_CIRCUITS,1,14.75
user_013,G6_S8_ELE_CIRCUITS,0,12.35
user_013,G6_S8_ELE_CIRCUITS,1,19.89
user_013,G6_S8_ELE_CIRCUITS,1,10.69
user_013,G6_S8_ELE_CONDINS,0,20.09
user_013,G6_S8_ELE_CONDINS,0,20.55
user_013,G6_S8_ELE_CONDINS,1,29.52
user_013,G6_S8_ELE_CONDINS,0,19.56
user_013,G6_S8_ELE_CONDINS,1,27.2
user_013,G6_S8_ELE_CONDINS,1,15.99
user_013,G6_S8_ELE_CONDINS,1,15.96
user_013,G6_S8_ELE_CONDINS,1,13.56
user_013,G6_S8_ELE_CONDINS,1,14.75
user_013,G6_S8_ELE_CONDINS,1,11.44
user_013,G6_S8_ELE_CONDINS,1,11.52
user_013,G6_S8_ELE_CONDINS,1,10.99
user_013,G7_S1_PLA_DIVER,0,22.46
user_013,G7_S1_PLA_DIVER,0,21.7
user_013,G7_S1_PLA_DIVER,0,21.0
user_013,G7_S1_PLA_DIVER,0,22.24
user_013,G7_S1_PLA_DIVER,0,25.25
user_013,G7_S1_PLA_DIVER,1,21.92
user_013,G7_S1_PLA_DIVER,1,22.05
user_013,G7_S1_PLA_DIVER,1,15.26
user_013,G7_S1_PLA_DIVER,1,15.31
user_013,G7_S1_PLA_DIVER,0,7.92
user_013,G7_S1_PLA_DIVER,1,14.58
user_013,G7_S1_PLA_DIVER,1,11.09
user_013,G7_S1_PLA_CLASSIF,0,21.09
user_013,G7_S1_PLA_CLASSIF,0,24.42
user_013,G7_S1_PLA_CLASSIF,0,21.1
user_013,G7_S1_PLA_CLASSIF,1,26.65
user_013,G7_S1_PLA_CLASSIF,0,22.26
user_013,G7_S1_PLA_CLASSIF,0,25.76
user_013,G7_S1_PLA_CLASSIF,0,22.65
user_013,G7_S1_PLA_CLASSIF,0,22.41
user_013,G7_S1_PLA_CLASSIF,1,18.46
user_013,G7_S1_PLA_CLASSIF,0,22.58
user_013,G7_S1_PLA_CLASSIF,0,24.7
user_013,G7_S1_PLA_CLASSIF,1,21.95
user_013,G7_S2_STA_CHARGES,1,23.79
user_013,G7_S2_STA_CHARGES,1,16.7
user_013,G7_S2_STA_CHARGES,1,13.18
user_013,G7_S2_STA_CHARGES,1,12.35
user_013,G7_S2_STA_CHARGES,1,13.47
user_013,G7_S2_STA_CHARGES,1,12.27
user_013,G7_S2_STA_CHARGES,0,12.8
user_013,G7_S2_STA_CHARGES,1,12.71
user_013,G7_S2_STA_CHARGES,1,12.82
user_013,G7_S2_STA_CHARGES,1,13.62
user_013,G7_S2_STA_CHARGES,1,17.19
user_013,G7_S2_STA_CHARGES,1,9.98
user_013,G7_S2_STA_CAPACIT,0,21.4
user_013,G7_S2_STA_CAPACIT,0,22.81
user_013,G7_S2_STA_CAPACIT,0,20.93
user_013,G7_S2_STA_CAPACIT,1,17.28
user_013,G7_S2_STA_CAPACIT,0,23.43
user_013,G7_S2_STA_CAPACIT,0,21.72
user_013,G7_S2_STA_CAPACIT,0,26.14
user_013,G7_S2_STA_CAPACIT,1,25.61
user_013,G7_S2_STA_CAPACIT,1,24.46
user_013,G7_S2_STA_CAPACIT,0,18.81
user_013,G7_S2_STA_CAPACIT,1,22.36
user_013,G7_S2_STA_CAPACIT,1,13.01
user_013,G7_S3_ELE_SOURCES,0,22.42
user_013,G7_S3_ELE_SOURCES,1,23.45
user_013,G7_S3_ELE_SOURCES,1,19.29
user_013,G7_S3_ELE_SOURCES,0,15.34
user_013,G7_S3_ELE_SOURCES,1,18.66
user_013,G7_S3_ELE_SOURCES,1,9.41
user_013,G7_S3_ELE_SOURCES,1,13.93
user_013,G7_S3_ELE_SOURCES,1,9.38
user_013,G7_S3_ELE_SOURCES,1,12.69
user_013,G7_S3_ELE_SOURCES,1,10.93
user_013,G7_S3_ELE_SOURCES,1,9.54
user_013,G7_S3_ELE_SOURCES,1,10.42
user_013,G7_S3_ELE_CURRENTS,0,23.48
user_013,G7_S3_ELE_CURRENTS,0,24.16
user_013,G7_S3_ELE_CURRENTS,0,19.54
user_013,G7_S3_ELE_CURRENTS,0,24.9
user_013,G7_S3_ELE_CURRENTS,0,21.57
user_013,G7_S3_ELE_CURRENTS,0,22.76
user_013,G7_S3_ELE_CURRENTS,0,23.26
user_013,G7_S3_ELE_CURRENTS,0,21.96
user_013,G7_S3_ELE_CURRENTS,0,24.56
user_013,G7_S3_ELE_CURRENTS,1,23.68
user_013,G7_S3_ELE_CURRENTS,1,17.33
user_013,G7_S3_ELE_CURRENTS,1,15.52
user_013,G7_S4_WAT_SOLVENT,1,20.26
user_013,G7_S4_WAT_SOLVENT,0,17.99
user_013,G7_S4_WAT_SOLVENT,0,21.84
user_013,G7_S4_WAT_SOLVENT,0,20.33
user_013,G7_S4_WAT_SOLVENT,0,23.18
user_013,G7_S4_WAT_SOLVENT,1,27.8
user_013,G7_S4_WAT_SOLVENT,0,17.54
user_013,G7_S4_WAT_SOLVENT,0,23.58
user_013,G7_S4_WAT_SOLVENT,1,21.49
user_013,G7_S4_WAT_SOLVENT,0,19.72
user_013,G7_S4_WAT_SOLVENT,0,27.55
user_013,G7_S4_WAT_SOLVENT,0,22.79
user_013,G7_S4_WAT_COOLANT,0,16.22
user_013,G7_S4_WAT_COOLANT,1,20.9
user_013,G7_S4_WAT_COOLANT,1,23.8
user_013,G7_S4_WAT_COOLANT,1,14.29
user_013,G7_S4_WAT_COOLANT,0,12.67
user_013,G7_S4_WAT_COOLANT,1,18.6
user_013,G7_S4_WAT_COOLANT,1,12.18
user_013,G7_S4_WAT_COOLANT,1,13.87
user_013,G7_S4_WAT_COOLANT,1,10.29
user_013,G7_S4_WAT_COOLANT,1,14.81
user_013,G7_S4_WAT_COOLANT,1,10.89
user_013,G7_S4_WAT_COOLANT,1,13.16
user_013,G7_S5_ACI_IDENTIF,0,19.74
user_013,G7_S5_ACI_IDENTIF,1,21.04
user_013,G7_S5_ACI_IDENTIF,0,22.15
user_013,G7_S5_ACI_IDENTIF,0,23.9
user_013,G7_S5_ACI_IDENTIF,0,21.06
user_013,G7_S5_ACI_IDENTIF,0,19.99
user_013,G7_S5_ACI_IDENTIF,1,23.77
user_013,G7_S5_ACI_IDENTIF,0,20.72
user_013,G7_S5_ACI_IDENTIF,0,28.04
user_013,G7_S5_ACI_IDENTIF,1,26.65
user_013,G7_S5_ACI_IDENTIF,1,18.36
user_013,G7_S5_ACI_IDENTIF,0,21.75
user_013,G7_S5_ACI_INDICAT,1,21.8
user_013,G7_S5_ACI_INDICAT,1,17.37
user_013,G7_S5_ACI_INDICAT,0,13.73
user_013,G7_S5_ACI_INDICAT,0,20.24
user_013,G7_S5_ACI_INDICAT,0,21.38
user_013,G7_S5_ACI_INDICAT,1,21.59
user_013,G7_S5_ACI_INDICAT,1,20.45
user_013,G7_S5_ACI_INDICAT,1,16.01
user_013,G7_S5_ACI_INDICAT,1,14.0
user_013,G7_S5_ACI_INDICAT,0,9.44
user_013,G7_S5_ACI_INDICAT,1,15.24
user_013,G7_S5_ACI_INDICAT,1,14.73
user_013,G7_S6_ANI_CLASSIF,0,23.25
user_013,G7_S6_ANI_CLASSIF,1,23.33
user_013,G7_S6_ANI_CLASSIF,0,21.43
user_013,G7_S6_ANI_CLASSIF,0,26.69
user_013,G7_S6_ANI_CLASSIF,0,22.04
user_013,G7_S6_ANI_CLASSIF,0,21.14
user_013,G7_S6_ANI_CLASSIF,0,24.78
user_013,G7_S6_ANI_CLASSIF,0,23.26
user_013,G7_S6_ANI_CLASSIF,0,23.22
user_013,G7_S6_ANI_CLASSIF,0,19.14
user_013,G7_S6_ANI_CLASSIF,0,17.6
user_013,G7_S6_ANI_CLASSIF,0,21.13
user_013,G7_S6_ANI_ADAPTAT,0,21.85
user_013,G7_S6_ANI_ADAPTAT,1,23.16
user_013,G7_S6_ANI_ADAPTAT,0,20.31
user_013,G7_S6_ANI_ADAPTAT,0,22.37
user_013,G7_S6_ANI_ADAPTAT,0,18.16
user_013,G7_S6_ANI_ADAPTAT,0,18.42
user_013,G7_S6_ANI_ADAPTAT,1,21.68
user_013,G7_S6_ANI_ADAPTAT,1,17.27
user_013,G7_S6_ANI_ADAPTAT,1,21.04
user_013,G7_S6_ANI_ADAPTAT,1,11.94
user_013,G7_S6_ANI_ADAPTAT,1,11.41
user_013,G7_S6_ANI_ADAPTAT,1,8.47
user_013,G7_S7_ENE_FORMS,0,18.55
user_013,G7_S7_ENE_FORMS,0,18.98
user_013,G7_S7_ENE_FORMS,0,21.11
user_013,G7_S7_ENE_FORMS,0,25.68
user_013,G7_S7_ENE_FORMS,0,20.28
user_013,G7_S7_ENE_FORMS,1,25.98
user_013,G7_S7_ENE_FORMS,1,19.02
user_013,G7_S7_ENE_FORMS,1,16.01
user_013,G7_S7_ENE_FORMS,1,19.64
user_013,G7_S7_ENE_FORMS,1,14.97
user_013,G7_S7_ENE_FORMS,1,10.84
user_013,G7_S7_ENE_FORMS,1,10.31
user_013,G7_S7_ENE_TRANSF,0,22.61
user_013,G7_S7_ENE_TRANSF,0,22.13
user_013,G7_S7_ENE_TRANSF,0,22.22
user_013,G7_S7_ENE_TRANSF,0,23.04
user_013,G7_S7_ENE_TRANSF,1,21.06
user_013,G7_S7_ENE_TRANSF,0,20.39
user_013,G7_S7_ENE_TRANSF,0,26.06
user_013,G7_S7_ENE_TRANSF,0,21.96
user_013,G7_S7_ENE_TRANSF,1,17.55
user_013,G7_S7_ENE_TRANSF,1,17.13
user_013,G7_S7_ENE_TRANSF,1,18.87
user_013,G7_S7_ENE_TRANSF,1,13.5
user_013,G7_S8_EAR_STRUCT,0,23.41
user_013,G7_S8_EAR_STRUCT,1,24.62
user_013,G7_S8_EAR_STRUCT,0,19.66
user_013,G7_S8_EAR_STRUCT,1,21.54
user_013,G7_S8_EAR_STRUCT,1,18.04
user_013,G7_S8_EAR_STRUCT,1,19.17
user_013,G7_S8_EAR_STRUCT,1,11.06
user_013,G7_S8_EAR_STRUCT,1,11.87
user_013,G7_S8_EAR_STRUCT,1,15.69
user_013,G7_S8_EAR_STRUCT,1,10.93
user_013,G7_S8_EAR_STRUCT,1,10.47
user_013,G7_S8_EAR_STRUCT,1,16.56
user_013,G7_S8_EAR_TECTON,0,22.9
user_013,G7_S8_EAR_TECTON,0,22.99
user_013,G7_S8_EAR_TECTON,0,21.92
user_013,G7_S8_EAR_TECTON,1,20.91
user_013,G7_S8_EAR_TECTON,0,13.95
user_013,G7_S8_EAR_TECTON,0,21.04
user_013,G7_S8_EAR_TECTON,0,25.88
user_013,G7_S8_EAR_TECTON,1,27.14
user_013,G7_S8_EAR_TECTON,1,19.32
user_013,G7_S8_EAR_TECTON,0,15.58
user_013,G7_S8_EAR_TECTON,1,17.46
user_013,G7_S8_EAR_TECTON,0,9.58
user_013,G7_S9_LIG_SHADOWS,0,22.44
user_013,G7_S9_LIG_SHADOWS,0,14.87
user_013,G7_S9_LIG_SHADOWS,0,18.4
user_013,G7_S9_LIG_SHADOWS,0,24.35
user_013,G7_S9_LIG_SHADOWS,1,20.24
user_013,G7_S9_LIG_SHADOWS,1,17.35
user_013,G7_S9_LIG_SHADOWS,1,20.07
user_013,G7_S9_LIG_SHADOWS,1,14.29
user_013,G7_S9_LIG_SHADOWS,1,15.39
user_013,G7_S9_LIG_SHADOWS,1,9.27
user_013,G7_S9_LIG_SHADOWS,1,10.15
user_013,G7_S9_LIG_SHADOWS,1,14.27
user_013,G7_S9_LIG_MIRRORS,0,21.71
user_013,G7_S9_LIG_MIRRORS,0,22.93
user_013,G7_S9_LIG_MIRRORS,1,21.9
user_013,G7_S9_LIG_MIRRORS,1,20.35
user_013,G7_S9_LIG_MIRRORS,1,15.24
user_013,G7_S9_LIG_MIRRORS,1,10.42
user_013,G7_S9_LIG_MIRRORS,1,13.54
user_013,G7_S9_LIG_MIRRORS,1,11.95
user_013,G7_S9_LIG_MIRRORS,1,13.25
user_013,G7_S9_LIG_MIRRORS,0,14.13
user_013,G7_S9_LIG_MIRRORS,1,8.08
user_013,G7_S9_LIG_MIRRORS,1,11.73
user_013,G7_S10_MIC_LIGHT,0,19.88
user_013,G7_S10_MIC_LIGHT,0,21.83
user_013,G7_S10_MIC_LIGHT,0,23.47
user_013,G7_S10_MIC_LIGHT,0,25.17
user_013,G7_S10_MIC_LIGHT,1,21.16
user_013,G7_S10_MIC_LIGHT,0,18.56
user_013,G7_S10_MIC_LIGHT,0,18.81
user_013,G7_S10_MIC_LIGHT,1,23.57
user_013,G7_S10_MIC_LIGHT,0,20.3
user_013,G7_S10_MIC_LIGHT,0,22.69
user_013,G7_S10_MIC_LIGHT,0,23.13
user_013,G7_S10_MIC_LIGHT,0,25.88
user_013,G7_S10_MIC_ELECTR,0,22.87
user_013,G7_S10_MIC_ELECTR,0,25.65
user_013,G7_S10_MIC_ELECTR,0,19.62
user_013,G7_S10_MIC_ELECTR,0,22.63
user_013,G7_S10_MIC_ELECTR,0,21.81
user_013,G7_S10_MIC_ELECTR,0,28.85
user_013,G7_S10_MIC_ELECTR,1,25.18
user_013,G7_S10_MIC_ELECTR,1,21.03
user_013,G7_S10_MIC_ELECTR,0,15.4
user_013,G7_S10_MIC_ELECTR,0,19.9
user_013,G7_S10_MIC_ELECTR,0,18.6
user_013,G7_S10_MIC_ELECTR,0,21.85
user_013,G8_S1_BIO_DIVER,1,21.5
user_013,G8_S1_BIO_DIVER,1,17.65
user_013,G8_S1_BIO_DIVER,1,13.12
user_013,G8_S1_BIO_DIVER,1,13.22
user_013,G8_S1_BIO_DIVER,1,12.39
user_013,G8_S1_BIO_DIVER,1,9.3
user_013,G8_S1_BIO_DIVER,1,14.35
user_013,G8_S1_BIO_DIVER,1,11.51
user_013,G8_S1_BIO_DIVER,1,13.41
user_013,G8_S1_BIO_DIVER,1,12.24
user_013,G8_S1_BIO_DIVER,1,13.76
user_013,G8_S1_BIO_DIVER,1,12.53
user_013,G8_S1_BIO_CLASSIF,0,21.67
user_013,G8_S1_BIO_CLASSIF,1,21.15
user_013,G8_S1_BIO_CLASSIF,0,14.32
user_013,G8_S1_BIO_CLASSIF,1,22.03
user_013,G8_S1_BIO_CLASSIF,0,17.67
user_013,G8_S1_BIO_CLASSIF,1,25.21
user_013,G8_S1_BIO_CLASSIF,0,17.41
user_013,G8_S1_BIO_CLASSIF,1,21.74
user_013,G8_S1_BIO_CLASSIF,1,16.13
user_013,G8_S1_BIO_CLASSIF,1,14.76
user_013,G8_S1_BIO_CLASSIF,1,9.97
user_013,G8_S1_BIO_CLASSIF,1,15.72
user_013,G8_S2_TIS_PLANT,0,20.06
user_013,G8_S2_TIS_PLANT,0,23.42
user_013,G8_S2_TIS_PLANT,1,21.65
user_013,G8_S2_TIS_PLANT,1,18.94
user_013,G8_S2_TIS_PLANT,1,16.28
user_013,G8_S2_TIS_PLANT,1,15.42
user_013,G8_S2_TIS_PLANT,1,10.69
user_013,G8_S2_TIS_PLANT,1,8.53
user_013,G8_S2_TIS_PLANT,1,8.44
user_013,G8_S2_TIS_PLANT,1,9.15
user_013,G8_S2_TIS_PLANT,1,10.96
user_013,G8_S2_TIS_PLANT,1,11.91
user_013,G8_S2_TIS_ANIMAL,1,24.39
user_013,G8_S2_TIS_ANIMAL,0,16.01
user_013,G8_S2_TIS_ANIMAL,1,20.91
user_013,G8_S2_TIS_ANIMAL,0,19.87
user_013,G8_S2_TIS_ANIMAL,0,22.22
user_013,G8_S2_TIS_ANIMAL,0,23.8
user_013,G8_S2_TIS_ANIMAL,0,20.74
user_013,G8_S2_TIS_ANIMAL,0,25.1
user_013,G8_S2_TIS_ANIMAL,0,25.67
user_013,G8_S2_TIS_ANIMAL,0,18.43
user_013,G8_S2_TIS_ANIMAL,0,24.66
user_013,G8_S2_TIS_ANIMAL,0,21.34
user_013,G8_S3_PHO_PROCESS,0,24.71
user_013,G8_S3_PHO_PROCESS,0,24.18
user_013,G8_S3_PHO_PROCESS,0,22.17
user_013,G8_S3_PHO_PROCESS,0,24.7
user_013,G8_S3_PHO_PROCESS,1,21.4
user_013,G8_S3_PHO_PROCESS,1,17.73
user_013,G8_S3_PHO_PROCESS,0,14.48
user_013,G8_S3_PHO_PROCESS,1,17.28
user_013,G8_S3_PHO_PROCESS,1,15.89
user_013,G8_S3_PHO_PROCESS,1,13.62
user_013,G8_S3_PHO_PROCESS,1,11.3
user_013,G8_S3_PHO_PROCESS,1,12.61
user_013,G8_S3_PHO_IMPORT,1,23.12
user_013,G8_S3_PHO_IMPORT,1,18.36
user_013,G8_S3_PHO_IMPORT,1,16.12
user_013,G8_S3_PHO_IMPORT,1,15.84
user_013,G8_S3_PHO_IMPORT,1,10.63
user_013,G8_S3_PHO_IMPORT,1,15.2
user_013,G8_S3_PHO_IMPORT,1,14.31
user_013,G8_S3_PHO_IMPORT,1,15.12
user_013,G8_S3_PHO_IMPORT,1,15.02
user_013,G8_S3_PHO_IMPORT,1,11.34
user_013,G8_S3_PHO_IMPORT,0,15.34
user_013,G8_S3_PHO_IMPORT,1,11.92
user_013,G8_S4_MAT_ELEMENTS,0,23.3
user_013,G8_S4_MAT_ELEMENTS,0,24.32
user_013,G8_S4_MAT_ELEMENTS,0,25.75
user_013,G8_S4_MAT_ELEMENTS,0,24.6
user_013,G8_S4_MAT_ELEMENTS,0,23.61
user_013,G8_S4_MAT_ELEMENTS,1,25.03
user_013,G8_S4_MAT_ELEMENTS,1,26.48
user_013,G8_S4_MAT_ELEMENTS,0,13.19
user_013,G8_S4_MAT_ELEMENTS,0,21.93
user_013,G8_S4_MAT_ELEMENTS,1,24.9
user_013,G8_S4_MAT_ELEMENTS,0,19.33
user_013,G8_S4_MAT_ELEMENTS,1,24.38
user_013,G8_S4_MAT_COMPOUNDS,0,22.87
user_013,G8_S4_MAT_COMPOUNDS,1,21.18
user_013,G8_S4_MAT_COMPOUNDS,0,21.09
user_013,G8_S4_MAT_COMPOUNDS,0,20.0
user_013,G8_S4_MAT_COMPOUNDS,0,22.41
user_013,G8_S4_MAT_COMPOUNDS,0,20.65
user_013,G8_S4_MAT_COMPOUNDS,0,25.59
user_013,G8_S4_MAT_COMPOUNDS,0,21.36
user_013,G8_S4_MAT_COMPOUNDS,0,19.86
user_013,G8_S4_MAT_COMPOUNDS,0,23.83
user_013,G8_S4_MAT_COMPOUNDS,0,22.44
user_013,G8_S4_MAT_COMPOUNDS,0,27.01
user_013,G8_S5_MAT_DENSITY,0,24.37
user_013,G8_S5_MAT_DENSITY,1,21.95
user_013,G8_S5_MAT_DENSITY,1,14.38
user_013,G8_S5_MAT_DENSITY,1,15.47
user_013,G8_S5_MAT_DENSITY,0,10.39
user_013,G8_S5_MAT_DENSITY,0,13.48
user_013,G8_S5_MAT_DENSITY,1,19.82
user_013,G8_S5_MAT_DENSITY,1,16.72
user_013,G8_S5_MAT_DENSITY,1,10.76
user_013,G8_S5_MAT_DENSITY,0,14.45
user_013,G8_S5_MAT_DENSITY,1,18.46
user_013,G8_S5_MAT_DENSITY,0,9.87
user_013,G8_S5_MAT_THERMAL,1,24.1
user_013,G8_S5_MAT_THERMAL,0,20.23
user_013,G8_S5_MAT_THERMAL,0,19.7
user_013,G8_S5_MAT_THERMAL,0,27.91
user_013,G8_S5_MAT_THERMAL,0,23.73
user_013,G8_S5_MAT_THERMAL,0,21.63
user_013,G8_S5_MAT_THERMAL,1,16.43
user_013,G8_S5_MAT_THERMAL,1,22.26
user_013,G8_S5_MAT_THERMAL,1,15.12
user_013,G8_S5_MAT_THERMAL,1,6.9
user_013,G8_S5_MAT_THERMAL,1,14.49
user_013,G8_S5_MAT_THERMAL,0,11.52
user_013,G8_S6_CHA_PHYSICAL,0,20.37
user_013,G8_S6_CHA_PHYSICAL,1,20.22
user_013,G8_S6_CHA_PHYSICAL,0,23.98
user_013,G8_S6_CHA_PHYSICAL,1,20.77
user_013,G8_S6_CHA_PHYSICAL,1,17.66
user_013,G8_S6_CHA_PHYSICAL,1,18.72
user_013,G8_S6_CHA_PHYSICAL,1,13.86
user_013,G8_S6_CHA_PHYSICAL,1,16.45
user_013,G8_S6_CHA_PHYSICAL,0,12.03
user_013,G8_S6_CHA_PHYSICAL,1,13.2
user_013,G8_S6_CHA_PHYSICAL,1,16.67
user_013,G8_S6_CHA_PHYSICAL,1,16.22
user_013,G8_S6_CHA_BURNING,0,22.99
user_013,G8_S6_CHA_BURNING,0,23.72
user_013,G8_S6_CHA_BURNING,0,27.51
user_013,G8_S6_CHA_BURNING,1,25.92
user_013,G8_S6_CHA_BURNING,1,16.19
user_013,G8_S6_CHA_BURNING,1,21.49
user_013,G8_S6_CHA_BURNING,0,9.2
user_013,G8_S6_CHA_BURNING,0,20.7
user_013,G8_S6_CHA_BURNING,1,23.87
user_013,G8_S6_CHA_BURNING,0,15.8
user_013,G8_S6_CHA_BURNING,1,18.52
user_013,G8_S6_CHA_BURNING,1,18.82
user_013,G8_S7_FOR_TYPES,0,22.45
user_013,G8_S7_FOR_TYPES,0,22.35
user_013,G8_S7_FOR_TYPES,0,26.06
user_013,G8_S7_FOR_TYPES,1,19.78
user_013,G8_S7_FOR_TYPES,1,16.45
user_013,G8_S7_FOR_TYPES,1,15.79
user_013,G8_S7_FOR_TYPES,1,13.8
user_013,G8_S7_FOR_TYPES,1,14.77
user_013,G8_S7_FOR_TYPES,1,11.72
user_013,G8_S7_FOR_TYPES,1,11.56
user_013,G8_S7_FOR_TYPES,1,13.9
user_013,G8_S7_FOR_TYPES,0,8.11
user_013,G8_S7_FOR_PRESSURE,1,24.29
user_013,G8_S7_FOR_PRESSURE,0,17.59
user_013,G8_S7_FOR_PRESSURE,0,22.72
user_013,G8_S7_FOR_PRESSURE,1,22.98
user_013,G8_S7_FOR_PRESSURE,0,20.31
user_013,G8_S7_FOR_PRESSURE,1,23.58
user_013,G8_S7_FOR_PRESSURE,1,15.98
user_013,G8_S7_FOR_PRESSURE,1,10.04
user_013,G8_S7_FOR_PRESSURE,1,10.98
user_013,G8_S7_FOR_PRESSURE,1,18.32
user_013,G8_S7_FOR_PRESSURE,1,15.75
user_013,G8_S7_FOR_PRESSURE,1,10.17
user_013,G8_S8_STA_PHENOM,0,28.74
user_013,G8_S8_STA_PHENOM,0,26.63
user_013,G8_S8_STA_PHENOM,1,23.85
user_013,G8_S8_STA_PHENOM,1,23.02
user_013,G8_S8_STA_PHENOM,1,16.09
user_013,G8_S8_STA_PHENOM,1,11.91
user_013,G8_S8_STA_PHENOM,1,14.0
user_013,G8_S8_STA_PHENOM,0,15.81
user_013,G8_S8_STA_PHENOM,1,11.12
user_013,G8_S8_STA_PHENOM,0,15.64
user_013,G8_S8_STA_PHENOM,1,16.82
user_013,G8_S8_STA_PHENOM,1,10.52
user_013,G8_S8_STA_LIGHTNG,1,23.9
user_013,G8_S8_STA_LIGHTNG,0,21.29
user_013,G8_S8_STA_LIGHTNG,0,21.7
user_013,G8_S8_STA_LIGHTNG,0,21.36
user_013,G8_S8_STA_LIGHTNG,0,25.19
user_013,G8_S8_STA_LIGHTNG,0,22.94
user_013,G8_S8_STA_LIGHTNG,0,26.49
user_013,G8_S8_STA_LIGHTNG,0,20.13
user_013,G8_S8_STA_LIGHTNG,1,23.29
user_013,G8_S8_STA_LIGHTNG,0,22.21
user_013,G8_S8_STA_LIGHTNG,0,21.46
user_013,G8_S8_STA_LIGHTNG,1,23.08
user_013,G9_S1_SYS_DIGEST,0,23.71
user_013,G9_S1_SYS_DIGEST,0,23.19
user_013,G9_S1_SYS_DIGEST,0,24.9
user_013,G9_S1_SYS_DIGEST,1,24.81
user_013,G9_S1_SYS_DIGEST,0,19.59
user_013,G9_S1_SYS_DIGEST,0,23.12
user_013,G9_S1_SYS_DIGEST,1,25.57
user_013,G9_S1_SYS_DIGEST,0,22.28
user_013,G9_S1_SYS_DIGEST,0,23.41
user_013,G9_S1_SYS_DIGEST,0,28.84
user_013,G9_S1_SYS_DIGEST,0,23.27
user_013,G9_S1_SYS_DIGEST,0,23.8
user_013,G9_S1_SYS_CIRCUL,0,23.63
user_013,G9_S1_SYS_CIRCUL,0,20.75
user_013,G9_S1_SYS_CIRCUL,0,25.6
user_013,G9_S1_SYS_CIRCUL,0,19.73
user_013,G9_S1_SYS_CIRCUL,0,22.98
user_013,G9_S1_SYS_CIRCUL,1,21.68
user_013,G9_S1_SYS_CIRCUL,0,19.89
user_013,G9_S1_SYS_CIRCUL,1,26.15
user_013,G9_S1_SYS_CIRCUL,0,20.7
user_013,G9_S1_SYS_CIRCUL,0,21.0
user_013,G9_S1_SYS_CIRCUL,0,20.76
user_013,G9_S1_SYS_CIRCUL,0,30.88
user_013,G9_S2_RHY_EARTH,0,24.18
user_013,G9_S2_RHY_EARTH,0,20.35
user_013,G9_S2_RHY_EARTH,0,20.97
user_013,G9_S2_RHY_EARTH,1,18.49
user_013,G9_S2_RHY_EARTH,0,17.18
user_013,G9_S2_RHY_EARTH,0,23.4
user_013,G9_S2_RHY_EARTH,0,24.4
user_013,G9_S2_RHY_EARTH,0,22.78
user_013,G9_S2_RHY_EARTH,0,23.11
user_013,G9_S2_RHY_EARTH,0,27.98
user_013,G9_S2_RHY_EARTH,0,23.13
user_013,G9_S2_RHY_EARTH,0,22.02
user_013,G9_S2_RHY_CLIMATE,0,21.74
user_013,G9_S2_RHY_CLIMATE,0,26.39
user_013,G9_S2_RHY_CLIMATE,1,23.1
user_013,G9_S2_RHY_CLIMATE,1,22.93
user_013,G9_S2_RHY_CLIMATE,0,20.27
user_013,G9_S2_RHY_CLIMATE,0,19.75
user_013,G9_S2_RHY_CLIMATE,1,26.1
user_013,G9_S2_RHY_CLIMATE,1,19.93
user_013,G9_S2_RHY_CLIMATE,1,15.16
user_013,G9_S2_RHY_CLIMATE,1,13.93
user_013,G9_S2_RHY_CLIMATE,1,13.13
user_013,G9_S2_RHY_CLIMATE,1,16.74
user_013,G9_S3_LIG_REFRAC,0,25.81
user_013,G9_S3_LIG_REFRAC,0,24.33
user_013,G9_S3_LIG_REFRAC,1,21.6
user_013,G9_S3_LIG_REFRAC,0,21.85
user_013,G9_S3_LIG_REFRAC,0,21.03
user_013,G9_S3_LIG_REFRAC,0,20.89
user_013,G9_S3_LIG_REFRAC,0,25.68
user_013,G9_S3_LIG_REFRAC,0,24.26
user_013,G9_S3_LIG_REFRAC,0,22.5
user_013,G9_S3_LIG_REFRAC,0,23.1
user_013,G9_S3_LIG_REFRAC,1,22.32
user_013,G9_S3_LIG_REFRAC,1,15.88
user_013,G9_S3_LIG_LENSES,1,20.07
user_013,G9_S3_LIG_LENSES,1,18.64
user_013,G9_S3_LIG_LENSES,1,17.14
user_013,G9_S3_LIG_LENSES,1,13.6
user_013,G9_S3_LIG_LENSES,1,12.88
user_013,G9_S3_LIG_LENSES,1,12.67
user_013,G9_S3_LIG_LENSES,1,15.41
user_013,G9_S3_LIG_LENSES,1,14.39
user_013,G9_S3_LIG_LENSES,1,15.09
user_013,G9_S3_LIG_LENSES,1,11.04
user_013,G9_S3_LIG_LENSES,1,14.48
user_013,G9_S3_LIG_LENSES,1,11.37
user_013,G9_S4_SOU_PROPAG,0,19.65
user_013,G9_S4_SOU_PROPAG,0,24.39
user_013,G9_S4_SOU_PROPAG,1,24.18
user_013,G9_S4_SOU_PROPAG,0,22.67
user_013,G9_S4_SOU_PROPAG,1,18.84
user_013,G9_S4_SOU_PROPAG,1,16.76
user_013,G9_S4_SOU_PROPAG,1,15.57
user_013,G9_S4_SOU_PROPAG,0,13.12
user_013,G9_S4_SOU_PROPAG,0,19.9
user_013,G9_S4_SOU_PROPAG,0,20.03
user_013,G9_S4_SOU_PROPAG,0,19.51
user_013,G9_S4_SOU_PROPAG,0,26.35
user_013,G9_S4_SOU_HEARING,0,20.18
user_013,G9_S4_SOU_HEARING,0,18.03
user_013,G9_S4_SOU_HEARING,0,23.63
user_013,G9_S4_SOU_HEARING,0,23.55
user_013,G9_S4_SOU_HEARING,0,25.1
user_013,G9_S4_SOU_HEARING,0,28.37
user_013,G9_S4_SOU_HEARING,0,21.86
user_013,G9_S4_SOU_HEARING,1,21.7
user_013,G9_S4_SOU_HEARING,1,19.54
user_013,G9_S4_SOU_HEARING,0,14.8
user_013,G9_S4_SOU_HEARING,0,16.4
user_013,G9_S4_SOU_HEARING,0,22.11
user_013,G9_S5_HEA_EXPANS,0,17.02
user_013,G9_S5_HEA_EXPANS,0,24.24
user_013,G9_S5_HEA_EXPANS,0,25.35
user_013,G9_S5_HEA_EXPANS,0,22.88
user_013,G9_S5_HEA_EXPANS,0,21.57
user_013,G9_S5_HEA_EXPANS,0,26.17
user_013,G9_S5_HEA_EXPANS,0,19.97
user_013,G9_S5_HEA_EXPANS,0,21.45
user_013,G9_S5_HEA_EXPANS,0,26.61
user_013,G9_S5_HEA_EXPANS,0,25.21
user_013,G9_S5_HEA_EXPANS,0,22.63
user_013,G9_S5_HEA_EXPANS,0,22.28
user_013,G9_S5_HEA_TRANSF,1,20.36
user_013,G9_S5_HEA_TRANSF,0,19.39
user_013,G9_S5_HEA_TRANSF,0,25.56
user_013,G9_S5_HEA_TRANSF,0,23.59
user_013,G9_S5_HEA_TRANSF,0,18.25
user_013,G9_S5_HEA_TRANSF,0,18.74
user_013,G9_S5_HEA_TRANSF,1,20.56
user_013,G9_S5_HEA_TRANSF,1,16.82
user_013,G9_S5_HEA_TRANSF,1,15.22
user_013,G9_S5_HEA_TRANSF,1,14.43
user_013,G9_S5_HEA_TRANSF,1,12.0
user_013,G9_S5_HEA_TRANSF,1,10.7
user_013,G9_S6_NAT_ATOMS,1,23.54
user_013,G9_S6_NAT_ATOMS,1,19.84
user_013,G9_S6_NAT_ATOMS,1,18.38
user_013,G9_S6_NAT_ATOMS,1,12.07
user_013,G9_S6_NAT_ATOMS,0,9.97
user_013,G9_S6_NAT_ATOMS,1,11.41
user_013,G9_S6_NAT_ATOMS,1,8.15
user_013,G9_S6_NAT_ATOMS,1,15.56
user_013,G9_S6_NAT_ATOMS,1,11.51
user_013,G9_S6_NAT_ATOMS,1,14.2
user_013,G9_S6_NAT_ATOMS,0,15.66
user_013,G9_S6_NAT_ATOMS,1,11.35
user_013,G9_S6_NAT_CONFIG,1,26.82
user_013,G9_S6_NAT_CONFIG,0,20.88
user_013,G9_S6_NAT_CONFIG,0,24.46
user_013,G9_S6_NAT_CONFIG,0,21.13
user_013,G9_S6_NAT_CONFIG,1,21.44
user_013,G9_S6_NAT_CONFIG,1,15.03
user_013,G9_S6_NAT_CONFIG,1,16.17
user_013,G9_S6_NAT_CONFIG,0,18.03
user_013,G9_S6_NAT_CONFIG,1,12.48
user_013,G9_S6_NAT_CONFIG,1,12.79
user_013,G9_S6_NAT_CONFIG,1,12.92
user_013,G9_S6_NAT_CONFIG,1,12.83
user_013,G9_S7_ACI_SALTS,0,20.08
user_013,G9_S7_ACI_SALTS,0,21.14
user_013,G9_S7_ACI_SALTS,0,21.45
user_013,G9_S7_ACI_SALTS,0,20.31
user_013,G9_S7_ACI_SALTS,0,24.1
user_013,G9_S7_ACI_SALTS,1,21.42
user_013,G9_S7_ACI_SALTS,1,25.39
user_013,G9_S7_ACI_SALTS,1,16.81
user_013,G9_S7_ACI_SALTS,1,13.4
user_013,G9_S7_ACI_SALTS,1,11.58
user_013,G9_S7_ACI_SALTS,1,9.93
user_013,G9_S7_ACI_SALTS,1,16.76
user_013,G9_S7_ACI_NEUTRAL,1,19.36
user_013,G9_S7_ACI_NEUTRAL,1,15.4
user_013,G9_S7_ACI_NEUTRAL,1,10.44
user_013,G9_S7_ACI_NEUTRAL,1,10.34
user_013,G9_S7_ACI_NEUTRAL,1,14.17
user_013,G9_S7_ACI_NEUTRAL,1,12.7
user_013,G9_S7_ACI_NEUTRAL,1,13.39
user_013,G9_S7_ACI_NEUTRAL,1,11.57
user_013,G9_S7_ACI_NEUTRAL,1,12.74
user_013,G9_S7_ACI_NEUTRAL,1,10.97
user_013,G9_S7_ACI_NEUTRAL,1,12.93
user_013,G9_S7_ACI_NEUTRAL,1,13.05
user_014,G6_S1_ORG_CHARS,0,25.63
user_014,G6_S1_ORG_CHARS,0,17.69
user_014,G6_S1_ORG_CHARS,0,22.49
user_014,G6_S1_ORG_CHARS,0,24.27
user_014,G6_S1_ORG_CHARS,0,24.3
user_014,G6_S1_ORG_CHARS,0,20.63
user_014,G6_S1_ORG_CHARS,0,24.23
user_014,G6_S1_ORG_CHARS,0,19.78
user_014,G6_S1_ORG_CHARS,1,20.03
user_014,G6_S1_ORG_CHARS,1,18.12
user_014,G6_S1_ORG_CHARS,1,12.64
user_014,G6_S1_ORG_CHARS,1,13.09
user_014,G6_S1_ORG_CLASS,0,19.17
user_014,G6_S1_ORG_CLASS,1,25.01
user_014,G6_S1_ORG_CLASS,1,16.79
user_014,G6_S1_ORG_CLASS,1,11.8
user_014,G6_S1_ORG_CLASS,1,13.29
user_014,G6_S1_ORG_CLASS,1,10.94
user_014,G6_S1_ORG_CLASS,1,9.23
user_014,G6_S1_ORG_CLASS,1,14.09
user_014,G6_S1_ORG_CLASS,1,9.13
user_014,G6_S1_ORG_CLASS,1,13.11
user_014,G6_S1_ORG_CLASS,1,12.9
user_014,G6_S1_ORG_CLASS,1,9.86
user_014,G6_S2_MAT_STATES,0,26.77
user_014,G6_S2_MAT_STATES,0,22.18
user_014,G6_S2_MAT_STATES,0,19.84
user_014,G6_S2_MAT_STATES,0,16.09
user_014,G6_S2_MAT_STATES,1,21.17
user_014,G6_S2_MAT_STATES,1,10.5
user_014,G6_S2_MAT_STATES,0,16.55
user_014,G6_S2_MAT_STATES,1,18.56
user_014,G6_S2_MAT_STATES,0,15.33
user_014,G6_S2_MAT_STATES,0,17.48
user_014,G6_S2_MAT_STATES,1,20.12
user_014,G6_S2_MAT_STATES,1,14.64
user_014,G6_S2_MAT_PROPS,0,25.57
user_014,G6_S2_MAT_PROPS,1,16.39
user_014,G6_S2_MAT_PROPS,0,15.52
user_014,G6_S2_MAT_PROPS,1,19.31
user_014,G6_S2_MAT_PROPS,1,16.17
user_014,G6_S2_MAT_PROPS,1,9.52
user_014,G6_S2_MAT_PROPS,1,12.88
user_014,G6_S2_MAT_PROPS,0,13.46
user_014,G6_S2_MAT_PROPS,1,14.1
user_014,G6_S2_MAT_PROPS,1,13.94
user_014,G6_S2_MAT_PROPS,1,13.95
user_014,G6_S2_MAT_PROPS,1,12.1
user_014,G6_S4_ENE_SOURCES,1,22.96
user_014,G6_S4_ENE_SOURCES,1,19.86
user_014,G6_S4_ENE_SOURCES,1,12.6
user_014,G6_S4_ENE_SOURCES,1,9.15
user_014,G6_S4_ENE_SOURCES,1,12.53
user_014,G6_S4_ENE_SOURCES,1,12.01
user_014,G6_S4_ENE_SOURCES,1,8.88
user_014,G6_S4_ENE_SOURCES,1,12.59
user_014,G6_S4_ENE_SOURCES,1,12.81
user_014,G6_S4_ENE_SOURCES,1,11.66
user_014,G6_S4_ENE_SOURCES,1,17.51
user_014,G6_S4_ENE_SOURCES,1,14.12
user_014,G6_S8_ELE_CIRCUITS,1,19.03
user_014,G6_S8_ELE_CIRCUITS,0,15.81
user_014,G6_S8_ELE_CIRCUITS,1,22.3
user_014,G6_S8_ELE_CIRCUITS,0,15.5
user_014,G6_S8_ELE_CIRCUITS,0,21.96
user_014,G6_S8_ELE_CIRCUITS,0,21.63
user_014,G6_S8_ELE_CIRCUITS,0,22.44
user_014,G6_S8_ELE_CIRCUITS,0,16.99
user_014,G6_S8_ELE_CIRCUITS,0,23.79
user_014,G6_S8_ELE_CIRCUITS,1,21.43
user_014,G6_S8_ELE_CIRCUITS,1,16.42
user_014,G6_S8_ELE_CIRCUITS,0,11.03
user_014,G6_S8_ELE_CONDINS,1,24.12
user_014,G6_S8_ELE_CONDINS,0,13.83
user_014,G6_S8_ELE_CONDINS,1,22.62
user_014,G6_S8_ELE_CONDINS,0,13.12
user_014,G6_S8_ELE_CONDINS,1,22.57
user_014,G6_S8_ELE_CONDINS,1,12.49
user_014,G6_S8_ELE_CONDINS,1,12.38
user_014,G6_S8_ELE_CONDINS,1,13.31
user_014,G6_S8_ELE_CONDINS,1,15.69
user_014,G6_S8_ELE_CONDINS,1,7.97
user_014,G6_S8_ELE_CONDINS,1,9.26
user_014,G6_S8_ELE_CONDINS,1,11.37
user_014,G7_S1_PLA_DIVER,1,21.13
user_014,G7_S1_PLA_DIVER,1,15.45
user_014,G7_S1_PLA_DIVER,0,15.71
user_014,G7_S1_PLA_DIVER,0,18.73
user_014,G7_S1_PLA_DIVER,0,17.26
user_014,G7_S1_PLA_DIVER,1,19.12
user_014,G7_S1_PLA_DIVER,0,15.99
user_014,G7_S1_PLA_DIVER,0,21.47
user_014,G7_S1_PLA_DIVER,0,23.44
user_014,G7_S1_PLA_DIVER,0,20.16
user_014,G7_S1_PLA_DIVER,0,21.22
user_014,G7_S1_PLA_DIVER,1,20.16
user_014,G7_S1_PLA_CLASSIF,1,23.25
user_014,G7_S1_PLA_CLASSIF,1,18.24
user_014,G7_S1_PLA_CLASSIF,0,17.24
user_014,G7_S1_PLA_CLASSIF,0,18.21
user_014,G7_S1_PLA_CLASSIF,0,21.52
user_014,G7_S1_PLA_CLASSIF,1,17.24
user_014,G7_S1_PLA_CLASSIF,0,16.57
user_014,G7_S1_PLA_CLASSIF,0,19.17
user_014,G7_S1_PLA_CLASSIF,0,17.09
user_014,G7_S1_PLA_CLASSIF,0,21.42
user_014,G7_S1_PLA_CLASSIF,0,19.29
user_014,G7_S1_PLA_CLASSIF,0,19.83
user_014,G7_S2_STA_CHARGES,0,22.59
user_014,G7_S2_STA_CHARGES,0,23.67
user_014,G7_S2_STA_CHARGES,0,22.25
user_014,G7_S2_STA_CHARGES,1,20.63
user_014,G7_S2_STA_CHARGES,1,21.59
user_014,G7_S2_STA_CHARGES,1,10.38
user_014,G7_S2_STA_CHARGES,1,11.1
user_014,G7_S2_STA_CHARGES,1,11.7
user_014,G7_S2_STA_CHARGES,1,12.87
user_014,G7_S2_STA_CHARGES,1,13.11
user_014,G7_S2_STA_CHARGES,1,11.42
user_014,G7_S2_STA_CHARGES,1,10.44
user_014,G7_S2_STA_CAPACIT,0,27.68
user_014,G7_S2_STA_CAPACIT,0,19.94
user_014,G7_S2_STA_CAPACIT,1,19.54
user_014,G7_S2_STA_CAPACIT,0,16.32
user_014,G7_S2_STA_CAPACIT,1,14.73
user_014,G7_S2_STA_CAPACIT,1,17.21
user_014,G7_S2_STA_CAPACIT,1,10.29
user_014,G7_S2_STA_CAPACIT,1,12.08
user_014,G7_S2_STA_CAPACIT,1,12.16
user_014,G7_S2_STA_CAPACIT,1,12.66
user_014,G7_S2_STA_CAPACIT,1,10.4
user_014,G7_S2_STA_CAPACIT,1,10.63
user_014,G7_S3_ELE_SOURCES,0,18.88
user_014,G7_S3_ELE_SOURCES,1,18.24
user_014,G7_S3_ELE_SOURCES,0,12.88
user_014,G7_S3_ELE_SOURCES,0,20.34
user_014,G7_S3_ELE_SOURCES,0,20.08
user_014,G7_S3_ELE_SOURCES,0,20.04
user_014,G7_S3_ELE_SOURCES,0,20.57
user_014,G7_S3_ELE_SOURCES,1,22.88
user_014,G7_S3_ELE_SOURCES,0,11.88
user_014,G7_S3_ELE_SOURCES,1,20.91
user_014,G7_S3_ELE_SOURCES,1,16.54
user_014,G7_S3_ELE_SOURCES,1,14.83
user_014,G7_S3_ELE_CURRENTS,1,26.39
user_014,G7_S3_ELE_CURRENTS,1,20.98
user_014,G7_S3_ELE_CURRENTS,1,9.95
user_014,G7_S3_ELE_CURRENTS,1,10.56
user_014,G7_S3_ELE_CURRENTS,1,17.29
user_014,G7_S3_ELE_CURRENTS,0,14.58
user_014,G7_S3_ELE_CURRENTS,1,13.66
user_014,G7_S3_ELE_CURRENTS,1,13.85
user_014,G7_S3_ELE_CURRENTS,1,11.51
user_014,G7_S3_ELE_CURRENTS,1,9.86
user_014,G7_S3_ELE_CURRENTS,1,11.91
user_014,G7_S3_ELE_CURRENTS,1,10.8
user_014,G7_S4_WAT_SOLVENT,0,22.01
user_014,G7_S4_WAT_SOLVENT,0,17.92
user_014,G7_S4_WAT_SOLVENT,1,19.77
user_014,G7_S4_WAT_SOLVENT,1,17.18
user_014,G7_S4_WAT_SOLVENT,1,10.95
user_014,G7_S4_WAT_SOLVENT,1,9.82
user_014,G7_S4_WAT_SOLVENT,1,14.89
user_014,G7_S4_WAT_SOLVENT,1,14.32
user_014,G7_S4_WAT_SOLVENT,1,11.72
user_014,G7_S4_WAT_SOLVENT,1,15.08
user_014,G7_S4_WAT_SOLVENT,1,14.59
user_014,G7_S4_WAT_SOLVENT,1,15.84
user_014,G7_S4_WAT_COOLANT,0,26.35
user_014,G7_S4_WAT_COOLANT,0,23.84
user_014,G7_S4_WAT_COOLANT,1,20.1
user_014,G7_S4_WAT_COOLANT,0,20.16
user_014,G7_S4_WAT_COOLANT,0,15.03
user_014,G7_S4_WAT_COOLANT,0,19.62
user_014,G7_S4_WAT_COOLANT,0,23.02
user_014,G7_S4_WAT_COOLANT,1,20.94
user_014,G7_S4_WAT_COOLANT,0,18.35
user_014,G7_S4_WAT_COOLANT,0,21.07
user_014,G7_S4_WAT_COOLANT,1,20.02
user_014,G7_S4_WAT_COOLANT,1,18.33
user_014,G7_S5_ACI_IDENTIF,0,26.88
user_014,G7_S5_ACI_IDENTIF,1,21.33
user_014,G7_S5_ACI_IDENTIF,0,19.39
user_014,G7_S5_ACI_IDENTIF,0,18.27
user_014,G7_S5_ACI_IDENTIF,0,22.13
user_014,G7_S5_ACI_IDENTIF,0,18.4
user_014,G7_S5_ACI_IDENTIF,0,19.73
user_014,G7_S5_ACI_IDENTIF,0,19.52
user_014,G7_S5_ACI_IDENTIF,0,21.19
user_014,G7_S5_ACI_IDENTIF,0,19.81
user_014,G7_S5_ACI_IDENTIF,1,20.57
user_014,G7_S5_ACI_IDENTIF,1,18.09
user_014,G7_S5_ACI_INDICAT,0,21.38
user_014,G7_S5_ACI_INDICAT,1,21.8
user_014,G7_S5_ACI_INDICAT,1,16.32
user_014,G7_S5_ACI_INDICAT,1,14.3
user_014,G7_S5_ACI_INDICAT,1,8.27
user_014,G7_S5_ACI_INDICAT,1,11.37
user_014,G7_S5_ACI_INDICAT,1,17.12
user_014,G7_S5_ACI_INDICAT,1,10.11
user_014,G7_S5_ACI_INDICAT,0,12.85
user_014,G7_S5_ACI_INDICAT,0,11.94
user_014,G7_S5_ACI_INDICAT,1,15.57
user_014,G7_S5_ACI_INDICAT,1,10.55
user_014,G7_S6_ANI_CLASSIF,0,21.98
user_014,G7_S6_ANI_CLASSIF,1,24.97
user_014,G7_S6_ANI_CLASSIF,1,15.96
user_014,G7_S6_ANI_CLASSIF,1,12.1
user_014,G7_S6_ANI_CLASSIF,1,14.14
user_014,G7_S6_ANI_CLASSIF,1,10.41
user_014,G7_S6_ANI_CLASSIF,1,12.23
user_014,G7_S6_ANI_CLASSIF,1,12.28
user_014,G7_S6_ANI_CLASSIF,0,12.11
user_014,G7_S6_ANI_CLASSIF,1,9.94
user_014,G7_S6_ANI_CLASSIF,1,12.44
user_014,G7_S6_ANI_CLASSIF,1,12.02
user_014,G7_S6_ANI_ADAPTAT,1,23.38
user_014,G7_S6_ANI_ADAPTAT,1,20.33
user_014,G7_S6_ANI_ADAPTAT,1,13.36
user_014,G7_S6_ANI_ADAPTAT,1,7.48
user_014,G7_S6_ANI_ADAPTAT,1,8.55
user_014,G7_S6_ANI_ADAPTAT,1,14.37
user_014,G7_S6_ANI_ADAPTAT,1,12.26
user_014,G7_S6_ANI_ADAPTAT,1,11.3
user_014,G7_S6_ANI_ADAPTAT,1,8.09
user_014,G7_S6_ANI_ADAPTAT,1,14.0
user_014,G7_S6_ANI_ADAPTAT,0,13.1
user_014,G7_S6_ANI_ADAPTAT,1,11.7
user_014,G7_S7_ENE_FORMS,0,24.7
user_014,G7_S7_ENE_FORMS,0,19.41
user_014,G7_S7_ENE_FORMS,0,22.32
user_014,G7_S7_ENE_FORMS,0,19.99
user_014,G7_S7_ENE_FORMS,1,21.02
user_014,G7_S7_ENE_FORMS,1,13.89
user_014,G7_S7_ENE_FORMS,0,18.88
user_014,G7_S7_ENE_FORMS,0,15.86
user_014,G7_S7_ENE_FORMS,0,21.08
user_014,G7_S7_ENE_FORMS,1,23.2
user_014,G7_S7_ENE_FORMS,1,17.62
user_014,G7_S7_ENE_FORMS,0,13.35
user_014,G7_S7_ENE_TRANSF,1,20.42
user_014,G7_S7_ENE_TRANSF,1,14.8
user_014,G7_S7_ENE_TRANSF,1,13.51
user_014,G7_S7_ENE_TRANSF,1,12.01
user_014,G7_S7_ENE_TRANSF,1,14.46
user_014,G7_S7_ENE_TRANSF,1,11.77
user_014,G7_S7_ENE_TRANSF,1,12.04
user_014,G7_S7_ENE_TRANSF,1,11.29
user_014,G7_S7_ENE_TRANSF,1,12.66
user_014,G7_S7_ENE_TRANSF,1,6.47
user_014,G7_S7_ENE_TRANSF,0,9.8
user_014,G7_S7_ENE_TRANSF,1,13.79
user_014,G7_S8_EAR_STRUCT,0,21.02
user_014,G7_S8_EAR_STRUCT,0,19.71
user_014,G7_S8_EAR_STRUCT,1,23.66
user_014,G7_S8_EAR_STRUCT,1,14.13
user_014,G7_S8_EAR_STRUCT,1,12.52
user_014,G7_S8_EAR_STRUCT,1,16.37
user_014,G7_S8_EAR_STRUCT,1,9.85
user_014,G7_S8_EAR_STRUCT,1,12.99
user_014,G7_S8_EAR_STRUCT,1,17.02
user_014,G7_S8_EAR_STRUCT,1,16.21
user_014,G7_S8_EAR_STRUCT,1,10.28
user_014,G7_S8_EAR_STRUCT,1,9.8
user_014,G7_S8_EAR_TECTON,0,24.18
user_014,G7_S8_EAR_TECTON,0,24.64
user_014,G7_S8_EAR_TECTON,0,22.68
user_014,G7_S8_EAR_TECTON,0,23.21
user_014,G7_S8_EAR_TECTON,0,19.36
user_014,G7_S8_EAR_TECTON,1,22.67
user_014,G7_S8_EAR_TECTON,0,14.66
user_014,G7_S8_EAR_TECTON,1,19.44
user_014,G7_S8_EAR_TECTON,1,12.11
user_014,G7_S8_EAR_TECTON,1,10.38
user_014,G7_S8_EAR_TECTON,1,10.69
user_014,G7_S8_EAR_TECTON,1,15.04
user_014,G7_S9_LIG_SHADOWS,0,25.21
user_014,G7_S9_LIG_SHADOWS,1,21.54
user_014,G7_S9_LIG_SHADOWS,1,16.13
user_014,G7_S9_LIG_SHADOWS,1,12.45
user_014,G7_S9_LIG_SHADOWS,1,12.47
user_014,G7_S9_LIG_SHADOWS,1,9.69
user_014,G7_S9_LIG_SHADOWS,0,14.52
user_014,G7_S9_LIG_SHADOWS,1,14.18
user_014,G7_S9_LIG_SHADOWS,1,9.49
user_014,G7_S9_LIG_SHADOWS,1,11.0
user_014,G7_S9_LIG_SHADOWS,1,11.36
user_014,G7_S9_LIG_SHADOWS,1,10.48
user_014,G7_S9_LIG_MIRRORS,0,20.4
user_014,G7_S9_LIG_MIRRORS,1,20.31
user_014,G7_S9_LIG_MIRRORS,1,18.11
user_014,G7_S9_LIG_MIRRORS,0,9.42
user_014,G7_S9_LIG_MIRRORS,1,15.41
user_014,G7_S9_LIG_MIRRORS,1,14.25
user_014,G7_S9_LIG_MIRRORS,0,11.2
user_014,G7_S9_LIG_MIRRORS,1,16.87
user_014,G7_S9_LIG_MIRRORS,1,14.69
user_014,G7_S9_LIG_MIRRORS,1,13.77
user_014,G7_S9_LIG_MIRRORS,1,11.99
user_014,G7_S9_LIG_MIRRORS,1,14.24
user_014,G7_S10_MIC_LIGHT,1,19.84
user_014,G7_S10_MIC_LIGHT,0,14.67
user_014,G7_S10_MIC_LIGHT,1,22.91
user_014,G7_S10_MIC_LIGHT,0,19.62
user_014,G7_S10_MIC_LIGHT,1,21.59
user_014,G7_S10_MIC_LIGHT,1,16.96
user_014,G7_S10_MIC_LIGHT,1,12.06
user_014,G7_S10_MIC_LIGHT,1,11.75
user_014,G7_S10_MIC_LIGHT,1,10.38
user_014,G7_S10_MIC_LIGHT,1,11.75
user_014,G7_S10_MIC_LIGHT,1,17.06
user_014,G7_S10_MIC_LIGHT,1,12.16
user_014,G7_S10_MIC_ELECTR,1,22.26
user_014,G7_S10_MIC_ELECTR,1,17.42
user_014,G7_S10_MIC_ELECTR,1,12.13
user_014,G7_S10_MIC_ELECTR,1,12.03
user_014,G7_S10_MIC_ELECTR,1,14.19
user_014,G7_S10_MIC_ELECTR,1,8.73
user_014,G7_S10_MIC_ELECTR,1,13.9
user_014,G7_S10_MIC_ELECTR,1,11.97
user_014,G7_S10_MIC_ELECTR,0,13.42
user_014,G7_S10_MIC_ELECTR,1,7.55
user_014,G7_S10_MIC_ELECTR,1,10.61
user_014,G7_S10_MIC_ELECTR,1,8.7
user_014,G8_S1_BIO_DIVER,0,18.56
user_014,G8_S1_BIO_DIVER,0,18.68
user_014,G8_S1_BIO_DIVER,0,27.39
user_014,G8_S1_BIO_DIVER,1,21.77
user_014,G8_S1_BIO_DIVER,1,12.65
user_014,G8_S1_BIO_DIVER,1,11.99
user_014,G8_S1_BIO_DIVER,1,7.99
user_014,G8_S1_BIO_DIVER,0,11.03
user_014,G8_S1_BIO_DIVER,1,10.62
user_014,G8_S1_BIO_DIVER,1,11.2
user_014,G8_S1_BIO_DIVER,1,13.4
user_014,G8_S1_BIO_DIVER,1,12.31
user_014,G8_S1_BIO_CLASSIF,0,22.21
user_014,G8_S1_BIO_CLASSIF,1,20.82
user_014,G8_S1_BIO_CLASSIF,0,11.46
user_014,G8_S1_BIO_CLASSIF,1,21.54
user_014,G8_S1_BIO_CLASSIF,1,16.15
user_014,G8_S1_BIO_CLASSIF,0,11.57
user_014,G8_S1_BIO_CLASSIF,1,13.85
user_014,G8_S1_BIO_CLASSIF,1,12.17
user_014,G8_S1_BIO_CLASSIF,1,15.16
user_014,G8_S1_BIO_CLASSIF,0,11.29
user_014,G8_S1_BIO_CLASSIF,1,11.44
user_014,G8_S1_BIO_CLASSIF,1,13.71
user_014,G8_S2_TIS_PLANT,1,22.82
user_014,G8_S2_TIS_PLANT,0,16.52
user_014,G8_S2_TIS_PLANT,0,18.0
user_014,G8_S2_TIS_PLANT,1,22.18
user_014,G8_S2_TIS_PLANT,1,18.13
user_014,G8_S2_TIS_PLANT,1,17.95
user_014,G8_S2_TIS_PLANT,1,11.43
user_014,G8_S2_TIS_PLANT,1,13.61
user_014,G8_S2_TIS_PLANT,1,11.6
user_014,G8_S2_TIS_PLANT,1,12.36
user_014,G8_S2_TIS_PLANT,1,9.85
user_014,G8_S2_TIS_PLANT,1,14.07
user_014,G8_S2_TIS_ANIMAL,1,19.95
user_014,G8_S2_TIS_ANIMAL,1,17.01
user_014,G8_S2_TIS_ANIMAL,1,15.83
user_014,G8_S2_TIS_ANIMAL,1,11.53
user_014,G8_S2_TIS_ANIMAL,1,15.49
user_014,G8_S2_TIS_ANIMAL,1,6.69
user_014,G8_S2_TIS_ANIMAL,1,12.47
user_014,G8_S2_TIS_ANIMAL,1,13.59
user_014,G8_S2_TIS_ANIMAL,0,15.87
user_014,G8_S2_TIS_ANIMAL,1,14.23
user_014,G8_S2_TIS_ANIMAL,1,17.59
user_014,G8_S2_TIS_ANIMAL,1,10.39
user_014,G8_S3_PHO_PROCESS,0,17.26
user_014,G8_S3_PHO_PROCESS,0,22.26
user_014,G8_S3_PHO_PROCESS,0,19.74
user_014,G8_S3_PHO_PROCESS,0,21.39
user_014,G8_S3_PHO_PROCESS,0,19.33
user_014,G8_S3_PHO_PROCESS,1,20.55
user_014,G8_S3_PHO_PROCESS,1,14.95
user_014,G8_S3_PHO_PROCESS,1,10.62
user_014,G8_S3_PHO_PROCESS,1,11.19
user_014,G8_S3_PHO_PROCESS,1,15.62
user_014,G8_S3_PHO_PROCESS,1,11.22
user_014,G8_S3_PHO_PROCESS,0,14.42
user_014,G8_S3_PHO_IMPORT,1,21.93
user_014,G8_S3_PHO_IMPORT,1,19.5
user_014,G8_S3_PHO_IMPORT,1,19.28
user_014,G8_S3_PHO_IMPORT,1,14.47
user_014,G8_S3_PHO_IMPORT,1,14.56
user_014,G8_S3_PHO_IMPORT,1,13.65
user_014,G8_S3_PHO_IMPORT,1,12.49
user_014,G8_S3_PHO_IMPORT,1,8.75
user_014,G8_S3_PHO_IMPORT,1,9.43
user_014,G8_S3_PHO_IMPORT,1,13.27
user_014,G8_S3_PHO_IMPORT,1,15.39
user_014,G8_S3_PHO_IMPORT,1,14.9
user_014,G8_S4_MAT_ELEMENTS,0,21.26
user_014,G8_S4_MAT_ELEMENTS,0,25.55
user_014,G8_S4_MAT_ELEMENTS,1,20.07
user_014,G8_S4_MAT_ELEMENTS,1,20.94
user_014,G8_S4_MAT_ELEMENTS,1,9.97
user_014,G8_S4_MAT_ELEMENTS,1,12.49
user_014,G8_S4_MAT_ELEMENTS,1,12.36
user_014,G8_S4_MAT_ELEMENTS,1,13.12
user_014,G8_S4_MAT_ELEMENTS,1,12.37
user_014,G8_S4_MAT_ELEMENTS,1,15.59
user_014,G8_S4_MAT_ELEMENTS,0,11.55
user_014,G8_S4_MAT_ELEMENTS,1,13.87
user_014,G8_S4_MAT_COMPOUNDS,0,25.02
user_014,G8_S4_MAT_COMPOUNDS,1,26.12
user_014,G8_S4_MAT_COMPOUNDS,0,13.49
user_014,G8_S4_MAT_COMPOUNDS,1,20.43
user_014,G8_S4_MAT_COMPOUNDS,0,13.08
user_014,G8_S4_MAT_COMPOUNDS,1,20.24
user_014,G8_S4_MAT_COMPOUNDS,1,12.6
user_014,G8_S4_MAT_COMPOUNDS,1,13.32
user_014,G8_S4_MAT_COMPOUNDS,1,15.7
user_014,G8_S4_MAT_COMPOUNDS,1,10.43
user_014,G8_S4_MAT_COMPOUNDS,1,11.04
user_014,G8_S4_MAT_COMPOUNDS,1,12.06
user_014,G8_S5_MAT_DENSITY,1,20.17
user_014,G8_S5_MAT_DENSITY,1,19.17
user_014,G8_S5_MAT_DENSITY,0,9.82
user_014,G8_S5_MAT_DENSITY,1,16.79
user_014,G8_S5_MAT_DENSITY,1,15.53
user_014,G8_S5_MAT_DENSITY,1,16.07
user_014,G8_S5_MAT_DENSITY,1,11.57
user_014,G8_S5_MAT_DENSITY,1,13.68
user_014,G8_S5_MAT_DENSITY,1,7.67
user_014,G8_S5_MAT_DENSITY,1,9.84
user_014,G8_S5_MAT_DENSITY,1,14.3
user_014,G8_S5_MAT_DENSITY,1,11.76
user_014,G8_S5_MAT_THERMAL,0,23.53
user_014,G8_S5_MAT_THERMAL,1,17.81
user_014,G8_S5_MAT_THERMAL,1,14.43
user_014,G8_S5_MAT_THERMAL,1,12.9
user_014,G8_S5_MAT_THERMAL,1,13.16
user_014,G8_S5_MAT_THERMAL,1,17.79
user_014,G8_S5_MAT_THERMAL,1,11.34
user_014,G8_S5_MAT_THERMAL,1,9.3
user_014,G8_S5_MAT_THERMAL,1,13.37
user_014,G8_S5_MAT_THERMAL,1,11.33
user_014,G8_S5_MAT_THERMAL,1,16.0
user_014,G8_S5_MAT_THERMAL,1,10.58
user_014,G8_S6_CHA_PHYSICAL,0,25.52
user_014,G8_S6_CHA_PHYSICAL,0,19.28
user_014,G8_S6_CHA_PHYSICAL,0,18.35
user_014,G8_S6_CHA_PHYSICAL,0,22.34
user_014,G8_S6_CHA_PHYSICAL,0,22.82
user_014,G8_S6_CHA_PHYSICAL,0,19.8
user_014,G8_S6_CHA_PHYSICAL,1,15.43
user_014,G8_S6_CHA_PHYSICAL,0,15.8
user_014,G8_S6_CHA_PHYSICAL,0,21.23
user_014,G8_S6_CHA_PHYSICAL,0,21.39
user_014,G8_S6_CHA_PHYSICAL,0,20.75
user_014,G8_S6_CHA_PHYSICAL,0,17.9
user_014,G8_S6_CHA_BURNING,0,24.96
user_014,G8_S6_CHA_BURNING,1,17.57
user_014,G8_S6_CHA_BURNING,1,13.72
user_014,G8_S6_CHA_BURNING,1,9.87
user_014,G8_S6_CHA_BURNING,1,14.78
user_014,G8_S6_CHA_BURNING,1,12.48
user_014,G8_S6_CHA_BURNING,1,17.53
user_014,G8_S6_CHA_BURNING,1,10.99
user_014,G8_S6_CHA_BURNING,1,12.62
user_014,G8_S6_CHA_BURNING,1,10.59
user_014,G8_S6_CHA_BURNING,1,9.79
user_014,G8_S6_CHA_BURNING,1,11.81
user_014,G8_S7_FOR_TYPES,1,22.1
user_014,G8_S7_FOR_TYPES,1,14.46
user_014,G8_S7_FOR_TYPES,1,13.71
user_014,G8_S7_FOR_TYPES,1,7.75
user_014,G8_S7_FOR_TYPES,1,12.38
user_014,G8_S7_FOR_TYPES,1,19.16
user_014,G8_S7_FOR_TYPES,1,11.3
user_014,G8_S7_FOR_TYPES,1,17.42
user_014,G8_S7_FOR_TYPES,1,16.37
user_014,G8_S7_FOR_TYPES,1,12.75
user_014,G8_S7_FOR_TYPES,1,13.88
user_014,G8_S7_FOR_TYPES,1,9.54
user_014,G8_S7_FOR_PRESSURE,0,19.65
user_014,G8_S7_FOR_PRESSURE,1,22.44
user_014,G8_S7_FOR_PRESSURE,1,20.11
user_014,G8_S7_FOR_PRESSURE,1,9.22
user_014,G8_S7_FOR_PRESSURE,1,12.68
user_014,G8_S7_FOR_PRESSURE,1,11.2
user_014,G8_S7_FOR_PRESSURE,1,8.16
user_014,G8_S7_FOR_PRESSURE,1,12.04
user_014,G8_S7_FOR_PRESSURE,1,12.12
user_014,G8_S7_FOR_PRESSURE,1,8.04
user_014,G8_S7_FOR_PRESSURE,1,11.93
user_014,G8_S7_FOR_PRESSURE,1,11.72
user_014,G8_S8_STA_PHENOM,1,22.79
user_014,G8_S8_STA_PHENOM,1,21.66
user_014,G8_S8_STA_PHENOM,0,9.82
user_014,G8_S8_STA_PHENOM,0,16.6
user_014,G8_S8_STA_PHENOM,1,18.59
user_014,G8_S8_STA_PHENOM,1,13.69
user_014,G8_S8_STA_PHENOM,1,13.84
user_014,G8_S8_STA_PHENOM,1,12.58
user_014,G8_S8_STA_PHENOM,1,13.59
user_014,G8_S8_STA_PHENOM,1,7.65
user_014,G8_S8_STA_PHENOM,1,9.84
user_014,G8_S8_STA_PHENOM,1,16.51
user_014,G8_S8_STA_LIGHTNG,0,22.86
user_014,G8_S8_STA_LIGHTNG,1,22.27
user_014,G8_S8_STA_LIGHTNG,0,16.98
user_014,G8_S8_STA_LIGHTNG,1,17.47
user_014,G8_S8_STA_LIGHTNG,1,16.04
user_014,G8_S8_STA_LIGHTNG,1,12.34
user_014,G8_S8_STA_LIGHTNG,1,9.75
user_014,G8_S8_STA_LIGHTNG,1,10.35
user_014,G8_S8_STA_LIGHTNG,1,9.4
user_014,G8_S8_STA_LIGHTNG,1,9.6
user_014,G8_S8_STA_LIGHTNG,1,18.64
user_014,G8_S8_STA_LIGHTNG,1,11.13
user_014,G9_S1_SYS_DIGEST,0,18.6
user_014,G9_S1_SYS_DIGEST,0,25.78
user_014,G9_S1_SYS_DIGEST,1,18.35
user_014,G9_S1_SYS_DIGEST,0,13.08
user_014,G9_S1_SYS_DIGEST,1,18.37
user_014,G9_S1_SYS_DIGEST,1,15.92
user_014,G9_S1_SYS_DIGEST,0,14.97
user_014,G9_S1_SYS_DIGEST,1,17.74
user_014,G9_S1_SYS_DIGEST,1,14.95
user_014,G9_S1_SYS_DIGEST,1,12.95
user_014,G9_S1_SYS_DIGEST,1,9.64
user_014,G9_S1_SYS_DIGEST,1,12.43
user_014,G9_S1_SYS_CIRCUL,0,19.01
user_014,G9_S1_SYS_CIRCUL,0,23.35
user_014,G9_S1_SYS_CIRCUL,1,23.06
user_014,G9_S1_SYS_CIRCUL,1,14.64
user_014,G9_S1_SYS_CIRCUL,1,12.76
user_014,G9_S1_SYS_CIRCUL,1,13.14
user_014,G9_S1_SYS_CIRCUL,1,13.25
user_014,G9_S1_SYS_CIRCUL,0,12.39
user_014,G9_S1_SYS_CIRCUL,1,16.79
user_014,G9_S1_SYS_CIRCUL,1,11.28
user_014,G9_S1_SYS_CIRCUL,1,14.4
user_014,G9_S1_SYS_CIRCUL,1,7.25
user_014,G9_S2_RHY_EARTH,0,28.71
user_014,G9_S2_RHY_EARTH,1,20.39
user_014,G9_S2_RHY_EARTH,0,14.61
user_014,G9_S2_RHY_EARTH,0,19.04
user_014,G9_S2_RHY_EARTH,1,22.34
user_014,G9_S2_RHY_EARTH,1,17.25
user_014,G9_S2_RHY_EARTH,0,11.63
user_014,G9_S2_RHY_EARTH,1,15.13
user_014,G9_S2_RHY_EARTH,1,9.9
user_014,G9_S2_RHY_EARTH,1,13.08
user_014,G9_S2_RHY_EARTH,1,13.66
user_014,G9_S2_RHY_EARTH,1,6.87
user_014,G9_S2_RHY_CLIMATE,0,25.31
user_014,G9_S2_RHY_CLIMATE,1,22.13
user_014,G9_S2_RHY_CLIMATE,0,21.05
user_014,G9_S2_RHY_CLIMATE,0,17.7
user_014,G9_S2_RHY_CLIMATE,0,22.44
user_014,G9_S2_RHY_CLIMATE,0,21.15
user_014,G9_S2_RHY_CLIMATE,0,20.56
user_014,G9_S2_RHY_CLIMATE,0,24.41
user_014,G9_S2_RHY_CLIMATE,1,18.55
user_014,G9_S2_RHY_CLIMATE,1,22.22
user_014,G9_S2_RHY_CLIMATE,1,15.62
user_014,G9_S2_RHY_CLIMATE,1,8.96
user_014,G9_S3_LIG_REFRAC,0,24.45
user_014,G9_S3_LIG_REFRAC,0,23.48
user_014,G9_S3_LIG_REFRAC,0,27.47
user_014,G9_S3_LIG_REFRAC,0,22.06
user_014,G9_S3_LIG_REFRAC,0,25.43
user_014,G9_S3_LIG_REFRAC,0,20.82
user_014,G9_S3_LIG_REFRAC,0,23.0
user_014,G9_S3_LIG_REFRAC,0,17.47
user_014,G9_S3_LIG_REFRAC,1,20.66
user_014,G9_S3_LIG_REFRAC,1,17.1
user_014,G9_S3_LIG_REFRAC,1,15.33
user_014,G9_S3_LIG_REFRAC,1,13.34
user_014,G9_S3_LIG_LENSES,0,22.51
user_014,G9_S3_LIG_LENSES,1,15.2
user_014,G9_S3_LIG_LENSES,1,13.82
user_014,G9_S3_LIG_LENSES,1,16.3
user_014,G9_S3_LIG_LENSES,1,15.88
user_014,G9_S3_LIG_LENSES,1,14.44
user_014,G9_S3_LIG_LENSES,1,16.69
user_014,G9_S3_LIG_LENSES,1,16.01
user_014,G9_S3_LIG_LENSES,1,16.6
user_014,G9_S3_LIG_LENSES,1,7.64
user_014,G9_S3_LIG_LENSES,1,13.42
user_014,G9_S3_LIG_LENSES,1,13.56
user_014,G9_S4_SOU_PROPAG,1,22.35
user_014,G9_S4_SOU_PROPAG,1,22.4
user_014,G9_S4_SOU_PROPAG,0,17.7
user_014,G9_S4_SOU_PROPAG,0,16.12
user_014,G9_S4_SOU_PROPAG,1,19.77
user_014,G9_S4_SOU_PROPAG,0,16.04
user_014,G9_S4_SOU_PROPAG,1,22.31
user_014,G9_S4_SOU_PROPAG,1,16.35
user_014,G9_S4_SOU_PROPAG,0,12.68
user_014,G9_S4_SOU_PROPAG,1,18.42
user_014,G9_S4_SOU_PROPAG,1,14.1
user_014,G9_S4_SOU_PROPAG,1,7.96
user_014,G9_S4_SOU_HEARING,1,19.31
user_014,G9_S4_SOU_HEARING,1,17.82
user_014,G9_S4_SOU_HEARING,1,15.77
user_014,G9_S4_SOU_HEARING,1,15.47
user_014,G9_S4_SOU_HEARING,1,8.83
user_014,G9_S4_SOU_HEARING,1,10.1
user_014,G9_S4_SOU_HEARING,1,16.92
user_014,G9_S4_SOU_HEARING,1,11.63
user_014,G9_S4_SOU_HEARING,1,12.57
user_014,G9_S4_SOU_HEARING,1,13.01
user_014,G9_S4_SOU_HEARING,1,13.36
user_014,G9_S4_SOU_HEARING,1,13.7
user_014,G9_S5_HEA_EXPANS,0,21.6
user_014,G9_S5_HEA_EXPANS,0,20.02
user_014,G9_S5_HEA_EXPANS,1,21.52
user_014,G9_S5_HEA_EXPANS,1,15.88
user_014,G9_S5_HEA_EXPANS,1,10.18
user_014,G9_S5_HEA_EXPANS,1,14.01
user_014,G9_S5_HEA_EXPANS,1,13.66
user_014,G9_S5_HEA_EXPANS,1,14.13
user_014,G9_S5_HEA_EXPANS,1,13.42
user_014,G9_S5_HEA_EXPANS,1,11.6
user_014,G9_S5_HEA_EXPANS,1,12.48
user_014,G9_S5_HEA_EXPANS,0,10.42
user_014,G9_S5_HEA_TRANSF,0,24.67
user_014,G9_S5_HEA_TRANSF,1,23.68
user_014,G9_S5_HEA_TRANSF,0,15.85
user_014,G9_S5_HEA_TRANSF,0,19.36
user_014,G9_S5_HEA_TRANSF,0,21.84
user_014,G9_S5_HEA_TRANSF,1,21.25
user_014,G9_S5_HEA_TRANSF,1,17.69
user_014,G9_S5_HEA_TRANSF,1,7.03
user_014,G9_S5_HEA_TRANSF,1,11.52
user_014,G9_S5_HEA_TRANSF,1,11.48
user_014,G9_S5_HEA_TRANSF,1,10.8
user_014,G9_S5_HEA_TRANSF,1,12.57
user_014,G9_S6_NAT_ATOMS,0,22.1
user_014,G9_S6_NAT_ATOMS,0,21.84
user_014,G9_S6_NAT_ATOMS,0,19.64
user_014,G9_S6_NAT_ATOMS,1,18.87
user_014,G9_S6_NAT_ATOMS,1,16.59
user_014,G9_S6_NAT_ATOMS,0,10.95
user_014,G9_S6_NAT_ATOMS,0,15.65
user_014,G9_S6_NAT_ATOMS,0,15.44
user_014,G9_S6_NAT_ATOMS,1,23.12
user_014,G9_S6_NAT_ATOMS,0,19.19
user_014,G9_S6_NAT_ATOMS,0,21.28
user_014,G9_S6_NAT_ATOMS,1,20.97
user_014,G9_S6_NAT_CONFIG,1,27.05
user_014,G9_S6_NAT_CONFIG,0,17.72
user_014,G9_S6_NAT_CONFIG,1,21.34
user_014,G9_S6_NAT_CONFIG,1,10.38
user_014,G9_S6_NAT_CONFIG,1,12.73
user_014,G9_S6_NAT_CONFIG,1,11.99
user_014,G9_S6_NAT_CONFIG,1,8.76
user_014,G9_S6_NAT_CONFIG,1,10.05
user_014,G9_S6_NAT_CONFIG,1,15.73
user_014,G9_S6_NAT_CONFIG,1,10.64
user_014,G9_S6_NAT_CONFIG,1,14.06
user_014,G9_S6_NAT_CONFIG,1,8.31
user_014,G9_S7_ACI_SALTS,1,21.4
user_014,G9_S7_ACI_SALTS,1,17.58
user_014,G9_S7_ACI_SALTS,1,14.07
user_014,G9_S7_ACI_SALTS,0,13.74
user_014,G9_S7_ACI_SALTS,1,18.51
user_014,G9_S7_ACI_SALTS,1,14.7
user_014,G9_S7_ACI_SALTS,1,18.79
user_014,G9_S7_ACI_SALTS,1,13.2
user_014,G9_S7_ACI_SALTS,0,13.23
user_014,G9_S7_ACI_SALTS,1,11.28
user_014,G9_S7_ACI_SALTS,1,13.55
user_014,G9_S7_ACI_SALTS,1,12.49
user_014,G9_S7_ACI_NEUTRAL,1,25.47
user_014,G9_S7_ACI_NEUTRAL,0,17.38
user_014,G9_S7_ACI_NEUTRAL,1,21.82
user_014,G9_S7_ACI_NEUTRAL,1,13.05
user_014,G9_S7_ACI_NEUTRAL,1,12.36
user_014,G9_S7_ACI_NEUTRAL,1,15.54
user_014,G9_S7_ACI_NEUTRAL,1,9.67
user_014,G9_S7_ACI_NEUTRAL,1,12.49
user_014,G9_S7_ACI_NEUTRAL,0,11.58
user_014,G9_S7_ACI_NEUTRAL,1,12.19
user_014,G9_S7_ACI_NEUTRAL,0,14.75
user_014,G9_S7_ACI_NEUTRAL,1,13.17
user_015,G6_S1_ORG_CHARS,0,26.42
user_015,G6_S1_ORG_CHARS,0,22.08
user_015,G6_S1_ORG_CHARS,0,27.93
user_015,G6_S1_ORG_CHARS,1,20.44
user_015,G6_S1_ORG_CHARS,1,15.52
user_015,G6_S1_ORG_CHARS,1,17.97
user_015,G6_S1_ORG_CHARS,1,14.8
user_015,G6_S1_ORG_CHARS,1,12.88
user_015,G6_S1_ORG_CHARS,1,15.92
user_015,G6_S1_ORG_CHARS,0,10.48
user_015,G6_S1_ORG_CHARS,1,10.58
user_015,G6_S1_ORG_CHARS,1,10.05
user_015,G6_S1_ORG_CLASS,1,21.67
user_015,G6_S1_ORG_CLASS,1,19.2
user_015,G6_S1_ORG_CLASS,1,12.85
user_015,G6_S1_ORG_CLASS,1,18.13
user_015,G6_S1_ORG_CLASS,1,13.2
user_015,G6_S1_ORG_CLASS,1,18.29
user_015,G6_S1_ORG_CLASS,1,13.6
user_015,G6_S1_ORG_CLASS,1,15.65
user_015,G6_S1_ORG_CLASS,1,14.13
user_015,G6_S1_ORG_CLASS,1,15.57
user_015,G6_S1_ORG_CLASS,0,12.39
user_015,G6_S1_ORG_CLASS,0,13.58
user_015,G6_S2_MAT_STATES,1,22.91
user_015,G6_S2_MAT_STATES,1,20.07
user_015,G6_S2_MAT_STATES,1,12.74
user_015,G6_S2_MAT_STATES,1,12.6
user_015,G6_S2_MAT_STATES,1,10.86
user_015,G6_S2_MAT_STATES,1,13.21
user_015,G6_S2_MAT_STATES,1,9.06
user_015,G6_S2_MAT_STATES,1,11.84
user_015,G6_S2_MAT_STATES,0,13.03
user_015,G6_S2_MAT_STATES,1,13.68
user_015,G6_S2_MAT_STATES,1,16.82
user_015,G6_S2_MAT_STATES,1,10.89
user_015,G6_S2_MAT_PROPS,0,19.38
user_015,G6_S2_MAT_PROPS,1,18.28
user_015,G6_S2_MAT_PROPS,1,20.76
user_015,G6_S2_MAT_PROPS,1,12.27
user_015,G6_S2_MAT_PROPS,1,13.18
user_015,G6_S2_MAT_PROPS,1,8.45
user_015,G6_S2_MAT_PROPS,1,9.9
user_015,G6_S2_MAT_PROPS,1,14.1
user_015,G6_S2_MAT_PROPS,1,18.04
user_015,G6_S2_MAT_PROPS,0,11.75
user_015,G6_S2_MAT_PROPS,0,10.83
user_015,G6_S2_MAT_PROPS,1,17.24
user_015,G6_S4_ENE_SOURCES,1,27.61
user_015,G6_S4_ENE_SOURCES,0,19.55
user_015,G6_S4_ENE_SOURCES,0,17.34
user_015,G6_S4_ENE_SOURCES,1,21.03
user_015,G6_S4_ENE_SOURCES,1,20.08
user_015,G6_S4_ENE_SOURCES,0,15.8
user_015,G6_S4_ENE_SOURCES,1,22.09
user_015,G6_S4_ENE_SOURCES,1,16.68
user_015,G6_S4_ENE_SOURCES,1,10.33
user_015,G6_S4_ENE_SOURCES,1,11.43
user_015,G6_S4_ENE_SOURCES,1,12.51
user_015,G6_S4_ENE_SOURCES,1,6.0
user_015,G6_S8_ELE_CIRCUITS,0,23.16
user_015,G6_S8_ELE_CIRCUITS,0,23.15
user_015,G6_S8_ELE_CIRCUITS,1,19.9
user_015,G6_S8_ELE_CIRCUITS,1,17.61
user_015,G6_S8_ELE_CIRCUITS,1,15.07
user_015,G6_S8_ELE_CIRCUITS,0,12.69
user_015,G6_S8_ELE_CIRCUITS,1,13.7
user_015,G6_S8_ELE_CIRCUITS,1,15.6
user_015,G6_S8_ELE_CIRCUITS,1,10.95
user_015,G6_S8_ELE_CIRCUITS,1,12.71
user_015,G6_S8_ELE_CIRCUITS,1,15.35
user_015,G6_S8_ELE_CIRCUITS,1,15.92
user_015,G6_S8_ELE_CONDINS,0,21.66
user_015,G6_S8_ELE_CONDINS,1,18.6
user_015,G6_S8_ELE_CONDINS,1,18.81
user_015,G6_S8_ELE_CONDINS,1,11.11
user_015,G6_S8_ELE_CONDINS,1,12.9
user_015,G6_S8_ELE_CONDINS,1,5.89
user_015,G6_S8_ELE_CONDINS,1,14.01
user_015,G6_S8_ELE_CONDINS,1,14.42
user_015,G6_S8_ELE_CONDINS,1,11.98
user_015,G6_S8_ELE_CONDINS,1,14.26
user_015,G6_S8_ELE_CONDINS,1,15.05
user_015,G6_S8_ELE_CONDINS,1,10.36
user_015,G7_S1_PLA_DIVER,1,24.09
user_015,G7_S1_PLA_DIVER,0,17.8
user_015,G7_S1_PLA_DIVER,1,20.14
user_015,G7_S1_PLA_DIVER,1,17.31
user_015,G7_S1_PLA_DIVER,1,16.15
user_015,G7_S1_PLA_DIVER,1,11.48
user_015,G7_S1_PLA_DIVER,1,10.02
user_015,G7_S1_PLA_DIVER,1,6.95
user_015,G7_S1_PLA_DIVER,1,14.34
user_015,G7_S1_PLA_DIVER,1,11.8
user_015,G7_S1_PLA_DIVER,1,13.08
user_015,G7_S1_PLA_DIVER,1,11.41
user_015,G7_S1_PLA_CLASSIF,0,22.85
user_015,G7_S1_PLA_CLASSIF,0,22.12
user_015,G7_S1_PLA_CLASSIF,1,23.9
user_015,G7_S1_PLA_CLASSIF,1,17.56
user_015,G7_S1_PLA_CLASSIF,1,16.78
user_015,G7_S1_PLA_CLASSIF,1,13.01
user_015,G7_S1_PLA_CLASSIF,1,13.41
user_015,G7_S1_PLA_CLASSIF,1,12.02
user_015,G7_S1_PLA_CLASSIF,0,10.14
user_015,G7_S1_PLA_CLASSIF,1,13.9
user_015,G7_S1_PLA_CLASSIF,1,12.01
user_015,G7_S1_PLA_CLASSIF,1,15.11
user_015,G7_S2_STA_CHARGES,0,18.85
user_015,G7_S2_STA_CHARGES,1,23.21
user_015,G7_S2_STA_CHARGES,0,21.16
user_015,G7_S2_STA_CHARGES,0,17.41
user_015,G7_S2_STA_CHARGES,1,20.37
user_015,G7_S2_STA_CHARGES,1,10.58
user_015,G7_S2_STA_CHARGES,1,15.26
user_015,G7_S2_STA_CHARGES,0,14.57
user_015,G7_S2_STA_CHARGES,0,14.56
user_015,G7_S2_STA_CHARGES,1,24.67
user_015,G7_S2_STA_CHARGES,1,15.78
user_015,G7_S2_STA_CHARGES,1,13.52
user_015,G7_S2_STA_CAPACIT,0,21.33
user_015,G7_S2_STA_CAPACIT,0,20.21
user_015,G7_S2_STA_CAPACIT,0,22.21
user_015,G7_S2_STA_CAPACIT,0,22.54
user_015,G7_S2_STA_CAPACIT,0,18.66
user_015,G7_S2_STA_CAPACIT,1,21.26
user_015,G7_S2_STA_CAPACIT,0,16.97
user_015,G7_S2_STA_CAPACIT,1,15.72
user_015,G7_S2_STA_CAPACIT,1,17.79
user_015,G7_S2_STA_CAPACIT,0,12.48
user_015,G7_S2_STA_CAPACIT,1,18.05
user_015,G7_S2_STA_CAPACIT,1,10.28
user_015,G7_S3_ELE_SOURCES,0,21.7
user_015,G7_S3_ELE_SOURCES,1,19.17
user_015,G7_S3_ELE_SOURCES,1,22.33
user_015,G7_S3_ELE_SOURCES,1,12.53
user_015,G7_S3_ELE_SOURCES,1,17.02
user_015,G7_S3_ELE_SOURCES,1,12.11
user_015,G7_S3_ELE_SOURCES,1,11.74
user_015,G7_S3_ELE_SOURCES,1,15.48
user_015,G7_S3_ELE_SOURCES,1,10.5
user_015,G7_S3_ELE_SOURCES,1,9.46
user_015,G7_S3_ELE_SOURCES,1,18.49
user_015,G7_S3_ELE_SOURCES,1,13.63
user_015,G7_S3_ELE_CURRENTS,0,19.71
user_015,G7_S3_ELE_CURRENTS,1,21.42
user_015,G7_S3_ELE_CURRENTS,1,17.67
user_015,G7_S3_ELE_CURRENTS,1,18.77
user_015,G7_S3_ELE_CURRENTS,1,11.81
user_015,G7_S3_ELE_CURRENTS,1,14.64
user_015,G7_S3_ELE_CURRENTS,1,12.87
user_015,G7_S3_ELE_CURRENTS,1,13.12
user_015,G7_S3_ELE_CURRENTS,1,10.49
user_015,G7_S3_ELE_CURRENTS,1,12.91
user_015,G7_S3_ELE_CURRENTS,1,10.21
user_015,G7_S3_ELE_CURRENTS,1,14.62
user_015,G7_S4_WAT_SOLVENT,0,21.43
user_015,G7_S4_WAT_SOLVENT,1,19.86
user_015,G7_S4_WAT_SOLVENT,0,16.0
user_015,G7_S4_WAT_SOLVENT,0,19.26
user_015,G7_S4_WAT_SOLVENT,0,22.32
user_015,G7_S4_WAT_SOLVENT,0,24.26
user_015,G7_S4_WAT_SOLVENT,0,24.97
user_015,G7_S4_WAT_SOLVENT,1,21.46
user_015,G7_S4_WAT_SOLVENT,1,13.92
user_015,G7_S4_WAT_SOLVENT,1,9.03
user_015,G7_S4_WAT_SOLVENT,1,13.57
user_015,G7_S4_WAT_SOLVENT,1,8.54
user_015,G7_S4_WAT_COOLANT,1,23.41
user_015,G7_S4_WAT_COOLANT,0,15.74
user_015,G7_S4_WAT_COOLANT,1,20.83
user_015,G7_S4_WAT_COOLANT,0,15.88
user_015,G7_S4_WAT_COOLANT,0,21.03
user_015,G7_S4_WAT_COOLANT,1,20.73
user_015,G7_S4_WAT_COOLANT,0,15.17
user_015,G7_S4_WAT_COOLANT,1,22.91
user_015,G7_S4_WAT_COOLANT,0,17.34
user_015,G7_S4_WAT_COOLANT,1,23.42
user_015,G7_S4_WAT_COOLANT,1,13.52
user_015,G7_S4_WAT_COOLANT,1,16.69
user_015,G7_S5_ACI_IDENTIF,1,25.12
user_015,G7_S5_ACI_IDENTIF,1,17.61
user_015,G7_S5_ACI_IDENTIF,1,16.33
user_015,G7_S5_ACI_IDENTIF,0,11.19
user_015,G7_S5_ACI_IDENTIF,1,18.61
user_015,G7_S5_ACI_IDENTIF,1,14.49
user_015,G7_S5_ACI_IDENTIF,1,13.98
user_015,G7_S5_ACI_IDENTIF,0,9.26
user_015,G7_S5_ACI_IDENTIF,1,14.69
user_015,G7_S5_ACI_IDENTIF,0,13.42
user_015,G7_S5_ACI_IDENTIF,1,16.09
user_015,G7_S5_ACI_IDENTIF,1,11.26
user_015,G7_S5_ACI_INDICAT,1,21.0
user_015,G7_S5_ACI_INDICAT,0,14.56
user_015,G7_S5_ACI_INDICAT,0,18.74
user_015,G7_S5_ACI_INDICAT,0,18.78
user_015,G7_S5_ACI_INDICAT,1,19.35
user_015,G7_S5_ACI_INDICAT,0,14.6
user_015,G7_S5_ACI_INDICAT,0,22.58
user_015,G7_S5_ACI_INDICAT,0,19.17
user_015,G7_S5_ACI_INDICAT,0,23.61
user_015,G7_S5_ACI_INDICAT,1,21.89
user_015,G7_S5_ACI_INDICAT,0,18.28
user_015,G7_S5_ACI_INDICAT,0,16.39
user_015,G7_S6_ANI_CLASSIF,0,22.25
user_015,G7_S6_ANI_CLASSIF,1,21.66
user_015,G7_S6_ANI_CLASSIF,1,14.86
user_015,G7_S6_ANI_CLASSIF,1,13.9
user_015,G7_S6_ANI_CLASSIF,1,17.74
user_015,G7_S6_ANI_CLASSIF,1,12.96
user_015,G7_S6_ANI_CLASSIF,1,13.67
user_015,G7_S6_ANI_CLASSIF,1,9.66
user_015,G7_S6_ANI_CLASSIF,1,8.17
user_015,G7_S6_ANI_CLASSIF,1,12.96
user_015,G7_S6_ANI_CLASSIF,1,13.22
user_015,G7_S6_ANI_CLASSIF,1,11.77
user_015,G7_S6_ANI_ADAPTAT,0,25.01
user_015,G7_S6_ANI_ADAPTAT,0,23.51
user_015,G7_S6_ANI_ADAPTAT,1,24.03
user_015,G7_S6_ANI_ADAPTAT,0,14.65
user_015,G7_S6_ANI_ADAPTAT,0,21.67
user_015,G7_S6_ANI_ADAPTAT,0,20.74
user_015,G7_S6_ANI_ADAPTAT,1,21.8
user_015,G7_S6_ANI_ADAPTAT,1,18.85
user_015,G7_S6_ANI_ADAPTAT,1,9.54
user_015,G7_S6_ANI_ADAPTAT,0,14.91
user_015,G7_S6_ANI_ADAPTAT,1,15.39
user_015,G7_S6_ANI_ADAPTAT,1,9.95
user_015,G7_S7_ENE_FORMS,0,20.98
user_015,G7_S7_ENE_FORMS,0,23.05
user_015,G7_S7_ENE_FORMS,0,24.68
user_015,G7_S7_ENE_FORMS,0,21.5
user_015,G7_S7_ENE_FORMS,1,21.56
user_015,G7_S7_ENE_FORMS,0,15.66
user_015,G7_S7_ENE_FORMS,0,22.24
user_015,G7_S7_ENE_FORMS,1,24.72
user_015,G7_S7_ENE_FORMS,1,19.86
user_015,G7_S7_ENE_FORMS,1,13.53
user_015,G7_S7_ENE_FORMS,1,13.64
user_015,G7_S7_ENE_FORMS,1,10.74
user_015,G7_S7_ENE_TRANSF,1,23.61
user_015,G7_S7_ENE_TRANSF,1,14.81
user_015,G7_S7_ENE_TRANSF,1,13.62
user_015,G7_S7_ENE_TRANSF,1,11.01
user_015,G7_S7_ENE_TRANSF,1,9.64
user_015,G7_S7_ENE_TRANSF,1,15.18
user_015,G7_S7_ENE_TRANSF,1,10.45
user_015,G7_S7_ENE_TRANSF,1,15.68
user_015,G7_S7_ENE_TRANSF,1,13.21
user_015,G7_S7_ENE_TRANSF,1,10.02
user_015,G7_S7_ENE_TRANSF,1,12.61
user_015,G7_S7_ENE_TRANSF,0,14.39
user_015,G7_S8_EAR_STRUCT,0,20.04
user_015,G7_S8_EAR_STRUCT,0,18.16
user_015,G7_S8_EAR_STRUCT,1,23.52
user_015,G7_S8_EAR_STRUCT,0,12.99
user_015,G7_S8_EAR_STRUCT,0,22.16
user_015,G7_S8_EAR_STRUCT,1,18.81
user_015,G7_S8_EAR_STRUCT,0,14.14
user_015,G7_S8_EAR_STRUCT,1,19.93
user_015,G7_S8_EAR_STRUCT,0,14.57
user_015,G7_S8_EAR_STRUCT,0,16.06
user_015,G7_S8_EAR_STRUCT,0,20.33
user_015,G7_S8_EAR_STRUCT,1,22.88
user_015,G7_S8_EAR_TECTON,0,24.93
user_015,G7_S8_EAR_TECTON,0,22.65
user_015,G7_S8_EAR_TECTON,0,19.11
user_015,G7_S8_EAR_TECTON,1,20.63
user_015,G7_S8_EAR_TECTON,0,15.85
user_015,G7_S8_EAR_TECTON,0,23.62
user_015,G7_S8_EAR_TECTON,0,21.53
user_015,G7_S8_EAR_TECTON,1,24.36
user_015,G7_S8_EAR_TECTON,1,17.83
user_015,G7_S8_EAR_TECTON,1,8.34
user_015,G7_S8_EAR_TECTON,1,11.78
user_015,G7_S8_EAR_TECTON,1,19.77
user_015,G7_S9_LIG_SHADOWS,0,20.3
user_015,G7_S9_LIG_SHADOWS,0,20.17
user_015,G7_S9_LIG_SHADOWS,1,21.4
user_015,G7_S9_LIG_SHADOWS,0,17.97
user_015,G7_S9_LIG_SHADOWS,0,22.31
user_015,G7_S9_LIG_SHADOWS,1,23.11
user_015,G7_S9_LIG_SHADOWS,1,11.24
user_015,G7_S9_LIG_SHADOWS,1,12.99
user_015,G7_S9_LIG_SHADOWS,1,12.5
user_015,G7_S9_LIG_SHADOWS,1,9.35
user_015,G7_S9_LIG_SHADOWS,1,14.79
user_015,G7_S9_LIG_SHADOWS,1,16.03
user_015,G7_S9_LIG_MIRRORS,0,23.48
user_015,G7_S9_LIG_MIRRORS,1,18.96
user_015,G7_S9_LIG_MIRRORS,1,19.23
user_015,G7_S9_LIG_MIRRORS,1,17.03
user_015,G7_S9_LIG_MIRRORS,1,16.61
user_015,G7_S9_LIG_MIRRORS,1,11.99
user_015,G7_S9_LIG_MIRRORS,1,13.59
user_015,G7_S9_LIG_MIRRORS,1,13.91
user_015,G7_S9_LIG_MIRRORS,1,13.45
user_015,G7_S9_LIG_MIRRORS,1,16.46
user_015,G7_S9_LIG_MIRRORS,1,13.53
user_015,G7_S9_LIG_MIRRORS,1,8.37
user_015,G7_S10_MIC_LIGHT,0,22.51
user_015,G7_S10_MIC_LIGHT,0,18.72
user_015,G7_S10_MIC_LIGHT,1,19.32
user_015,G7_S10_MIC_LIGHT,1,16.46
user_015,G7_S10_MIC_LIGHT,1,14.18
user_015,G7_S10_MIC_LIGHT,1,14.72
user_015,G7_S10_MIC_LIGHT,1,10.06
user_015,G7_S10_MIC_LIGHT,1,12.11
user_015,G7_S10_MIC_LIGHT,1,15.08
user_015,G7_S10_MIC_LIGHT,1,13.1
user_015,G7_S10_MIC_LIGHT,1,9.83
user_015,G7_S10_MIC_LIGHT,0,13.96
user_015,G7_S10_MIC_ELECTR,0,23.6
user_015,G7_S10_MIC_ELECTR,1,24.01
user_015,G7_S10_MIC_ELECTR,1,14.7
user_015,G7_S10_MIC_ELECTR,1,14.07
user_015,G7_S10_MIC_ELECTR,1,11.17
user_015,G7_S10_MIC_ELECTR,1,13.32
user_015,G7_S10_MIC_ELECTR,1,12.98
user_015,G7_S10_MIC_ELECTR,1,10.74
user_015,G7_S10_MIC_ELECTR,1,14.52
user_015,G7_S10_MIC_ELECTR,1,11.64
user_015,G7_S10_MIC_ELECTR,1,10.81
user_015,G7_S10_MIC_ELECTR,1,11.13
user_015,G8_S1_BIO_DIVER,0,24.15
user_015,G8_S1_BIO_DIVER,0,18.57
user_015,G8_S1_BIO_DIVER,0,23.06
user_015,G8_S1_BIO_DIVER,0,21.54
user_015,G8_S1_BIO_DIVER,0,18.34
user_015,G8_S1_BIO_DIVER,1,23.43
user_015,G8_S1_BIO_DIVER,0,17.4
user_015,G8_S1_BIO_DIVER,1,15.7
user_015,G8_S1_BIO_DIVER,1,18.22
user_015,G8_S1_BIO_DIVER,0,13.5
user_015,G8_S1_BIO_DIVER,0,12.7
user_015,G8_S1_BIO_DIVER,0,19.82
user_015,G8_S1_BIO_CLASSIF,0,20.27
user_015,G8_S1_BIO_CLASSIF,0,25.55
user_015,G8_S1_BIO_CLASSIF,1,22.77
user_015,G8_S1_BIO_CLASSIF,0,15.98
user_015,G8_S1_BIO_CLASSIF,1,15.61
user_015,G8_S1_BIO_CLASSIF,1,15.6
user_015,G8_S1_BIO_CLASSIF,0,10.39
user_015,G8_S1_BIO_CLASSIF,1,14.49
user_015,G8_S1_BIO_CLASSIF,1,15.91
user_015,G8_S1_BIO_CLASSIF,1,13.96
user_015,G8_S1_BIO_CLASSIF,1,10.82
user_015,G8_S1_BIO_CLASSIF,1,11.92
user_015,G8_S2_TIS_PLANT,1,18.73
user_015,G8_S2_TIS_PLANT,1,20.12
user_015,G8_S2_TIS_PLANT,1,14.82
user_015,G8_S2_TIS_PLANT,0,12.91
user_015,G8_S2_TIS_PLANT,1,17.49
user_015,G8_S2_TIS_PLANT,1,14.98
user_015,G8_S2_TIS_PLANT,1,10.58
user_015,G8_S2_TIS_PLANT,1,9.88
user_015,G8_S2_TIS_PLANT,0,13.27
user_015,G8_S2_TIS_PLANT,1,13.98
user_015,G8_S2_TIS_PLANT,1,14.01
user_015,G8_S2_TIS_PLANT,1,10.61
user_015,G8_S2_TIS_ANIMAL,0,19.96
user_015,G8_S2_TIS_ANIMAL,1,23.09
user_015,G8_S2_TIS_ANIMAL,1,19.29
user_015,G8_S2_TIS_ANIMAL,1,15.63
user_015,G8_S2_TIS_ANIMAL,1,13.69
user_015,G8_S2_TIS_ANIMAL,1,11.15
user_015,G8_S2_TIS_ANIMAL,1,6.98
user_015,G8_S2_TIS_ANIMAL,1,15.35
user_015,G8_S2_TIS_ANIMAL,1,17.68
user_015,G8_S2_TIS_ANIMAL,1,15.94
user_015,G8_S2_TIS_ANIMAL,1,11.64
user_015,G8_S2_TIS_ANIMAL,1,16.64
user_015,G8_S3_PHO_PROCESS,0,24.25
user_015,G8_S3_PHO_PROCESS,0,19.45
user_015,G8_S3_PHO_PROCESS,0,25.03
user_015,G8_S3_PHO_PROCESS,1,19.11
user_015,G8_S3_PHO_PROCESS,0,12.56
user_015,G8_S3_PHO_PROCESS,0,21.04
user_015,G8_S3_PHO_PROCESS,0,22.68
user_015,G8_S3_PHO_PROCESS,1,20.37
user_015,G8_S3_PHO_PROCESS,1,17.18
user_015,G8_S3_PHO_PROCESS,0,12.07
user_015,G8_S3_PHO_PROCESS,1,16.64
user_015,G8_S3_PHO_PROCESS,0,14.56
user_015,G8_S3_PHO_IMPORT,1,22.0
user_015,G8_S3_PHO_IMPORT,0,21.15
user_015,G8_S3_PHO_IMPORT,0,22.09
user_015,G8_S3_PHO_IMPORT,0,20.98
user_015,G8_S3_PHO_IMPORT,0,21.13
user_015,G8_S3_PHO_IMPORT,1,18.95
user_015,G8_S3_PHO_IMPORT,0,14.34
user_015,G8_S3_PHO_IMPORT,0,17.41
user_015,G8_S3_PHO_IMPORT,1,20.18
user_015,G8_S3_PHO_IMPORT,1,14.84
user_015,G8_S3_PHO_IMPORT,1,11.35
user_015,G8_S3_PHO_IMPORT,1,5.52
user_015,G8_S4_MAT_ELEMENTS,0,26.82
user_015,G8_S4_MAT_ELEMENTS,1,24.15
user_015,G8_S4_MAT_ELEMENTS,1,15.71
user_015,G8_S4_MAT_ELEMENTS,0,13.61
user_015,G8_S4_MAT_ELEMENTS,1,16.52
user_015,G8_S4_MAT_ELEMENTS,1,14.05
user_015,G8_S4_MAT_ELEMENTS,1,10.68
user_015,G8_S4_MAT_ELEMENTS,1,13.5
user_015,G8_S4_MAT_ELEMENTS,1,10.22
user_015,G8_S4_MAT_ELEMENTS,0,11.48
user_015,G8_S4_MAT_ELEMENTS,1,13.23
user_015,G8_S4_MAT_ELEMENTS,1,16.37
user_015,G8_S4_MAT_COMPOUNDS,1,21.98
user_015,G8_S4_MAT_COMPOUNDS,1,14.93
user_015,G8_S4_MAT_COMPOUNDS,1,17.66
user_015,G8_S4_MAT_COMPOUNDS,0,12.51
user_015,G8_S4_MAT_COMPOUNDS,1,15.09
user_015,G8_S4_MAT_COMPOUNDS,1,12.29
user_015,G8_S4_MAT_COMPOUNDS,1,12.0
user_015,G8_S4_MAT_COMPOUNDS,0,11.07
user_015,G8_S4_MAT_COMPOUNDS,0,12.11
user_015,G8_S4_MAT_COMPOUNDS,0,16.61
user_015,G8_S4_MAT_COMPOUNDS,0,21.57
user_015,G8_S4_MAT_COMPOUNDS,0,15.55
user_015,G8_S5_MAT_DENSITY,1,24.29
user_015,G8_S5_MAT_DENSITY,0,18.1
user_015,G8_S5_MAT_DENSITY,1,20.85
user_015,G8_S5_MAT_DENSITY,1,20.06
user_015,G8_S5_MAT_DENSITY,1,12.82
user_015,G8_S5_MAT_DENSITY,1,12.52
user_015,G8_S5_MAT_DENSITY,1,16.39
user_015,G8_S5_MAT_DENSITY,0,13.25
user_015,G8_S5_MAT_DENSITY,1,9.14
user_015,G8_S5_MAT_DENSITY,1,17.62
user_015,G8_S5_MAT_DENSITY,0,12.49
user_015,G8_S5_MAT_DENSITY,1,14.96
user_015,G8_S5_MAT_THERMAL,0,23.84
user_015,G8_S5_MAT_THERMAL,1,20.4
user_015,G8_S5_MAT_THERMAL,1,14.24
user_015,G8_S5_MAT_THERMAL,1,12.85
user_015,G8_S5_MAT_THERMAL,1,14.07
user_015,G8_S5_MAT_THERMAL,1,16.17
user_015,G8_S5_MAT_THERMAL,1,13.6
user_015,G8_S5_MAT_THERMAL,1,10.22
user_015,G8_S5_MAT_THERMAL,1,15.14
user_015,G8_S5_MAT_THERMAL,1,12.29
user_015,G8_S5_MAT_THERMAL,1,8.8
user_015,G8_S5_MAT_THERMAL,1,11.33
user_015,G8_S6_CHA_PHYSICAL,0,23.43
user_015,G8_S6_CHA_PHYSICAL,1,17.53
user_015,G8_S6_CHA_PHYSICAL,0,20.76
user_015,G8_S6_CHA_PHYSICAL,0,21.65
user_015,G8_S6_CHA_PHYSICAL,1,23.85
user_015,G8_S6_CHA_PHYSICAL,1,14.66
user_015,G8_S6_CHA_PHYSICAL,0,14.76
user_015,G8_S6_CHA_PHYSICAL,1,18.38
user_015,G8_S6_CHA_PHYSICAL,1,11.69
user_015,G8_S6_CHA_PHYSICAL,1,12.78
user_015,G8_S6_CHA_PHYSICAL,1,14.21
user_015,G8_S6_CHA_PHYSICAL,1,10.86
user_015,G8_S6_CHA_BURNING,0,20.5
user_015,G8_S6_CHA_BURNING,0,19.0
user_015,G8_S6_CHA_BURNING,1,22.33
user_015,G8_S6_CHA_BURNING,1,16.91
user_015,G8_S6_CHA_BURNING,1,15.41
user_015,G8_S6_CHA_BURNING,1,13.44
user_015,G8_S6_CHA_BURNING,1,7.61
user_015,G8_S6_CHA_BURNING,1,15.56
user_015,G8_S6_CHA_BURNING,1,10.68
user_015,G8_S6_CHA_BURNING,1,15.4
user_015,G8_S6_CHA_BURNING,0,12.15
user_015,G8_S6_CHA_BURNING,0,14.11
user_015,G8_S7_FOR_TYPES,0,24.42
user_015,G8_S7_FOR_TYPES,0,19.86
user_015,G8_S7_FOR_TYPES,0,24.44
user_015,G8_S7_FOR_TYPES,1,21.86
user_015,G8_S7_FOR_TYPES,0,14.24
user_015,G8_S7_FOR_TYPES,0,19.77
user_015,G8_S7_FOR_TYPES,1,22.55
user_015,G8_S7_FOR_TYPES,1,19.42
user_015,G8_S7_FOR_TYPES,1,14.41
user_015,G8_S7_FOR_TYPES,1,10.56
user_015,G8_S7_FOR_TYPES,1,11.92
user_015,G8_S7_FOR_TYPES,1,10.86
user_015,G8_S7_FOR_PRESSURE,1,22.82
user_015,G8_S7_FOR_PRESSURE,1,22.72
user_015,G8_S7_FOR_PRESSURE,1,16.42
user_015,G8_S7_FOR_PRESSURE,1,11.28
user_015,G8_S7_FOR_PRESSURE,1,14.54
user_015,G8_S7_FOR_PRESSURE,1,11.79
user_015,G8_S7_FOR_PRESSURE,1,12.76
user_015,G8_S7_FOR_PRESSURE,1,13.02
user_015,G8_S7_FOR_PRESSURE,1,12.03
user_015,G8_S7_FOR_PRESSURE,1,16.44
user_015,G8_S7_FOR_PRESSURE,0,12.97
user_015,G8_S7_FOR_PRESSURE,1,10.09
user_015,G8_S8_STA_PHENOM,0,21.5
user_015,G8_S8_STA_PHENOM,0,24.18
user_015,G8_S8_STA_PHENOM,0,18.11
user_015,G8_S8_STA_PHENOM,1,17.7
user_015,G8_S8_STA_PHENOM,1,16.63
user_015,G8_S8_STA_PHENOM,1,14.92
user_015,G8_S8_STA_PHENOM,1,11.09
user_015,G8_S8_STA_PHENOM,1,14.02
user_015,G8_S8_STA_PHENOM,1,10.12
user_015,G8_S8_STA_PHENOM,1,15.37
user_015,G8_S8_STA_PHENOM,0,11.38
user_015,G8_S8_STA_PHENOM,1,17.66
user_015,G8_S8_STA_LIGHTNG,0,23.31
user_015,G8_S8_STA_LIGHTNG,0,17.64
user_015,G8_S8_STA_LIGHTNG,0,15.14
user_015,G8_S8_STA_LIGHTNG,1,19.69
user_015,G8_S8_STA_LIGHTNG,1,16.67
user_015,G8_S8_STA_LIGHTNG,1,11.95
user_015,G8_S8_STA_LIGHTNG,1,9.94
user_015,G8_S8_STA_LIGHTNG,1,12.06
user_015,G8_S8_STA_LIGHTNG,1,13.16
user_015,G8_S8_STA_LIGHTNG,1,13.93
user_015,G8_S8_STA_LIGHTNG,1,14.92
user_015,G8_S8_STA_LIGHTNG,1,9.37
user_015,G9_S1_SYS_DIGEST,0,23.16
user_015,G9_S1_SYS_DIGEST,1,22.63
user_015,G9_S1_SYS_DIGEST,1,17.38
user_015,G9_S1_SYS_DIGEST,1,11.13
user_015,G9_S1_SYS_DIGEST,1,14.98
user_015,G9_S1_SYS_DIGEST,1,11.33
user_015,G9_S1_SYS_DIGEST,0,9.33
user_015,G9_S1_SYS_DIGEST,1,14.14
user_015,G9_S1_SYS_DIGEST,1,14.98
user_015,G9_S1_SYS_DIGEST,1,9.88
user_015,G9_S1_SYS_DIGEST,0,12.66
user_015,G9_S1_SYS_DIGEST,1,11.3
user_015,G9_S1_SYS_CIRCUL,0,19.58
user_015,G9_S1_SYS_CIRCUL,0,20.06
user_015,G9_S1_SYS_CIRCUL,0,20.08
user_015,G9_S1_SYS_CIRCUL,0,19.43
user_015,G9_S1_SYS_CIRCUL,0,23.03
user_015,G9_S1_SYS_CIRCUL,1,23.23
user_015,G9_S1_SYS_CIRCUL,0,13.26
user_015,G9_S1_SYS_CIRCUL,0,24.24
user_015,G9_S1_SYS_CIRCUL,0,21.64
user_015,G9_S1_SYS_CIRCUL,0,22.25
user_015,G9_S1_SYS_CIRCUL,0,23.15
user_015,G9_S1_SYS_CIRCUL,1,21.63
user_015,G9_S2_RHY_EARTH,0,23.93
user_015,G9_S2_RHY_EARTH,0,22.26
user_015,G9_S2_RHY_EARTH,1,20.3
user_015,G9_S2_RHY_EARTH,1,14.9
user_015,G9_S2_RHY_EARTH,1,15.62
user_015,G9_S2_RHY_EARTH,1,13.92
user_015,G9_S2_RHY_EARTH,1,18.11
user_015,G9_S2_RHY_EARTH,0,13.94
user_015,G9_S2_RHY_EARTH,1,12.24
user_015,G9_S2_RHY_EARTH,1,12.32
user_015,G9_S2_RHY_EARTH,1,15.69
user_015,G9_S2_RHY_EARTH,1,10.3
user_015,G9_S2_RHY_CLIMATE,1,27.26
user_015,G9_S2_RHY_CLIMATE,1,17.72
user_015,G9_S2_RHY_CLIMATE,1,8.94
user_015,G9_S2_RHY_CLIMATE,1,11.91
user_015,G9_S2_RHY_CLIMATE,1,12.52
user_015,G9_S2_RHY_CLIMATE,1,13.66
user_015,G9_S2_RHY_CLIMATE,1,13.79
user_015,G9_S2_RHY_CLIMATE,1,9.03
user_015,G9_S2_RHY_CLIMATE,1,13.49
user_015,G9_S2_RHY_CLIMATE,1,16.79
user_015,G9_S2_RHY_CLIMATE,1,17.78
user_015,G9_S2_RHY_CLIMATE,1,12.6
user_015,G9_S3_LIG_REFRAC,0,24.61
user_015,G9_S3_LIG_REFRAC,1,22.86
user_015,G9_S3_LIG_REFRAC,1,17.64
user_015,G9_S3_LIG_REFRAC,0,14.14
user_015,G9_S3_LIG_REFRAC,1,17.44
user_015,G9_S3_LIG_REFRAC,1,12.1
user_015,G9_S3_LIG_REFRAC,1,14.56
user_015,G9_S3_LIG_REFRAC,1,10.36
user_015,G9_S3_LIG_REFRAC,1,12.67
user_015,G9_S3_LIG_REFRAC,1,11.84
user_015,G9_S3_LIG_REFRAC,1,12.13
user_015,G9_S3_LIG_REFRAC,1,14.14
user_015,G9_S3_LIG_LENSES,1,22.03
user_015,G9_S3_LIG_LENSES,1,21.2
user_015,G9_S3_LIG_LENSES,1,13.39
user_015,G9_S3_LIG_LENSES,1,15.47
user_015,G9_S3_LIG_LENSES,0,13.85
user_015,G9_S3_LIG_LENSES,1,11.56
user_015,G9_S3_LIG_LENSES,1,12.23
user_015,G9_S3_LIG_LENSES,0,13.76
user_015,G9_S3_LIG_LENSES,1,13.97
user_015,G9_S3_LIG_LENSES,1,14.59
user_015,G9_S3_LIG_LENSES,1,10.59
user_015,G9_S3_LIG_LENSES,1,12.23
user_015,G9_S4_SOU_PROPAG,0,23.28
user_015,G9_S4_SOU_PROPAG,1,18.62
user_015,G9_S4_SOU_PROPAG,1,9.78
user_015,G9_S4_SOU_PROPAG,1,10.58
user_015,G9_S4_SOU_PROPAG,0,13.1
user_015,G9_S4_SOU_PROPAG,1,12.31
user_015,G9_S4_SOU_PROPAG,0,14.94
user_015,G9_S4_SOU_PROPAG,1,17.34
user_015,G9_S4_SOU_PROPAG,1,14.44
user_015,G9_S4_SOU_PROPAG,1,14.99
user_015,G9_S4_SOU_PROPAG,1,8.41
user_015,G9_S4_SOU_PROPAG,1,6.71
user_015,G9_S4_SOU_HEARING,0,20.29
user_015,G9_S4_SOU_HEARING,0,21.38
user_015,G9_S4_SOU_HEARING,0,22.62
user_015,G9_S4_SOU_HEARING,0,20.68
user_015,G9_S4_SOU_HEARING,1,19.8
user_015,G9_S4_SOU_HEARING,1,18.43
user_015,G9_S4_SOU_HEARING,1,11.28
user_015,G9_S4_SOU_HEARING,1,11.4
user_015,G9_S4_SOU_HEARING,1,10.32
user_015,G9_S4_SOU_HEARING,1,13.04
user_015,G9_S4_SOU_HEARING,1,11.98
user_015,G9_S4_SOU_HEARING,1,10.14
user_015,G9_S5_HEA_EXPANS,0,20.56
user_015,G9_S5_HEA_EXPANS,0,21.13
user_015,G9_S5_HEA_EXPANS,1,19.11
user_015,G9_S5_HEA_EXPANS,1,18.83
user_015,G9_S5_HEA_EXPANS,1,16.63
user_015,G9_S5_HEA_EXPANS,1,8.64
user_015,G9_S5_HEA_EXPANS,1,8.69
user_015,G9_S5_HEA_EXPANS,1,12.91
user_015,G9_S5_HEA_EXPANS,1,8.03
user_015,G9_S5_HEA_EXPANS,0,10.72
user_015,G9_S5_HEA_EXPANS,1,10.26
user_015,G9_S5_HEA_EXPANS,1,8.16
user_015,G9_S5_HEA_TRANSF,0,19.2
user_015,G9_S5_HEA_TRANSF,1,21.04
user_015,G9_S5_HEA_TRANSF,1,11.03
user_015,G9_S5_HEA_TRANSF,1,14.71
user_015,G9_S5_HEA_TRANSF,1,15.21
user_015,G9_S5_HEA_TRANSF,1,12.38
user_015,G9_S5_HEA_TRANSF,1,9.46
user_015,G9_S5_HEA_TRANSF,1,8.45
user_015,G9_S5_HEA_TRANSF,1,12.36
user_015,G9_S5_HEA_TRANSF,0,14.61
user_015,G9_S5_HEA_TRANSF,1,14.27
user_015,G9_S5_HEA_TRANSF,1,11.26
user_015,G9_S6_NAT_ATOMS,0,19.92
user_015,G9_S6_NAT_ATOMS,1,22.74
user_015,G9_S6_NAT_ATOMS,1,13.76
user_015,G9_S6_NAT_ATOMS,1,10.1
user_015,G9_S6_NAT_ATOMS,1,10.73
user_015,G9_S6_NAT_ATOMS,1,7.38
user_015,G9_S6_NAT_ATOMS,0,12.77
user_015,G9_S6_NAT_ATOMS,1,14.43
user_015,G9_S6_NAT_ATOMS,1,15.2
user_015,G9_S6_NAT_ATOMS,1,10.34
user_015,G9_S6_NAT_ATOMS,1,12.49
user_015,G9_S6_NAT_ATOMS,1,9.53
user_015,G9_S6_NAT_CONFIG,0,23.28
user_015,G9_S6_NAT_CONFIG,0,25.31
user_015,G9_S6_NAT_CONFIG,0,23.7
user_015,G9_S6_NAT_CONFIG,1,21.84
user_015,G9_S6_NAT_CONFIG,1,14.81
user_015,G9_S6_NAT_CONFIG,1,17.44
user_015,G9_S6_NAT_CONFIG,1,14.33
user_015,G9_S6_NAT_CONFIG,1,10.11
user_015,G9_S6_NAT_CONFIG,1,12.06
user_015,G9_S6_NAT_CONFIG,0,10.07
user_015,G9_S6_NAT_CONFIG,1,16.28
user_015,G9_S6_NAT_CONFIG,1,12.77
user_015,G9_S7_ACI_SALTS,1,24.22
user_015,G9_S7_ACI_SALTS,1,15.26
user_015,G9_S7_ACI_SALTS,1,10.85
user_015,G9_S7_ACI_SALTS,1,11.34
user_015,G9_S7_ACI_SALTS,1,9.21
user_015,G9_S7_ACI_SALTS,1,14.44
user_015,G9_S7_ACI_SALTS,1,12.5
user_015,G9_S7_ACI_SALTS,1,12.95
user_015,G9_S7_ACI_SALTS,1,6.74
user_015,G9_S7_ACI_SALTS,1,9.27
user_015,G9_S7_ACI_SALTS,1,13.73
user_015,G9_S7_ACI_SALTS,1,16.24
user_015,G9_S7_ACI_NEUTRAL,0,19.15
user_015,G9_S7_ACI_NEUTRAL,0,21.28
user_015,G9_S7_ACI_NEUTRAL,0,19.99
user_015,G9_S7_ACI_NEUTRAL,1,21.04
user_015,G9_S7_ACI_NEUTRAL,1,14.65
user_015,G9_S7_ACI_NEUTRAL,1,7.36
user_015,G9_S7_ACI_NEUTRAL,1,12.5
user_015,G9_S7_ACI_NEUTRAL,1,13.24
user_015,G9_S7_ACI_NEUTRAL,1,7.8
user_015,G9_S7_ACI_NEUTRAL,1,11.21
user_015,G9_S7_ACI_NEUTRAL,1,10.5
user_015,G9_S7_ACI_NEUTRAL,1,13.27
user_016,G6_S1_ORG_CHARS,0,20.11
user_016,G6_S1_ORG_CHARS,0,19.63
user_016,G6_S1_ORG_CHARS,0,25.02
user_016,G6_S1_ORG_CHARS,0,23.64
user_016,G6_S1_ORG_CHARS,1,24.74
user_016,G6_S1_ORG_CHARS,1,16.64
user_016,G6_S1_ORG_CHARS,1,14.07
user_016,G6_S1_ORG_CHARS,1,9.22
user_016,G6_S1_ORG_CHARS,1,11.12
user_016,G6_S1_ORG_CHARS,1,13.2
user_016,G6_S1_ORG_CHARS,1,12.01
user_016,G6_S1_ORG_CHARS,1,12.21
user_016,G6_S1_ORG_CLASS,0,27.99
user_016,G6_S1_ORG_CLASS,1,29.43
user_016,G6_S1_ORG_CLASS,0,16.35
user_016,G6_S1_ORG_CLASS,0,18.47
user_016,G6_S1_ORG_CLASS,0,19.95
user_016,G6_S1_ORG_CLASS,0,17.46
user_016,G6_S1_ORG_CLASS,0,24.87
user_016,G6_S1_ORG_CLASS,1,23.2
user_016,G6_S1_ORG_CLASS,1,16.41
user_016,G6_S1_ORG_CLASS,1,12.89
user_016,G6_S1_ORG_CLASS,0,12.09
user_016,G6_S1_ORG_CLASS,1,16.0
user_016,G6_S2_MAT_STATES,0,18.46
user_016,G6_S2_MAT_STATES,0,20.73
user_016,G6_S2_MAT_STATES,0,24.07
user_016,G6_S2_MAT_STATES,1,23.34
user_016,G6_S2_MAT_STATES,0,19.96
user_016,G6_S2_MAT_STATES,0,18.19
user_016,G6_S2_MAT_STATES,0,21.04
user_016,G6_S2_MAT_STATES,0,21.24
user_016,G6_S2_MAT_STATES,0,21.82
user_016,G6_S2_MAT_STATES,0,21.76
user_016,G6_S2_MAT_STATES,1,20.75
user_016,G6_S2_MAT_STATES,0,16.34
user_016,G6_S2_MAT_PROPS,1,20.2
user_016,G6_S2_MAT_PROPS,0,19.56
user_016,G6_S2_MAT_PROPS,0,22.12
user_016,G6_S2_MAT_PROPS,1,21.23
user_016,G6_S2_MAT_PROPS,1,20.08
user_016,G6_S2_MAT_PROPS,1,18.88
user_016,G6_S2_MAT_PROPS,1,13.21
user_016,G6_S2_MAT_PROPS,1,7.77
user_016,G6_S2_MAT_PROPS,1,15.52
user_016,G6_S2_MAT_PROPS,1,11.0
user_016,G6_S2_MAT_PROPS,1,9.0
user_016,G6_S2_MAT_PROPS,1,12.01
user_016,G6_S4_ENE_SOURCES,0,21.49
user_016,G6_S4_ENE_SOURCES,1,19.53
user_016,G6_S4_ENE_SOURCES,1,14.23
user_016,G6_S4_ENE_SOURCES,1,12.69
user_016,G6_S4_ENE_SOURCES,1,8.26
user_016,G6_S4_ENE_SOURCES,1,9.2
user_016,G6_S4_ENE_SOURCES,1,9.8
user_016,G6_S4_ENE_SOURCES,1,12.56
user_016,G6_S4_ENE_SOURCES,1,12.44
user_016,G6_S4_ENE_SOURCES,1,12.47
user_016,G6_S4_ENE_SOURCES,1,9.29
user_016,G6_S4_ENE_SOURCES,0,8.88
user_016,G6_S8_ELE_CIRCUITS,0,20.86
user_016,G6_S8_ELE_CIRCUITS,1,17.19
user_016,G6_S8_ELE_CIRCUITS,1,17.15
user_016,G6_S8_ELE_CIRCUITS,1,10.89
user_016,G6_S8_ELE_CIRCUITS,1,10.85
user_016,G6_S8_ELE_CIRCUITS,1,14.69
user_016,G6_S8_ELE_CIRCUITS,1,13.65
user_016,G6_S8_ELE_CIRCUITS,1,12.2
user_016,G6_S8_ELE_CIRCUITS,1,10.3
user_016,G6_S8_ELE_CIRCUITS,1,9.15
user_016,G6_S8_ELE_CIRCUITS,1,10.42
user_016,G6_S8_ELE_CIRCUITS,1,13.89
user_016,G6_S8_ELE_CONDINS,1,28.56
user_016,G6_S8_ELE_CONDINS,1,16.04
user_016,G6_S8_ELE_CONDINS,1,15.95
user_016,G6_S8_ELE_CONDINS,1,17.19
user_016,G6_S8_ELE_CONDINS,1,13.69
user_016,G6_S8_ELE_CONDINS,1,8.72
user_016,G6_S8_ELE_CONDINS,1,12.15
user_016,G6_S8_ELE_CONDINS,1,12.04
user_016,G6_S8_ELE_CONDINS,1,11.23
user_016,G6_S8_ELE_CONDINS,1,13.04
user_016,G6_S8_ELE_CONDINS,1,14.31
user_016,G6_S8_ELE_CONDINS,1,12.72
user_016,G7_S1_PLA_DIVER,0,22.21
user_016,G7_S1_PLA_DIVER,0,21.56
user_016,G7_S1_PLA_DIVER,0,17.5
user_016,G7_S1_PLA_DIVER,0,25.54
user_016,G7_S1_PLA_DIVER,0,24.45
user_016,G7_S1_PLA_DIVER,1,18.09
user_016,G7_S1_PLA_DIVER,0,15.42
user_016,G7_S1_PLA_DIVER,1,19.92
user_016,G7_S1_PLA_DIVER,0,12.83
user_016,G7_S1_PLA_DIVER,0,20.12
user_016,G7_S1_PLA_DIVER,1,20.3
user_016,G7_S1_PLA_DIVER,0,13.92
user_016,G7_S1_PLA_CLASSIF,0,23.26
user_016,G7_S1_PLA_CLASSIF,0,22.24
user_016,G7_S1_PLA_CLASSIF,0,22.37
user_016,G7_S1_PLA_CLASSIF,0,15.04
user_016,G7_S1_PLA_CLASSIF,0,23.49
user_016,G7_S1_PLA_CLASSIF,0,23.61
user_016,G7_S1_PLA_CLASSIF,0,25.57
user_016,G7_S1_PLA_CLASSIF,0,18.66
user_016,G7_S1_PLA_CLASSIF,1,23.07
user_016,G7_S1_PLA_CLASSIF,1,16.67
user_016,G7_S1_PLA_CLASSIF,1,14.28
user_016,G7_S1_PLA_CLASSIF,1,14.43
user_016,G7_S2_STA_CHARGES,1,22.37
user_016,G7_S2_STA_CHARGES,1,20.19
user_016,G7_S2_STA_CHARGES,0,14.07
user_016,G7_S2_STA_CHARGES,0,19.47
user_016,G7_S2_STA_CHARGES,1,26.6
user_016,G7_S2_STA_CHARGES,0,16.45
user_016,G7_S2_STA_CHARGES,0,23.82
user_016,G7_S2_STA_CHARGES,0,25.82
user_016,G7_S2_STA_CHARGES,0,19.89
user_016,G7_S2_STA_CHARGES,0,21.0
user_016,G7_S2_STA_CHARGES,0,23.1
user_016,G7_S2_STA_CHARGES,0,19.68
user_016,G7_S2_STA_CAPACIT,0,21.71
user_016,G7_S2_STA_CAPACIT,0,22.02
user_016,G7_S2_STA_CAPACIT,0,20.71
user_016,G7_S2_STA_CAPACIT,0,22.94
user_016,G7_S2_STA_CAPACIT,1,25.34
user_016,G7_S2_STA_CAPACIT,0,15.53
user_016,G7_S2_STA_CAPACIT,0,21.17
user_016,G7_S2_STA_CAPACIT,0,21.81
user_016,G7_S2_STA_CAPACIT,1,21.24
user_016,G7_S2_STA_CAPACIT,0,15.86
user_016,G7_S2_STA_CAPACIT,1,24.84
user_016,G7_S2_STA_CAPACIT,1,16.54
user_016,G7_S3_ELE_SOURCES,1,26.87
user_016,G7_S3_ELE_SOURCES,0,18.75
user_016,G7_S3_ELE_SOURCES,1,18.23
user_016,G7_S3_ELE_SOURCES,1,13.38
user_016,G7_S3_ELE_SOURCES,1,12.87
user_016,G7_S3_ELE_SOURCES,1,8.79
user_016,G7_S3_ELE_SOURCES,1,11.81
user_016,G7_S3_ELE_SOURCES,1,9.08
user_016,G7_S3_ELE_SOURCES,1,13.39
user_016,G7_S3_ELE_SOURCES,1,16.35
user_016,G7_S3_ELE_SOURCES,1,10.17
user_016,G7_S3_ELE_SOURCES,1,9.88
user_016,G7_S3_ELE_CURRENTS,0,19.84
user_016,G7_S3_ELE_CURRENTS,0,20.72
user_016,G7_S3_ELE_CURRENTS,1,23.65
user_016,G7_S3_ELE_CURRENTS,0,20.79
user_016,G7_S3_ELE_CURRENTS,1,22.2
user_016,G7_S3_ELE_CURRENTS,0,15.04
user_016,G7_S3_ELE_CURRENTS,0,21.38
user_016,G7_S3_ELE_CURRENTS,1,21.64
user_016,G7_S3_ELE_CURRENTS,1,14.43
user_016,G7_S3_ELE_CURRENTS,1,12.68
user_016,G7_S3_ELE_CURRENTS,1,13.69
user_016,G7_S3_ELE_CURRENTS,1,9.11
user_016,G7_S4_WAT_SOLVENT,0,18.85
user_016,G7_S4_WAT_SOLVENT,0,24.73
user_016,G7_S4_WAT_SOLVENT,0,22.41
user_016,G7_S4_WAT_SOLVENT,0,16.16
user_016,G7_S4_WAT_SOLVENT,1,23.79
user_016,G7_S4_WAT_SOLVENT,1,15.73
user_016,G7_S4_WAT_SOLVENT,1,15.89
user_016,G7_S4_WAT_SOLVENT,1,14.04
user_016,G7_S4_WAT_SOLVENT,0,9.82
user_016,G7_S4_WAT_SOLVENT,1,14.38
user_016,G7_S4_WAT_SOLVENT,1,6.4
user_016,G7_S4_WAT_SOLVENT,1,9.28
user_016,G7_S4_WAT_COOLANT,0,26.15
user_016,G7_S4_WAT_COOLANT,0,19.82
user_016,G7_S4_WAT_COOLANT,0,23.12
user_016,G7_S4_WAT_COOLANT,0,21.34
user_016,G7_S4_WAT_COOLANT,0,22.3
user_016,G7_S4_WAT_COOLANT,1,22.24
user_016,G7_S4_WAT_COOLANT,1,18.22
user_016,G7_S4_WAT_COOLANT,1,17.17
user_016,G7_S4_WAT_COOLANT,1,15.44
user_016,G7_S4_WAT_COOLANT,1,12.51
user_016,G7_S4_WAT_COOLANT,1,18.76
user_016,G7_S4_WAT_COOLANT,1,15.43
user_016,G7_S5_ACI_IDENTIF,1,25.88
user_016,G7_S5_ACI_IDENTIF,0,21.46
user_016,G7_S5_ACI_IDENTIF,0,22.19
user_016,G7_S5_ACI_IDENTIF,0,22.85
user_016,G7_S5_ACI_IDENTIF,0,20.43
user_016,G7_S5_ACI_IDENTIF,1,20.67
user_016,G7_S5_ACI_IDENTIF,1,17.1
user_016,G7_S5_ACI_IDENTIF,1,14.48
user_016,G7_S5_ACI_IDENTIF,1,10.43
user_016,G7_S5_ACI_IDENTIF,1,20.01
user_016,G7_S5_ACI_IDENTIF,1,12.16
user_016,G7_S5_ACI_IDENTIF,1,12.16
user_016,G7_S5_ACI_INDICAT,0,17.49
user_016,G7_S5_ACI_INDICAT,0,23.63
user_016,G7_S5_ACI_INDICAT,1,22.3
user_016,G7_S5_ACI_INDICAT,0,23.58
user_016,G7_S5_ACI_INDICAT,0,18.47
user_016,G7_S5_ACI_INDICAT,1,18.14
user_016,G7_S5_ACI_INDICAT,0,12.78
user_016,G7_S5_ACI_INDICAT,0,16.41
user_016,G7_S5_ACI_INDICAT,0,18.76
user_016,G7_S5_ACI_INDICAT,0,16.63
user_016,G7_S5_ACI_INDICAT,1,19.02
user_016,G7_S5_ACI_INDICAT,1,10.74
user_016,G7_S6_ANI_CLASSIF,0,22.1
user_016,G7_S6_ANI_CLASSIF,0,23.13
user_016,G7_S6_ANI_CLASSIF,0,25.64
user_016,G7_S6_ANI_CLASSIF,0,22.34
user_016,G7_S6_ANI_CLASSIF,1,23.53
user_016,G7_S6_ANI_CLASSIF,0,16.39
user_016,G7_S6_ANI_CLASSIF,0,20.62
user_016,G7_S6_ANI_CLASSIF,0,19.07
user_016,G7_S6_ANI_CLASSIF,1,20.61
user_016,G7_S6_ANI_CLASSIF,0,13.05
user_016,G7_S6_ANI_CLASSIF,1,17.13
user_016,G7_S6_ANI_CLASSIF,1,10.33
user_016,G7_S6_ANI_ADAPTAT,0,22.42
user_016,G7_S6_ANI_ADAPTAT,1,21.69
user_016,G7_S6_ANI_ADAPTAT,1,17.53
user_016,G7_S6_ANI_ADAPTAT,1,13.68
user_016,G7_S6_ANI_ADAPTAT,0,14.11
user_016,G7_S6_ANI_ADAPTAT,1,16.1
user_016,G7_S6_ANI_ADAPTAT,1,9.59
user_016,G7_S6_ANI_ADAPTAT,1,9.79
user_016,G7_S6_ANI_ADAPTAT,1,12.39
user_016,G7_S6_ANI_ADAPTAT,1,11.67
user_016,G7_S6_ANI_ADAPTAT,1,12.65
user_016,G7_S6_ANI_ADAPTAT,1,8.09
user_016,G7_S7_ENE_FORMS,1,17.87
user_016,G7_S7_ENE_FORMS,0,19.4
user_016,G7_S7_ENE_FORMS,1,24.17
user_016,G7_S7_ENE_FORMS,0,15.64
user_016,G7_S7_ENE_FORMS,1,17.06
user_016,G7_S7_ENE_FORMS,1,16.71
user_016,G7_S7_ENE_FORMS,1,11.59
user_016,G7_S7_ENE_FORMS,0,11.1
user_016,G7_S7_ENE_FORMS,1,12.8
user_016,G7_S7_ENE_FORMS,1,9.2
user_016,G7_S7_ENE_FORMS,1,12.63
user_016,G7_S7_ENE_FORMS,1,16.02
user_016,G7_S7_ENE_TRANSF,1,25.76
user_016,G7_S7_ENE_TRANSF,1,26.12
user_016,G7_S7_ENE_TRANSF,0,12.33
user_016,G7_S7_ENE_TRANSF,1,20.0
user_016,G7_S7_ENE_TRANSF,0,14.87
user_016,G7_S7_ENE_TRANSF,0,20.52
user_016,G7_S7_ENE_TRANSF,0,15.07
user_016,G7_S7_ENE_TRANSF,0,22.15
user_016,G7_S7_ENE_TRANSF,1,20.97
user_016,G7_S7_ENE_TRANSF,0,15.85
user_016,G7_S7_ENE_TRANSF,1,23.13
user_016,G7_S7_ENE_TRANSF,1,12.37
user_016,G7_S8_EAR_STRUCT,0,23.83
user_016,G7_S8_EAR_STRUCT,1,20.87
user_016,G7_S8_EAR_STRUCT,0,17.82
user_016,G7_S8_EAR_STRUCT,1,22.17
user_016,G7_S8_EAR_STRUCT,1,14.71
user_016,G7_S8_EAR_STRUCT,1,14.89
user_016,G7_S8_EAR_STRUCT,1,11.0
user_016,G7_S8_EAR_STRUCT,1,13.07
user_016,G7_S8_EAR_STRUCT,1,10.5
user_016,G7_S8_EAR_STRUCT,1,13.29
user_016,G7_S8_EAR_STRUCT,1,13.49
user_016,G7_S8_EAR_STRUCT,1,12.04
user_016,G7_S8_EAR_TECTON,0,22.9
user_016,G7_S8_EAR_TECTON,0,21.66
user_016,G7_S8_EAR_TECTON,1,20.98
user_016,G7_S8_EAR_TECTON,0,13.93
user_016,G7_S8_EAR_TECTON,0,22.96
user_016,G7_S8_EAR_TECTON,0,22.32
user_016,G7_S8_EAR_TECTON,0,25.88
user_016,G7_S8_EAR_TECTON,1,18.95
user_016,G7_S8_EAR_TECTON,0,14.9
user_016,G7_S8_EAR_TECTON,0,24.04
user_016,G7_S8_EAR_TECTON,0,20.88
user_016,G7_S8_EAR_TECTON,0,18.31
user_016,G7_S9_LIG_SHADOWS,0,25.97
user_016,G7_S9_LIG_SHADOWS,1,13.68
user_016,G7_S9_LIG_SHADOWS,1,16.15
user_016,G7_S9_LIG_SHADOWS,1,16.67
user_016,G7_S9_LIG_SHADOWS,0,7.97
user_016,G7_S9_LIG_SHADOWS,1,18.93
user_016,G7_S9_LIG_SHADOWS,1,12.31
user_016,G7_S9_LIG_SHADOWS,1,10.16
user_016,G7_S9_LIG_SHADOWS,1,9.69
user_016,G7_S9_LIG_SHADOWS,1,11.25
user_016,G7_S9_LIG_SHADOWS,1,10.39
user_016,G7_S9_LIG_SHADOWS,1,13.39
user_016,G7_S9_LIG_MIRRORS,0,25.51
user_016,G7_S9_LIG_MIRRORS,0,22.21
user_016,G7_S9_LIG_MIRRORS,1,25.14
user_016,G7_S9_LIG_MIRRORS,0,17.88
user_016,G7_S9_LIG_MIRRORS,1,19.01
user_016,G7_S9_LIG_MIRRORS,1,14.29
user_016,G7_S9_LIG_MIRRORS,1,16.59
user_016,G7_S9_LIG_MIRRORS,1,15.65
user_016,G7_S9_LIG_MIRRORS,1,13.04
user_016,G7_S9_LIG_MIRRORS,1,12.1
user_016,G7_S9_LIG_MIRRORS,1,12.96
user_016,G7_S9_LIG_MIRRORS,1,13.17
user_016,G7_S10_MIC_LIGHT,0,21.64
user_016,G7_S10_MIC_LIGHT,0,17.81
user_016,G7_S10_MIC_LIGHT,0,18.29
user_016,G7_S10_MIC_LIGHT,1,22.1
user_016,G7_S10_MIC_LIGHT,1,15.5
user_016,G7_S10_MIC_LIGHT,1,11.96
user_016,G7_S10_MIC_LIGHT,1,11.82
user_016,G7_S10_MIC_LIGHT,1,9.69
user_016,G7_S10_MIC_LIGHT,0,9.59
user_016,G7_S10_MIC_LIGHT,1,16.91
user_016,G7_S10_MIC_LIGHT,1,10.47
user_016,G7_S10_MIC_LIGHT,0,16.13
user_016,G7_S10_MIC_ELECTR,0,24.55
user_016,G7_S10_MIC_ELECTR,0,23.14
user_016,G7_S10_MIC_ELECTR,0,20.86
user_016,G7_S10_MIC_ELECTR,1,23.12
user_016,G7_S10_MIC_ELECTR,1,16.44
user_016,G7_S10_MIC_ELECTR,1,13.42
user_016,G7_S10_MIC_ELECTR,1,10.5
user_016,G7_S10_MIC_ELECTR,1,10.93
user_016,G7_S10_MIC_ELECTR,1,15.66
user_016,G7_S10_MIC_ELECTR,1,9.11
user_016,G7_S10_MIC_ELECTR,1,8.14
user_016,G7_S10_MIC_ELECTR,1,14.83
user_016,G8_S1_BIO_DIVER,0,24.84
user_016,G8_S1_BIO_DIVER,0,23.82
user_016,G8_S1_BIO_DIVER,1,21.01
user_016,G8_S1_BIO_DIVER,0,17.02
user_016,G8_S1_BIO_DIVER,1,21.66
user_016,G8_S1_BIO_DIVER,1,11.22
user_016,G8_S1_BIO_DIVER,1,11.19
user_016,G8_S1_BIO_DIVER,1,13.03
user_016,G8_S1_BIO_DIVER,1,7.44
user_016,G8_S1_BIO_DIVER,1,14.73
user_016,G8_S1_BIO_DIVER,1,12.42
user_016,G8_S1_BIO_DIVER,1,11.33
user_016,G8_S1_BIO_CLASSIF,1,22.06
user_016,G8_S1_BIO_CLASSIF,1,20.25
user_016,G8_S1_BIO_CLASSIF,1,12.81
user_016,G8_S1_BIO_CLASSIF,1,9.47
user_016,G8_S1_BIO_CLASSIF,1,14.3
user_016,G8_S1_BIO_CLASSIF,1,13.55
user_016,G8_S1_BIO_CLASSIF,1,13.31
user_016,G8_S1_BIO_CLASSIF,1,12.62
user_016,G8_S1_BIO_CLASSIF,1,12.21
user_016,G8_S1_BIO_CLASSIF,1,14.28
user_016,G8_S1_BIO_CLASSIF,1,10.56
user_016,G8_S1_BIO_CLASSIF,1,6.03
user_016,G8_S2_TIS_PLANT,0,26.78
user_016,G8_S2_TIS_PLANT,0,24.1
user_016,G8_S2_TIS_PLANT,0,20.63
user_016,G8_S2_TIS_PLANT,0,21.56
user_016,G8_S2_TIS_PLANT,1,22.29
user_016,G8_S2_TIS_PLANT,1,15.62
user_016,G8_S2_TIS_PLANT,1,10.81
user_016,G8_S2_TIS_PLANT,0,11.17
user_016,G8_S2_TIS_PLANT,0,15.25
user_016,G8_S2_TIS_PLANT,1,16.14
user_016,G8_S2_TIS_PLANT,1,16.0
user_016,G8_S2_TIS_PLANT,1,10.4
user_016,G8_S2_TIS_ANIMAL,1,21.71
user_016,G8_S2_TIS_ANIMAL,0,18.79
user_016,G8_S2_TIS_ANIMAL,0,20.67
user_016,G8_S2_TIS_ANIMAL,0,21.08
user_016,G8_S2_TIS_ANIMAL,1,21.91
user_016,G8_S2_TIS_ANIMAL,0,18.79
user_016,G8_S2_TIS_ANIMAL,1,16.13
user_016,G8_S2_TIS_ANIMAL,1,16.57
user_016,G8_S2_TIS_ANIMAL,1,16.91
user_016,G8_S2_TIS_ANIMAL,1,12.68
user_016,G8_S2_TIS_ANIMAL,1,10.24
user_016,G8_S2_TIS_ANIMAL,1,10.65
user_016,G8_S3_PHO_PROCESS,1,24.69
user_016,G8_S3_PHO_PROCESS,0,16.25
user_016,G8_S3_PHO_PROCESS,0,21.17
user_016,G8_S3_PHO_PROCESS,0,19.92
user_016,G8_S3_PHO_PROCESS,0,21.07
user_016,G8_S3_PHO_PROCESS,0,21.91
user_016,G8_S3_PHO_PROCESS,0,19.46
user_016,G8_S3_PHO_PROCESS,0,24.91
user_016,G8_S3_PHO_PROCESS,0,23.36
user_016,G8_S3_PHO_PROCESS,0,19.62
user_016,G8_S3_PHO_PROCESS,0,21.8
user_016,G8_S3_PHO_PROCESS,0,22.58
user_016,G8_S3_PHO_IMPORT,1,24.47
user_016,G8_S3_PHO_IMPORT,0,19.3
user_016,G8_S3_PHO_IMPORT,0,20.43
user_016,G8_S3_PHO_IMPORT,1,20.5
user_016,G8_S3_PHO_IMPORT,1,15.26
user_016,G8_S3_PHO_IMPORT,0,12.99
user_016,G8_S3_PHO_IMPORT,1,15.65
user_016,G8_S3_PHO_IMPORT,0,12.69
user_016,G8_S3_PHO_IMPORT,1,16.53
user_016,G8_S3_PHO_IMPORT,1,15.47
user_016,G8_S3_PHO_IMPORT,1,10.33
user_016,G8_S3_PHO_IMPORT,0,10.5
user_016,G8_S4_MAT_ELEMENTS,1,22.18
user_016,G8_S4_MAT_ELEMENTS,1,17.16
user_016,G8_S4_MAT_ELEMENTS,1,16.22
user_016,G8_S4_MAT_ELEMENTS,1,9.45
user_016,G8_S4_MAT_ELEMENTS,1,14.44
user_016,G8_S4_MAT_ELEMENTS,1,10.83
user_016,G8_S4_MAT_ELEMENTS,1,10.99
user_016,G8_S4_MAT_ELEMENTS,0,11.02
user_016,G8_S4_MAT_ELEMENTS,1,18.14
user_016,G8_S4_MAT_ELEMENTS,1,12.51
user_016,G8_S4_MAT_ELEMENTS,0,12.5
user_016,G8_S4_MAT_ELEMENTS,1,15.31
user_016,G8_S4_MAT_COMPOUNDS,0,20.24
user_016,G8_S4_MAT_COMPOUNDS,0,18.64
user_016,G8_S4_MAT_COMPOUNDS,0,19.79
user_016,G8_S4_MAT_COMPOUNDS,0,21.77
user_016,G8_S4_MAT_COMPOUNDS,0,20.86
user_016,G8_S4_MAT_COMPOUNDS,1,17.74
user_016,G8_S4_MAT_COMPOUNDS,1,19.81
user_016,G8_S4_MAT_COMPOUNDS,1,11.46
user_016,G8_S4_MAT_COMPOUNDS,1,15.4
user_016,G8_S4_MAT_COMPOUNDS,1,12.24
user_016,G8_S4_MAT_COMPOUNDS,1,15.39
user_016,G8_S4_MAT_COMPOUNDS,1,12.86
user_016,G8_S5_MAT_DENSITY,0,22.05
user_016,G8_S5_MAT_DENSITY,1,24.74
user_016,G8_S5_MAT_DENSITY,0,13.74
user_016,G8_S5_MAT_DENSITY,1,16.18
user_016,G8_S5_MAT_DENSITY,1,16.11
user_016,G8_S5_MAT_DENSITY,1,11.51
user_016,G8_S5_MAT_DENSITY,0,8.24
user_016,G8_S5_MAT_DENSITY,1,13.76
user_016,G8_S5_MAT_DENSITY,1,10.29
user_016,G8_S5_MAT_DENSITY,0,13.29
user_016,G8_S5_MAT_DENSITY,0,11.58
user_016,G8_S5_MAT_DENSITY,0,15.63
user_016,G8_S5_MAT_THERMAL,1,19.6
user_016,G8_S5_MAT_THERMAL,0,22.27
user_016,G8_S5_MAT_THERMAL,1,23.62
user_016,G8_S5_MAT_THERMAL,1,13.24
user_016,G8_S5_MAT_THERMAL,0,13.56
user_016,G8_S5_MAT_THERMAL,1,20.32
user_016,G8_S5_MAT_THERMAL,1,13.93
user_016,G8_S5_MAT_THERMAL,1,15.97
user_016,G8_S5_MAT_THERMAL,1,10.65
user_016,G8_S5_MAT_THERMAL,1,11.96
user_016,G8_S5_MAT_THERMAL,1,10.46
user_016,G8_S5_MAT_THERMAL,1,8.56
user_016,G8_S6_CHA_PHYSICAL,0,24.95
user_016,G8_S6_CHA_PHYSICAL,1,18.87
user_016,G8_S6_CHA_PHYSICAL,1,16.39
user_016,G8_S6_CHA_PHYSICAL,1,11.28
user_016,G8_S6_CHA_PHYSICAL,1,11.71
user_016,G8_S6_CHA_PHYSICAL,1,14.15
user_016,G8_S6_CHA_PHYSICAL,1,12.68
user_016,G8_S6_CHA_PHYSICAL,1,10.6
user_016,G8_S6_CHA_PHYSICAL,1,10.61
user_016,G8_S6_CHA_PHYSICAL,1,12.8
user_016,G8_S6_CHA_PHYSICAL,1,7.88
user_016,G8_S6_CHA_PHYSICAL,1,9.42
user_016,G8_S6_CHA_BURNING,1,22.56
user_016,G8_S6_CHA_BURNING,0,16.76
user_016,G8_S6_CHA_BURNING,0,18.98
user_016,G8_S6_CHA_BURNING,0,18.4
user_016,G8_S6_CHA_BURNING,1,19.97
user_016,G8_S6_CHA_BURNING,1,22.53
user_016,G8_S6_CHA_BURNING,1,13.47
user_016,G8_S6_CHA_BURNING,1,11.22
user_016,G8_S6_CHA_BURNING,1,17.18
user_016,G8_S6_CHA_BURNING,1,11.82
user_016,G8_S6_CHA_BURNING,1,9.69
user_016,G8_S6_CHA_BURNING,0,10.56
user_016,G8_S7_FOR_TYPES,0,21.79
user_016,G8_S7_FOR_TYPES,0,25.87
user_016,G8_S7_FOR_TYPES,1,19.32
user_016,G8_S7_FOR_TYPES,1,17.84
user_016,G8_S7_FOR_TYPES,1,15.46
user_016,G8_S7_FOR_TYPES,1,8.92
user_016,G8_S7_FOR_TYPES,1,13.98
user_016,G8_S7_FOR_TYPES,1,14.05
user_016,G8_S7_FOR_TYPES,1,15.43
user_016,G8_S7_FOR_TYPES,0,13.39
user_016,G8_S7_FOR_TYPES,1,12.65
user_016,G8_S7_FOR_TYPES,1,12.83
user_016,G8_S7_FOR_PRESSURE,0,24.37
user_016,G8_S7_FOR_PRESSURE,0,25.26
user_016,G8_S7_FOR_PRESSURE,1,20.06
user_016,G8_S7_FOR_PRESSURE,1,20.46
user_016,G8_S7_FOR_PRESSURE,1,14.77
user_016,G8_S7_FOR_PRESSURE,1,11.05
user_016,G8_S7_FOR_PRESSURE,1,8.57
user_016,G8_S7_FOR_PRESSURE,1,11.81
user_016,G8_S7_FOR_PRESSURE,1,12.61
user_016,G8_S7_FOR_PRESSURE,1,10.65
user_016,G8_S7_FOR_PRESSURE,1,15.49
user_016,G8_S7_FOR_PRESSURE,0,12.23
user_016,G8_S8_STA_PHENOM,1,22.23
user_016,G8_S8_STA_PHENOM,0,20.41
user_016,G8_S8_STA_PHENOM,1,22.59
user_016,G8_S8_STA_PHENOM,1,14.51
user_016,G8_S8_STA_PHENOM,1,15.08
user_016,G8_S8_STA_PHENOM,0,13.68
user_016,G8_S8_STA_PHENOM,1,12.8
user_016,G8_S8_STA_PHENOM,1,10.31
user_016,G8_S8_STA_PHENOM,1,17.46
user_016,G8_S8_STA_PHENOM,1,9.59
user_016,G8_S8_STA_PHENOM,1,10.4
user_016,G8_S8_STA_PHENOM,1,14.33
user_016,G8_S8_STA_LIGHTNG,0,23.11
user_016,G8_S8_STA_LIGHTNG,1,24.15
user_016,G8_S8_STA_LIGHTNG,1,14.5
user_016,G8_S8_STA_LIGHTNG,1,12.99
user_016,G8_S8_STA_LIGHTNG,1,11.12
user_016,G8_S8_STA_LIGHTNG,1,11.94
user_016,G8_S8_STA_LIGHTNG,1,10.23
user_016,G8_S8_STA_LIGHTNG,1,13.29
user_016,G8_S8_STA_LIGHTNG,1,15.86
user_016,G8_S8_STA_LIGHTNG,1,9.15
user_016,G8_S8_STA_LIGHTNG,1,9.84
user_016,G8_S8_STA_LIGHTNG,1,10.71
user_016,G9_S1_SYS_DIGEST,1,24.11
user_016,G9_S1_SYS_DIGEST,0,18.63
user_016,G9_S1_SYS_DIGEST,0,21.46
user_016,G9_S1_SYS_DIGEST,0,21.23
user_016,G9_S1_SYS_DIGEST,0,23.34
user_016,G9_S1_SYS_DIGEST,0,16.92
user_016,G9_S1_SYS_DIGEST,0,23.65
user_016,G9_S1_SYS_DIGEST,1,20.64
user_016,G9_S1_SYS_DIGEST,1,17.89
user_016,G9_S1_SYS_DIGEST,0,12.3
user_016,G9_S1_SYS_DIGEST,1,16.49
user_016,G9_S1_SYS_DIGEST,0,15.14
user_016,G9_S1_SYS_CIRCUL,0,26.33
user_016,G9_S1_SYS_CIRCUL,0,22.61
user_016,G9_S1_SYS_CIRCUL,1,17.74
user_016,G9_S1_SYS_CIRCUL,0,12.85
user_016,G9_S1_SYS_CIRCUL,1,20.35
user_016,G9_S1_SYS_CIRCUL,0,14.65
user_016,G9_S1_SYS_CIRCUL,0,21.3
user_016,G9_S1_SYS_CIRCUL,0,18.93
user_016,G9_S1_SYS_CIRCUL,0,22.86
user_016,G9_S1_SYS_CIRCUL,0,18.67
user_016,G9_S1_SYS_CIRCUL,0,20.79
user_016,G9_S1_SYS_CIRCUL,1,22.69
user_016,G9_S2_RHY_EARTH,1,21.72
user_016,G9_S2_RHY_EARTH,1,20.21
user_016,G9_S2_RHY_EARTH,1,15.67
user_016,G9_S2_RHY_EARTH,1,12.91
user_016,G9_S2_RHY_EARTH,1,11.47
user_016,G9_S2_RHY_EARTH,1,10.26
user_016,G9_S2_RHY_EARTH,0,9.62
user_016,G9_S2_RHY_EARTH,1,11.65
user_016,G9_S2_RHY_EARTH,1,12.26
user_016,G9_S2_RHY_EARTH,1,12.63
user_016,G9_S2_RHY_EARTH,1,12.2
user_016,G9_S2_RHY_EARTH,1,11.41
user_016,G9_S2_RHY_CLIMATE,0,24.81
user_016,G9_S2_RHY_CLIMATE,1,24.48
user_016,G9_S2_RHY_CLIMATE,0,17.53
user_016,G9_S2_RHY_CLIMATE,1,19.67
user_016,G9_S2_RHY_CLIMATE,1,18.73
user_016,G9_S2_RHY_CLIMATE,1,11.62
user_016,G9_S2_RHY_CLIMATE,1,11.59
user_016,G9_S2_RHY_CLIMATE,1,16.76
user_016,G9_S2_RHY_CLIMATE,1,11.91
user_016,G9_S2_RHY_CLIMATE,1,12.8
user_016,G9_S2_RHY_CLIMATE,1,10.78
user_016,G9_S2_RHY_CLIMATE,1,9.83
user_016,G9_S3_LIG_REFRAC,0,18.56
user_016,G9_S3_LIG_REFRAC,1,17.78
user_016,G9_S3_LIG_REFRAC,1,13.53
user_016,G9_S3_LIG_REFRAC,1,12.69
user_016,G9_S3_LIG_REFRAC,0,10.86
user_016,G9_S3_LIG_REFRAC,1,13.55
user_016,G9_S3_LIG_REFRAC,1,11.65
user_016,G9_S3_LIG_REFRAC,1,7.65
user_016,G9_S3_LIG_REFRAC,1,14.75
user_016,G9_S3_LIG_REFRAC,1,9.5
user_016,G9_S3_LIG_REFRAC,1,10.86
user_016,G9_S3_LIG_REFRAC,1,11.53
user_016,G9_S3_LIG_LENSES,1,25.68
user_016,G9_S3_LIG_LENSES,0,19.49
user_016,G9_S3_LIG_LENSES,1,17.37
user_016,G9_S3_LIG_LENSES,0,15.75
user_016,G9_S3_LIG_LENSES,1,17.58
user_016,G9_S3_LIG_LENSES,0,17.26
user_016,G9_S3_LIG_LENSES,1,20.97
user_016,G9_S3_LIG_LENSES,1,13.39
user_016,G9_S3_LIG_LENSES,1,14.61
user_016,G9_S3_LIG_LENSES,1,15.4
user_016,G9_S3_LIG_LENSES,1,11.29
user_016,G9_S3_LIG_LENSES,0,10.09
user_016,G9_S4_SOU_PROPAG,0,26.38
user_016,G9_S4_SOU_PROPAG,0,19.0
user_016,G9_S4_SOU_PROPAG,0,20.84
user_016,G9_S4_SOU_PROPAG,1,22.44
user_016,G9_S4_SOU_PROPAG,1,15.99
user_016,G9_S4_SOU_PROPAG,1,15.8
user_016,G9_S4_SOU_PROPAG,1,15.23
user_016,G9_S4_SOU_PROPAG,1,12.7
user_016,G9_S4_SOU_PROPAG,1,11.95
user_016,G9_S4_SOU_PROPAG,1,10.51
user_016,G9_S4_SOU_PROPAG,1,9.01
user_016,G9_S4_SOU_PROPAG,0,12.12
user_016,G9_S4_SOU_HEARING,0,23.68
user_016,G9_S4_SOU_HEARING,0,25.15
user_016,G9_S4_SOU_HEARING,1,22.89
user_016,G9_S4_SOU_HEARING,1,11.95
user_016,G9_S4_SOU_HEARING,1,15.46
user_016,G9_S4_SOU_HEARING,1,9.52
user_016,G9_S4_SOU_HEARING,1,10.71
user_016,G9_S4_SOU_HEARING,1,9.47
user_016,G9_S4_SOU_HEARING,0,8.87
user_016,G9_S4_SOU_HEARING,1,11.02
user_016,G9_S4_SOU_HEARING,1,10.41
user_016,G9_S4_SOU_HEARING,1,13.15
user_016,G9_S5_HEA_EXPANS,0,28.1
user_016,G9_S5_HEA_EXPANS,0,21.23
user_016,G9_S5_HEA_EXPANS,0,23.89
user_016,G9_S5_HEA_EXPANS,1,21.96
user_016,G9_S5_HEA_EXPANS,1,16.29
user_016,G9_S5_HEA_EXPANS,1,14.34
user_016,G9_S5_HEA_EXPANS,1,10.51
user_016,G9_S5_HEA_EXPANS,0,11.12
user_016,G9_S5_HEA_EXPANS,1,12.34
user_016,G9_S5_HEA_EXPANS,1,11.41
user_016,G9_S5_HEA_EXPANS,1,11.98
user_016,G9_S5_HEA_EXPANS,1,15.03
user_016,G9_S5_HEA_TRANSF,0,27.09
user_016,G9_S5_HEA_TRANSF,0,16.92
user_016,G9_S5_HEA_TRANSF,0,23.21
user_016,G9_S5_HEA_TRANSF,0,23.91
user_016,G9_S5_HEA_TRANSF,1,25.17
user_016,G9_S5_HEA_TRANSF,1,14.51
user_016,G9_S5_HEA_TRANSF,1,12.58
user_016,G9_S5_HEA_TRANSF,0,13.21
user_016,G9_S5_HEA_TRANSF,1,15.43
user_016,G9_S5_HEA_TRANSF,1,15.01
user_016,G9_S5_HEA_TRANSF,1,9.54
user_016,G9_S5_HEA_TRANSF,1,14.44
user_016,G9_S6_NAT_ATOMS,0,26.09
user_016,G9_S6_NAT_ATOMS,0,24.84
user_016,G9_S6_NAT_ATOMS,0,23.45
user_016,G9_S6_NAT_ATOMS,0,20.17
user_016,G9_S6_NAT_ATOMS,0,22.55
user_016,G9_S6_NAT_ATOMS,0,21.65
user_016,G9_S6_NAT_ATOMS,1,20.03
user_016,G9_S6_NAT_ATOMS,1,16.07
user_016,G9_S6_NAT_ATOMS,1,11.54
user_016,G9_S6_NAT_ATOMS,1,11.18
user_016,G9_S6_NAT_ATOMS,1,9.72
user_016,G9_S6_NAT_ATOMS,1,8.16
user_016,G9_S6_NAT_CONFIG,0,22.47
user_016,G9_S6_NAT_CONFIG,0,21.75
user_016,G9_S6_NAT_CONFIG,1,18.57
user_016,G9_S6_NAT_CONFIG,1,16.66
user_016,G9_S6_NAT_CONFIG,0,14.38
user_016,G9_S6_NAT_CONFIG,0,11.36
user_016,G9_S6_NAT_CONFIG,1,17.53
user_016,G9_S6_NAT_CONFIG,0,16.78
user_016,G9_S6_NAT_CONFIG,1,17.69
user_016,G9_S6_NAT_CONFIG,0,9.96
user_016,G9_S6_NAT_CONFIG,0,17.92
user_016,G9_S6_NAT_CONFIG,1,19.0
user_016,G9_S7_ACI_SALTS,0,21.47
user_016,G9_S7_ACI_SALTS,0,17.87
user_016,G9_S7_ACI_SALTS,0,19.26
user_016,G9_S7_ACI_SALTS,0,24.09
user_016,G9_S7_ACI_SALTS,0,19.62
user_016,G9_S7_ACI_SALTS,0,17.88
user_016,G9_S7_ACI_SALTS,0,21.26
user_016,G9_S7_ACI_SALTS,1,22.11
user_016,G9_S7_ACI_SALTS,1,18.74
user_016,G9_S7_ACI_SALTS,1,20.09
user_016,G9_S7_ACI_SALTS,1,11.86
user_016,G9_S7_ACI_SALTS,0,12.36
user_016,G9_S7_ACI_NEUTRAL,1,24.17
user_016,G9_S7_ACI_NEUTRAL,0,20.85
user_016,G9_S7_ACI_NEUTRAL,1,23.49
user_016,G9_S7_ACI_NEUTRAL,0,17.06
user_016,G9_S7_ACI_NEUTRAL,1,18.71
user_016,G9_S7_ACI_NEUTRAL,0,13.82
user_016,G9_S7_ACI_NEUTRAL,0,20.61
user_016,G9_S7_ACI_NEUTRAL,0,21.57
user_016,G9_S7_ACI_NEUTRAL,0,18.94
user_016,G9_S7_ACI_NEUTRAL,1,22.24
user_016,G9_S7_ACI_NEUTRAL,0,17.35
user_016,G9_S7_ACI_NEUTRAL,0,26.92
user_017,G6_S1_ORG_CHARS,0,21.2
user_017,G6_S1_ORG_CHARS,1,24.72
user_017,G6_S1_ORG_CHARS,0,17.0
user_017,G6_S1_ORG_CHARS,0,21.11
user_017,G6_S1_ORG_CHARS,0,23.46
user_017,G6_S1_ORG_CHARS,0,20.15
user_017,G6_S1_ORG_CHARS,0,22.78
user_017,G6_S1_ORG_CHARS,1,21.61
user_017,G6_S1_ORG_CHARS,1,18.0
user_017,G6_S1_ORG_CHARS,1,16.23
user_017,G6_S1_ORG_CHARS,1,14.38
user_017,G6_S1_ORG_CHARS,0,10.67
user_017,G6_S1_ORG_CLASS,0,22.61
user_017,G6_S1_ORG_CLASS,0,21.09
user_017,G6_S1_ORG_CLASS,0,21.49
user_017,G6_S1_ORG_CLASS,0,20.9
user_017,G6_S1_ORG_CLASS,0,22.64
user_017,G6_S1_ORG_CLASS,1,20.77
user_017,G6_S1_ORG_CLASS,0,20.69
user_017,G6_S1_ORG_CLASS,0,23.33
user_017,G6_S1_ORG_CLASS,0,17.34
user_017,G6_S1_ORG_CLASS,1,16.17
user_017,G6_S1_ORG_CLASS,1,22.04
user_017,G6_S1_ORG_CLASS,1,16.47
user_017,G6_S2_MAT_STATES,1,20.75
user_017,G6_S2_MAT_STATES,0,23.3
user_017,G6_S2_MAT_STATES,0,21.94
user_017,G6_S2_MAT_STATES,0,21.67
user_017,G6_S2_MAT_STATES,1,21.64
user_017,G6_S2_MAT_STATES,1,21.0
user_017,G6_S2_MAT_STATES,1,15.51
user_017,G6_S2_MAT_STATES,1,14.14
user_017,G6_S2_MAT_STATES,1,9.06
user_017,G6_S2_MAT_STATES,0,11.26
user_017,G6_S2_MAT_STATES,1,12.92
user_017,G6_S2_MAT_STATES,1,7.03
user_017,G6_S2_MAT_PROPS,0,20.96
user_017,G6_S2_MAT_PROPS,0,23.24
user_017,G6_S2_MAT_PROPS,0,25.55
user_017,G6_S2_MAT_PROPS,0,24.06
user_017,G6_S2_MAT_PROPS,0,18.91
user_017,G6_S2_MAT_PROPS,0,17.86
user_017,G6_S2_MAT_PROPS,1,22.89
user_017,G6_S2_MAT_PROPS,1,17.06
user_017,G6_S2_MAT_PROPS,1,14.98
user_017,G6_S2_MAT_PROPS,1,12.37
user_017,G6_S2_MAT_PROPS,1,13.25
user_017,G6_S2_MAT_PROPS,1,14.89
user_017,G6_S4_ENE_SOURCES,1,26.21
user_017,G6_S4_ENE_SOURCES,0,19.46
user_017,G6_S4_ENE_SOURCES,1,19.2
user_017,G6_S4_ENE_SOURCES,0,19.85
user_017,G6_S4_ENE_SOURCES,0,21.93
user_017,G6_S4_ENE_SOURCES,1,21.81
user_017,G6_S4_ENE_SOURCES,0,14.08
user_017,G6_S4_ENE_SOURCES,0,17.2
user_017,G6_S4_ENE_SOURCES,0,20.95
user_017,G6_S4_ENE_SOURCES,0,20.56
user_017,G6_S4_ENE_SOURCES,1,24.36
user_017,G6_S4_ENE_SOURCES,1,16.79
user_017,G6_S8_ELE_CIRCUITS,1,22.82
user_017,G6_S8_ELE_CIRCUITS,1,12.03
user_017,G6_S8_ELE_CIRCUITS,0,22.9
user_017,G6_S8_ELE_CIRCUITS,0,19.44
user_017,G6_S8_ELE_CIRCUITS,0,21.02
user_017,G6_S8_ELE_CIRCUITS,0,26.57
user_017,G6_S8_ELE_CIRCUITS,1,23.06
user_017,G6_S8_ELE_CIRCUITS,0,16.89
user_017,G6_S8_ELE_CIRCUITS,0,20.99
user_017,G6_S8_ELE_CIRCUITS,1,25.37
user_017,G6_S8_ELE_CIRCUITS,0,18.34
user_017,G6_S8_ELE_CIRCUITS,0,23.77
user_017,G6_S8_ELE_CONDINS,0,21.01
user_017,G6_S8_ELE_CONDINS,0,23.54
user_017,G6_S8_ELE_CONDINS,1,24.59
user_017,G6_S8_ELE_CONDINS,1,15.05
user_017,G6_S8_ELE_CONDINS,1,13.02
user_017,G6_S8_ELE_CONDINS,1,14.75
user_017,G6_S8_ELE_CONDINS,1,13.1
user_017,G6_S8_ELE_CONDINS,1,13.69
user_017,G6_S8_ELE_CONDINS,1,11.34
user_017,G6_S8_ELE_CONDINS,1,14.41
user_017,G6_S8_ELE_CONDINS,1,14.92
user_017,G6_S8_ELE_CONDINS,1,15.51
user_017,G7_S1_PLA_DIVER,1,20.92
user_017,G7_S1_PLA_DIVER,1,21.81
user_017,G7_S1_PLA_DIVER,1,11.97
user_017,G7_S1_PLA_DIVER,1,11.57
user_017,G7_S1_PLA_DIVER,0,10.03
user_017,G7_S1_PLA_DIVER,1,16.67
user_017,G7_S1_PLA_DIVER,1,13.64
user_017,G7_S1_PLA_DIVER,1,13.6
user_017,G7_S1_PLA_DIVER,1,15.41
user_017,G7_S1_PLA_DIVER,1,9.18
user_017,G7_S1_PLA_DIVER,1,13.16
user_017,G7_S1_PLA_DIVER,1,16.8
user_017,G7_S1_PLA_CLASSIF,0,20.13
user_017,G7_S1_PLA_CLASSIF,0,28.18
user_017,G7_S1_PLA_CLASSIF,0,25.87
user_017,G7_S1_PLA_CLASSIF,1,23.81
user_017,G7_S1_PLA_CLASSIF,0,22.02
user_017,G7_S1_PLA_CLASSIF,0,20.47
user_017,G7_S1_PLA_CLASSIF,1,19.53
user_017,G7_S1_PLA_CLASSIF,1,16.8
user_017,G7_S1_PLA_CLASSIF,0,13.74
user_017,G7_S1_PLA_CLASSIF,1,18.02
user_017,G7_S1_PLA_CLASSIF,1,14.05
user_017,G7_S1_PLA_CLASSIF,1,14.32
user_017,G7_S2_STA_CHARGES,0,22.93
user_017,G7_S2_STA_CHARGES,0,21.47
user_017,G7_S2_STA_CHARGES,1,23.09
user_017,G7_S2_STA_CHARGES,1,17.75
user_017,G7_S2_STA_CHARGES,1,15.59
user_017,G7_S2_STA_CHARGES,1,10.45
user_017,G7_S2_STA_CHARGES,1,12.04
user_017,G7_S2_STA_CHARGES,1,13.02
user_017,G7_S2_STA_CHARGES,1,14.28
user_017,G7_S2_STA_CHARGES,1,12.35
user_017,G7_S2_STA_CHARGES,1,11.18
user_017,G7_S2_STA_CHARGES,1,12.58
user_017,G7_S2_STA_CAPACIT,0,23.95
user_017,G7_S2_STA_CAPACIT,1,19.71
user_017,G7_S2_STA_CAPACIT,0,12.98
user_017,G7_S2_STA_CAPACIT,1,20.07
user_017,G7_S2_STA_CAPACIT,1,18.59
user_017,G7_S2_STA_CAPACIT,1,14.91
user_017,G7_S2_STA_CAPACIT,1,10.4
user_017,G7_S2_STA_CAPACIT,1,12.65
user_017,G7_S2_STA_CAPACIT,0,16.5
user_017,G7_S2_STA_CAPACIT,1,13.57
user_017,G7_S2_STA_CAPACIT,1,15.89
user_017,G7_S2_STA_CAPACIT,1,13.25
user_017,G7_S3_ELE_SOURCES,0,22.32
user_017,G7_S3_ELE_SOURCES,0,24.5
user_017,G7_S3_ELE_SOURCES,1,20.23
user_017,G7_S3_ELE_SOURCES,1,15.5
user_017,G7_S3_ELE_SOURCES,0,15.61
user_017,G7_S3_ELE_SOURCES,1,16.45
user_017,G7_S3_ELE_SOURCES,0,20.1
user_017,G7_S3_ELE_SOURCES,1,22.95
user_017,G7_S3_ELE_SOURCES,0,16.26
user_017,G7_S3_ELE_SOURCES,1,20.93
user_017,G7_S3_ELE_SOURCES,1,18.55
user_017,G7_S3_ELE_SOURCES,1,12.51
user_017,G7_S3_ELE_CURRENTS,0,27.92
user_017,G7_S3_ELE_CURRENTS,1,20.56
user_017,G7_S3_ELE_CURRENTS,1,19.91
user_017,G7_S3_ELE_CURRENTS,0,14.23
user_017,G7_S3_ELE_CURRENTS,1,20.35
user_017,G7_S3_ELE_CURRENTS,1,15.84
user_017,G7_S3_ELE_CURRENTS,1,13.01
user_017,G7_S3_ELE_CURRENTS,1,14.35
user_017,G7_S3_ELE_CURRENTS,1,19.12
user_017,G7_S3_ELE_CURRENTS,1,13.03
user_017,G7_S3_ELE_CURRENTS,1,13.26
user_017,G7_S3_ELE_CURRENTS,1,15.96
user_017,G7_S4_WAT_SOLVENT,1,23.43
user_017,G7_S4_WAT_SOLVENT,0,19.46
user_017,G7_S4_WAT_SOLVENT,1,23.28
user_017,G7_S4_WAT_SOLVENT,0,16.83
user_017,G7_S4_WAT_SOLVENT,1,19.08
user_017,G7_S4_WAT_SOLVENT,1,18.83
user_017,G7_S4_WAT_SOLVENT,1,12.52
user_017,G7_S4_WAT_SOLVENT,1,11.81
user_017,G7_S4_WAT_SOLVENT,1,12.09
user_017,G7_S4_WAT_SOLVENT,1,14.2
user_017,G7_S4_WAT_SOLVENT,1,12.35
user_017,G7_S4_WAT_SOLVENT,1,13.61
user_017,G7_S4_WAT_COOLANT,0,27.22
user_017,G7_S4_WAT_COOLANT,1,21.67
user_017,G7_S4_WAT_COOLANT,0,18.97
user_017,G7_S4_WAT_COOLANT,0,26.08
user_017,G7_S4_WAT_COOLANT,1,23.58
user_017,G7_S4_WAT_COOLANT,1,20.14
user_017,G7_S4_WAT_COOLANT,1,16.15
user_017,G7_S4_WAT_COOLANT,1,10.02
user_017,G7_S4_WAT_COOLANT,1,12.2
user_017,G7_S4_WAT_COOLANT,1,15.11
user_017,G7_S4_WAT_COOLANT,1,12.08
user_017,G7_S4_WAT_COOLANT,1,8.29
user_017,G7_S5_ACI_IDENTIF,0,20.56
user_017,G7_S5_ACI_IDENTIF,0,23.39
user_017,G7_S5_ACI_IDENTIF,0,23.47
user_017,G7_S5_ACI_IDENTIF,0,20.92
user_017,G7_S5_ACI_IDENTIF,0,21.19
user_017,G7_S5_ACI_IDENTIF,0,21.18
user_017,G7_S5_ACI_IDENTIF,1,18.82
user_017,G7_S5_ACI_IDENTIF,1,21.16
user_017,G7_S5_ACI_IDENTIF,1,10.61
user_017,G7_S5_ACI_IDENTIF,1,17.21
user_017,G7_S5_ACI_IDENTIF,1,13.53
user_017,G7_S5_ACI_IDENTIF,1,10.69
user_017,G7_S5_ACI_INDICAT,0,25.31
user_017,G7_S5_ACI_INDICAT,0,25.89
user_017,G7_S5_ACI_INDICAT,0,20.41
user_017,G7_S5_ACI_INDICAT,1,20.5
user_017,G7_S5_ACI_INDICAT,1,18.9
user_017,G7_S5_ACI_INDICAT,1,12.34
user_017,G7_S5_ACI_INDICAT,0,12.39
user_017,G7_S5_ACI_INDICAT,0,13.73
user_017,G7_S5_ACI_INDICAT,0,23.98
user_017,G7_S5_ACI_INDICAT,0,19.5
user_017,G7_S5_ACI_INDICAT,0,20.88
user_017,G7_S5_ACI_INDICAT,0,20.26
user_017,G7_S6_ANI_CLASSIF,0,22.23
user_017,G7_S6_ANI_CLASSIF,0,20.08
user_017,G7_S6_ANI_CLASSIF,0,17.88
user_017,G7_S6_ANI_CLASSIF,0,19.99
user_017,G7_S6_ANI_CLASSIF,1,23.87
user_017,G7_S6_ANI_CLASSIF,0,23.27
user_017,G7_S6_ANI_CLASSIF,0,22.62
user_017,G7_S6_ANI_CLASSIF,1,21.54
user_017,G7_S6_ANI_CLASSIF,1,19.45
user_017,G7_S6_ANI_CLASSIF,1,16.27
user_017,G7_S6_ANI_CLASSIF,0,16.38
user_017,G7_S6_ANI_CLASSIF,1,13.86
user_017,G7_S6_ANI_ADAPTAT,1,22.23
user_017,G7_S6_ANI_ADAPTAT,1,25.81
user_017,G7_S6_ANI_ADAPTAT,1,13.71
user_017,G7_S6_ANI_ADAPTAT,1,13.63
user_017,G7_S6_ANI_ADAPTAT,1,13.12
user_017,G7_S6_ANI_ADAPTAT,1,9.95
user_017,G7_S6_ANI_ADAPTAT,1,8.83
user_017,G7_S6_ANI_ADAPTAT,1,12.81
user_017,G7_S6_ANI_ADAPTAT,1,12.4
user_017,G7_S6_ANI_ADAPTAT,1,7.95
user_017,G7_S6_ANI_ADAPTAT,1,14.46
user_017,G7_S6_ANI_ADAPTAT,1,9.4
user_017,G7_S7_ENE_FORMS,1,25.3
user_017,G7_S7_ENE_FORMS,1,18.44
user_017,G7_S7_ENE_FORMS,1,16.81
user_017,G7_S7_ENE_FORMS,1,13.77
user_017,G7_S7_ENE_FORMS,1,10.65
user_017,G7_S7_ENE_FORMS,1,14.16
user_017,G7_S7_ENE_FORMS,1,13.28
user_017,G7_S7_ENE_FORMS,1,12.2
user_017,G7_S7_ENE_FORMS,1,9.14
user_017,G7_S7_ENE_FORMS,1,12.51
user_017,G7_S7_ENE_FORMS,1,14.65
user_017,G7_S7_ENE_FORMS,1,15.17
user_017,G7_S7_ENE_TRANSF,1,29.61
user_017,G7_S7_ENE_TRANSF,1,19.04
user_017,G7_S7_ENE_TRANSF,1,16.17
user_017,G7_S7_ENE_TRANSF,1,9.07
user_017,G7_S7_ENE_TRANSF,1,9.57
user_017,G7_S7_ENE_TRANSF,1,8.65
user_017,G7_S7_ENE_TRANSF,0,10.57
user_017,G7_S7_ENE_TRANSF,1,12.09
user_017,G7_S7_ENE_TRANSF,1,8.17
user_017,G7_S7_ENE_TRANSF,1,15.27
user_017,G7_S7_ENE_TRANSF,1,15.75
user_017,G7_S7_ENE_TRANSF,1,16.41
user_017,G7_S8_EAR_STRUCT,0,23.29
user_017,G7_S8_EAR_STRUCT,0,22.23
user_017,G7_S8_EAR_STRUCT,0,18.84
user_017,G7_S8_EAR_STRUCT,0,22.26
user_017,G7_S8_EAR_STRUCT,1,20.04
user_017,G7_S8_EAR_STRUCT,1,15.07
user_017,G7_S8_EAR_STRUCT,1,10.61
user_017,G7_S8_EAR_STRUCT,1,13.31
user_017,G7_S8_EAR_STRUCT,1,7.93
user_017,G7_S8_EAR_STRUCT,1,14.81
user_017,G7_S8_EAR_STRUCT,1,11.65
user_017,G7_S8_EAR_STRUCT,0,11.78
user_017,G7_S8_EAR_TECTON,1,20.57
user_017,G7_S8_EAR_TECTON,1,22.31
user_017,G7_S8_EAR_TECTON,1,13.53
user_017,G7_S8_EAR_TECTON,1,9.45
user_017,G7_S8_EAR_TECTON,1,12.27
user_017,G7_S8_EAR_TECTON,1,11.16
user_017,G7_S8_EAR_TECTON,1,11.77
user_017,G7_S8_EAR_TECTON,1,14.85
user_017,G7_S8_EAR_TECTON,1,11.24
user_017,G7_S8_EAR_TECTON,1,10.79
user_017,G7_S8_EAR_TECTON,1,12.73
user_017,G7_S8_EAR_TECTON,1,12.57
user_017,G7_S9_LIG_SHADOWS,0,22.62
user_017,G7_S9_LIG_SHADOWS,0,26.31
user_017,G7_S9_LIG_SHADOWS,0,20.72
user_017,G7_S9_LIG_SHADOWS,1,22.46
user_017,G7_S9_LIG_SHADOWS,1,16.63
user_017,G7_S9_LIG_SHADOWS,1,13.27
user_017,G7_S9_LIG_SHADOWS,1,10.58
user_017,G7_S9_LIG_SHADOWS,1,9.54
user_017,G7_S9_LIG_SHADOWS,1,14.13
user_017,G7_S9_LIG_SHADOWS,1,12.75
user_017,G7_S9_LIG_SHADOWS,1,13.31
user_017,G7_S9_LIG_SHADOWS,1,11.42
user_017,G7_S9_LIG_MIRRORS,0,26.3
user_017,G7_S9_LIG_MIRRORS,0,18.07
user_017,G7_S9_LIG_MIRRORS,0,28.44
user_017,G7_S9_LIG_MIRRORS,0,23.63
user_017,G7_S9_LIG_MIRRORS,0,22.38
user_017,G7_S9_LIG_MIRRORS,0,23.69
user_017,G7_S9_LIG_MIRRORS,0,22.1
user_017,G7_S9_LIG_MIRRORS,0,27.44
user_017,G7_S9_LIG_MIRRORS,1,22.25
user_017,G7_S9_LIG_MIRRORS,1,20.05
user_017,G7_S9_LIG_MIRRORS,1,15.5
user_017,G7_S9_LIG_MIRRORS,1,13.27
user_017,G7_S10_MIC_LIGHT,0,26.76
user_017,G7_S10_MIC_LIGHT,0,25.05
user_017,G7_S10_MIC_LIGHT,1,24.47
user_017,G7_S10_MIC_LIGHT,1,17.14
user_017,G7_S10_MIC_LIGHT,1,17.19
user_017,G7_S10_MIC_LIGHT,1,14.77
user_017,G7_S10_MIC_LIGHT,1,12.61
user_017,G7_S10_MIC_LIGHT,1,13.41
user_017,G7_S10_MIC_LIGHT,1,10.45
user_017,G7_S10_MIC_LIGHT,1,16.48
user_017,G7_S10_MIC_LIGHT,1,15.12
user_017,G7_S10_MIC_LIGHT,1,10.17
user_017,G7_S10_MIC_ELECTR,0,18.71
user_017,G7_S10_MIC_ELECTR,1,21.81
user_017,G7_S10_MIC_ELECTR,1,20.22
user_017,G7_S10_MIC_ELECTR,0,16.32
user_017,G7_S10_MIC_ELECTR,1,19.64
user_017,G7_S10_MIC_ELECTR,1,16.02
user_017,G7_S10_MIC_ELECTR,1,7.59
user_017,G7_S10_MIC_ELECTR,1,8.26
user_017,G7_S10_MIC_ELECTR,1,10.16
user_017,G7_S10_MIC_ELECTR,1,12.27
user_017,G7_S10_MIC_ELECTR,1,12.45
user_017,G7_S10_MIC_ELECTR,1,16.37
user_017,G8_S1_BIO_DIVER,0,19.68
user_017,G8_S1_BIO_DIVER,1,22.41
user_017,G8_S1_BIO_DIVER,0,21.09
user_017,G8_S1_BIO_DIVER,1,23.68
user_017,G8_S1_BIO_DIVER,1,18.75
user_017,G8_S1_BIO_DIVER,0,15.89
user_017,G8_S1_BIO_DIVER,1,18.67
user_017,G8_S1_BIO_DIVER,1,19.91
user_017,G8_S1_BIO_DIVER,1,10.74
user_017,G8_S1_BIO_DIVER,1,10.87
user_017,G8_S1_BIO_DIVER,1,10.68
user_017,G8_S1_BIO_DIVER,1,13.19
user_017,G8_S1_BIO_CLASSIF,1,21.2
user_017,G8_S1_BIO_CLASSIF,0,22.9
user_017,G8_S1_BIO_CLASSIF,1,22.79
user_017,G8_S1_BIO_CLASSIF,1,17.37
user_017,G8_S1_BIO_CLASSIF,1,15.36
user_017,G8_S1_BIO_CLASSIF,1,7.15
user_017,G8_S1_BIO_CLASSIF,1,11.65
user_017,G8_S1_BIO_CLASSIF,1,10.3
user_017,G8_S1_BIO_CLASSIF,0,9.23
user_017,G8_S1_BIO_CLASSIF,1,14.39
user_017,G8_S1_BIO_CLASSIF,0,6.77
user_017,G8_S1_BIO_CLASSIF,1,9.7
user_017,G8_S2_TIS_PLANT,1,26.72
user_017,G8_S2_TIS_PLANT,1,18.95
user_017,G8_S2_TIS_PLANT,1,19.39
user_017,G8_S2_TIS_PLANT,1,10.6
user_017,G8_S2_TIS_PLANT,1,7.22
user_017,G8_S2_TIS_PLANT,1,12.0
user_017,G8_S2_TIS_PLANT,1,11.49
user_017,G8_S2_TIS_PLANT,1,11.37
user_017,G8_S2_TIS_PLANT,1,12.29
user_017,G8_S2_TIS_PLANT,1,9.88
user_017,G8_S2_TIS_PLANT,1,14.06
user_017,G8_S2_TIS_PLANT,1,10.2
user_017,G8_S2_TIS_ANIMAL,1,25.21
user_017,G8_S2_TIS_ANIMAL,1,17.61
user_017,G8_S2_TIS_ANIMAL,0,21.05
user_017,G8_S2_TIS_ANIMAL,0,20.53
user_017,G8_S2_TIS_ANIMAL,0,20.53
user_017,G8_S2_TIS_ANIMAL,1,22.9
user_017,G8_S2_TIS_ANIMAL,0,14.83
user_017,G8_S2_TIS_ANIMAL,0,22.91
user_017,G8_S2_TIS_ANIMAL,1,19.26
user_017,G8_S2_TIS_ANIMAL,1,15.45
user_017,G8_S2_TIS_ANIMAL,1,11.95
user_017,G8_S2_TIS_ANIMAL,1,6.98
user_017,G8_S3_PHO_PROCESS,1,23.87
user_017,G8_S3_PHO_PROCESS,0,20.86
user_017,G8_S3_PHO_PROCESS,1,20.59
user_017,G8_S3_PHO_PROCESS,1,17.69
user_017,G8_S3_PHO_PROCESS,0,15.05
user_017,G8_S3_PHO_PROCESS,0,19.66
user_017,G8_S3_PHO_PROCESS,1,19.38
user_017,G8_S3_PHO_PROCESS,1,16.32
user_017,G8_S3_PHO_PROCESS,1,15.73
user_017,G8_S3_PHO_PROCESS,1,10.39
user_017,G8_S3_PHO_PROCESS,1,11.75
user_017,G8_S3_PHO_PROCESS,1,11.83
user_017,G8_S3_PHO_IMPORT,1,23.01
user_017,G8_S3_PHO_IMPORT,0,18.31
user_017,G8_S3_PHO_IMPORT,1,18.83
user_017,G8_S3_PHO_IMPORT,0,21.15
user_017,G8_S3_PHO_IMPORT,0,20.71
user_017,G8_S3_PHO_IMPORT,0,22.45
user_017,G8_S3_PHO_IMPORT,0,24.33
user_017,G8_S3_PHO_IMPORT,0,28.11
user_017,G8_S3_PHO_IMPORT,0,23.99
user_017,G8_S3_PHO_IMPORT,0,25.19
user_017,G8_S3_PHO_IMPORT,0,27.75
user_017,G8_S3_PHO_IMPORT,1,22.5
user_017,G8_S4_MAT_ELEMENTS,0,25.08
user_017,G8_S4_MAT_ELEMENTS,0,21.59
user_017,G8_S4_MAT_ELEMENTS,0,20.26
user_017,G8_S4_MAT_ELEMENTS,1,20.88
user_017,G8_S4_MAT_ELEMENTS,1,13.47
user_017,G8_S4_MAT_ELEMENTS,1,12.64
user_017,G8_S4_MAT_ELEMENTS,1,8.68
user_017,G8_S4_MAT_ELEMENTS,1,8.55
user_017,G8_S4_MAT_ELEMENTS,1,11.11
user_017,G8_S4_MAT_ELEMENTS,1,15.28
user_017,G8_S4_MAT_ELEMENTS,1,12.45
user_017,G8_S4_MAT_ELEMENTS,1,8.1
user_017,G8_S4_MAT_COMPOUNDS,0,22.27
user_017,G8_S4_MAT_COMPOUNDS,0,25.42
user_017,G8_S4_MAT_COMPOUNDS,1,23.33
user_017,G8_S4_MAT_COMPOUNDS,1,17.32
user_017,G8_S4_MAT_COMPOUNDS,1,10.99
user_017,G8_S4_MAT_COMPOUNDS,1,12.37
user_017,G8_S4_MAT_COMPOUNDS,1,12.61
user_017,G8_S4_MAT_COMPOUNDS,0,14.33
user_017,G8_S4_MAT_COMPOUNDS,1,13.3
user_017,G8_S4_MAT_COMPOUNDS,0,11.89
user_017,G8_S4_MAT_COMPOUNDS,1,13.92
user_017,G8_S4_MAT_COMPOUNDS,1,12.19
user_017,G8_S5_MAT_DENSITY,1,20.94
user_017,G8_S5_MAT_DENSITY,0,16.14
user_017,G8_S5_MAT_DENSITY,1,23.05
user_017,G8_S5_MAT_DENSITY,0,15.91
user_017,G8_S5_MAT_DENSITY,0,24.74
user_017,G8_S5_MAT_DENSITY,0,22.17
user_017,G8_S5_MAT_DENSITY,0,25.76
user_017,G8_S5_MAT_DENSITY,0,20.07
user_017,G8_S5_MAT_DENSITY,0,22.57
user_017,G8_S5_MAT_DENSITY,1,19.24
user_017,G8_S5_MAT_DENSITY,0,17.47
user_017,G8_S5_MAT_DENSITY,0,16.38
user_017,G8_S5_MAT_THERMAL,0,20.61
user_017,G8_S5_MAT_THERMAL,1,19.64
user_017,G8_S5_MAT_THERMAL,1,16.77
user_017,G8_S5_MAT_THERMAL,1,13.45
user_017,G8_S5_MAT_THERMAL,1,15.27
user_017,G8_S5_MAT_THERMAL,1,13.11
user_017,G8_S5_MAT_THERMAL,1,12.34
user_017,G8_S5_MAT_THERMAL,1,9.88
user_017,G8_S5_MAT_THERMAL,1,11.09
user_017,G8_S5_MAT_THERMAL,1,14.53
user_017,G8_S5_MAT_THERMAL,1,11.7
user_017,G8_S5_MAT_THERMAL,1,11.39
user_017,G8_S6_CHA_PHYSICAL,0,24.07
user_017,G8_S6_CHA_PHYSICAL,1,23.73
user_017,G8_S6_CHA_PHYSICAL,1,16.43
user_017,G8_S6_CHA_PHYSICAL,1,15.2
user_017,G8_S6_CHA_PHYSICAL,1,14.11
user_017,G8_S6_CHA_PHYSICAL,1,10.72
user_017,G8_S6_CHA_PHYSICAL,1,6.95
user_017,G8_S6_CHA_PHYSICAL,1,12.21
user_017,G8_S6_CHA_PHYSICAL,1,14.11
user_017,G8_S6_CHA_PHYSICAL,1,12.27
user_017,G8_S6_CHA_PHYSICAL,1,13.36
user_017,G8_S6_CHA_PHYSICAL,1,11.29
user_017,G8_S6_CHA_BURNING,1,23.96
user_017,G8_S6_CHA_BURNING,0,20.41
user_017,G8_S6_CHA_BURNING,1,21.52
user_017,G8_S6_CHA_BURNING,0,16.25
user_017,G8_S6_CHA_BURNING,1,23.75
user_017,G8_S6_CHA_BURNING,1,19.61
user_017,G8_S6_CHA_BURNING,1,19.78
user_017,G8_S6_CHA_BURNING,1,11.43
user_017,G8_S6_CHA_BURNING,1,10.23
user_017,G8_S6_CHA_BURNING,1,11.32
user_017,G8_S6_CHA_BURNING,1,10.49
user_017,G8_S6_CHA_BURNING,1,12.7
user_017,G8_S7_FOR_TYPES,1,25.63
user_017,G8_S7_FOR_TYPES,0,22.69
user_017,G8_S7_FOR_TYPES,1,22.67
user_017,G8_S7_FOR_TYPES,1,18.88
user_017,G8_S7_FOR_TYPES,1,14.75
user_017,G8_S7_FOR_TYPES,1,11.81
user_017,G8_S7_FOR_TYPES,1,16.67
user_017,G8_S7_FOR_TYPES,1,12.73
user_017,G8_S7_FOR_TYPES,1,15.18
user_017,G8_S7_FOR_TYPES,1,10.08
user_017,G8_S7_FOR_TYPES,1,13.78
user_017,G8_S7_FOR_TYPES,1,13.32
user_017,G8_S7_FOR_PRESSURE,1,24.38
user_017,G8_S7_FOR_PRESSURE,1,21.27
user_017,G8_S7_FOR_PRESSURE,1,16.06
user_017,G8_S7_FOR_PRESSURE,1,7.91
user_017,G8_S7_FOR_PRESSURE,1,13.47
user_017,G8_S7_FOR_PRESSURE,1,14.4
user_017,G8_S7_FOR_PRESSURE,1,12.4
user_017,G8_S7_FOR_PRESSURE,1,12.14
user_017,G8_S7_FOR_PRESSURE,1,11.77
user_017,G8_S7_FOR_PRESSURE,1,12.65
user_017,G8_S7_FOR_PRESSURE,1,9.73
user_017,G8_S7_FOR_PRESSURE,1,10.69
user_017,G8_S8_STA_PHENOM,0,23.12
user_017,G8_S8_STA_PHENOM,1,22.1
user_017,G8_S8_STA_PHENOM,1,18.4
user_017,G8_S8_STA_PHENOM,1,14.19
user_017,G8_S8_STA_PHENOM,1,13.74
user_017,G8_S8_STA_PHENOM,1,15.6
user_017,G8_S8_STA_PHENOM,1,12.09
user_017,G8_S8_STA_PHENOM,1,12.08
user_017,G8_S8_STA_PHENOM,1,10.25
user_017,G8_S8_STA_PHENOM,1,11.08
user_017,G8_S8_STA_PHENOM,1,13.43
user_017,G8_S8_STA_PHENOM,1,10.2
user_017,G8_S8_STA_LIGHTNG,0,20.12
user_017,G8_S8_STA_LIGHTNG,0,22.59
user_017,G8_S8_STA_LIGHTNG,0,21.0
user_017,G8_S8_STA_LIGHTNG,0,26.0
user_017,G8_S8_STA_LIGHTNG,0,23.78
user_017,G8_S8_STA_LIGHTNG,1,21.37
user_017,G8_S8_STA_LIGHTNG,0,17.36
user_017,G8_S8_STA_LIGHTNG,1,15.21
user_017,G8_S8_STA_LIGHTNG,1,20.66
user_017,G8_S8_STA_LIGHTNG,1,12.87
user_017,G8_S8_STA_LIGHTNG,0,11.56
user_017,G8_S8_STA_LIGHTNG,1,15.25
user_017,G9_S1_SYS_DIGEST,1,22.53
user_017,G9_S1_SYS_DIGEST,1,15.74
user_017,G9_S1_SYS_DIGEST,0,18.05
user_017,G9_S1_SYS_DIGEST,0,21.92
user_017,G9_S1_SYS_DIGEST,1,17.98
user_017,G9_S1_SYS_DIGEST,0,15.1
user_017,G9_S1_SYS_DIGEST,0,23.94
user_017,G9_S1_SYS_DIGEST,0,21.73
user_017,G9_S1_SYS_DIGEST,0,23.67
user_017,G9_S1_SYS_DIGEST,0,22.83
user_017,G9_S1_SYS_DIGEST,0,21.21
user_017,G9_S1_SYS_DIGEST,0,22.91
user_017,G9_S1_SYS_CIRCUL,1,26.18
user_017,G9_S1_SYS_CIRCUL,1,20.87
user_017,G9_S1_SYS_CIRCUL,1,13.33
user_017,G9_S1_SYS_CIRCUL,1,13.01
user_017,G9_S1_SYS_CIRCUL,1,12.81
user_017,G9_S1_SYS_CIRCUL,1,12.82
user_017,G9_S1_SYS_CIRCUL,1,6.89
user_017,G9_S1_SYS_CIRCUL,1,10.54
user_017,G9_S1_SYS_CIRCUL,1,9.63
user_017,G9_S1_SYS_CIRCUL,1,12.49
user_017,G9_S1_SYS_CIRCUL,1,13.02
user_017,G9_S1_SYS_CIRCUL,1,14.77
user_017,G9_S2_RHY_EARTH,0,24.17
user_017,G9_S2_RHY_EARTH,0,22.98
user_017,G9_S2_RHY_EARTH,0,21.71
user_017,G9_S2_RHY_EARTH,0,25.12
user_017,G9_S2_RHY_EARTH,0,24.02
user_017,G9_S2_RHY_EARTH,1,23.3
user_017,G9_S2_RHY_EARTH,1,18.26
user_017,G9_S2_RHY_EARTH,1,13.7
user_017,G9_S2_RHY_EARTH,1,9.7
user_017,G9_S2_RHY_EARTH,1,16.68
user_017,G9_S2_RHY_EARTH,1,13.29
user_017,G9_S2_RHY_EARTH,1,11.4
user_017,G9_S2_RHY_CLIMATE,0,23.49
user_017,G9_S2_RHY_CLIMATE,1,24.21
user_017,G9_S2_RHY_CLIMATE,0,16.66
user_017,G9_S2_RHY_CLIMATE,0,21.65
user_017,G9_S2_RHY_CLIMATE,1,16.09
user_017,G9_S2_RHY_CLIMATE,0,19.53
user_017,G9_S2_RHY_CLIMATE,1,20.72
user_017,G9_S2_RHY_CLIMATE,0,16.4
user_017,G9_S2_RHY_CLIMATE,1,16.79
user_017,G9_S2_RHY_CLIMATE,1,15.25
user_017,G9_S2_RHY_CLIMATE,1,13.44
user_017,G9_S2_RHY_CLIMATE,1,12.64
user_017,G9_S3_LIG_REFRAC,0,26.03
user_017,G9_S3_LIG_REFRAC,0,19.24
user_017,G9_S3_LIG_REFRAC,1,20.58
user_017,G9_S3_LIG_REFRAC,1,18.49
user_017,G9_S3_LIG_REFRAC,0,16.99
user_017,G9_S3_LIG_REFRAC,1,14.75
user_017,G9_S3_LIG_REFRAC,0,6.15
user_017,G9_S3_LIG_REFRAC,1,19.13
user_017,G9_S3_LIG_REFRAC,1,19.05
user_017,G9_S3_LIG_REFRAC,1,11.22
user_017,G9_S3_LIG_REFRAC,1,11.22
user_017,G9_S3_LIG_REFRAC,1,10.31
user_017,G9_S3_LIG_LENSES,0,24.84
user_017,G9_S3_LIG_LENSES,0,22.14
user_017,G9_S3_LIG_LENSES,1,21.02
user_017,G9_S3_LIG_LENSES,0,19.75
user_017,G9_S3_LIG_LENSES,0,20.41
user_017,G9_S3_LIG_LENSES,1,17.8
user_017,G9_S3_LIG_LENSES,1,19.05
user_017,G9_S3_LIG_LENSES,1,15.54
user_017,G9_S3_LIG_LENSES,1,11.36
user_017,G9_S3_LIG_LENSES,1,11.65
user_017,G9_S3_LIG_LENSES,1,15.7
user_017,G9_S3_LIG_LENSES,1,15.02
user_017,G9_S4_SOU_PROPAG,0,24.83
user_017,G9_S4_SOU_PROPAG,0,24.22
user_017,G9_S4_SOU_PROPAG,0,20.8
user_017,G9_S4_SOU_PROPAG,1,21.2
user_017,G9_S4_SOU_PROPAG,1,15.12
user_017,G9_S4_SOU_PROPAG,1,17.0
user_017,G9_S4_SOU_PROPAG,0,14.03
user_017,G9_S4_SOU_PROPAG,1,15.66
user_017,G9_S4_SOU_PROPAG,1,16.2
user_017,G9_S4_SOU_PROPAG,0,10.14
user_017,G9_S4_SOU_PROPAG,1,15.17
user_017,G9_S4_SOU_PROPAG,1,11.12
user_017,G9_S4_SOU_HEARING,0,26.49
user_017,G9_S4_SOU_HEARING,0,18.01
user_017,G9_S4_SOU_HEARING,0,27.58
user_017,G9_S4_SOU_HEARING,0,22.51
user_017,G9_S4_SOU_HEARING,0,17.51
user_017,G9_S4_SOU_HEARING,0,23.41
user_017,G9_S4_SOU_HEARING,0,21.4
user_017,G9_S4_SOU_HEARING,0,25.68
user_017,G9_S4_SOU_HEARING,1,20.56
user_017,G9_S4_SOU_HEARING,1,15.06
user_017,G9_S4_SOU_HEARING,1,10.97
user_017,G9_S4_SOU_HEARING,0,7.09
user_017,G9_S5_HEA_EXPANS,1,23.11
user_017,G9_S5_HEA_EXPANS,0,22.59
user_017,G9_S5_HEA_EXPANS,1,24.77
user_017,G9_S5_HEA_EXPANS,0,19.07
user_017,G9_S5_HEA_EXPANS,1,20.79
user_017,G9_S5_HEA_EXPANS,1,14.85
user_017,G9_S5_HEA_EXPANS,1,15.56
user_017,G9_S5_HEA_EXPANS,1,12.78
user_017,G9_S5_HEA_EXPANS,1,14.73
user_017,G9_S5_HEA_EXPANS,1,8.77
user_017,G9_S5_HEA_EXPANS,1,13.06
user_017,G9_S5_HEA_EXPANS,1,12.19
user_017,G9_S5_HEA_TRANSF,0,25.58
user_017,G9_S5_HEA_TRANSF,0,26.04
user_017,G9_S5_HEA_TRANSF,0,21.78
user_017,G9_S5_HEA_TRANSF,0,19.46
user_017,G9_S5_HEA_TRANSF,1,20.91
user_017,G9_S5_HEA_TRANSF,0,19.2
user_017,G9_S5_HEA_TRANSF,0,22.39
user_017,G9_S5_HEA_TRANSF,0,25.97
user_017,G9_S5_HEA_TRANSF,0,21.81
user_017,G9_S5_HEA_TRANSF,0,22.06
user_017,G9_S5_HEA_TRANSF,1,25.26
user_017,G9_S5_HEA_TRANSF,1,17.58
user_017,G9_S6_NAT_ATOMS,0,20.6
user_017,G9_S6_NAT_ATOMS,0,19.6
user_017,G9_S6_NAT_ATOMS,0,21.2
user_017,G9_S6_NAT_ATOMS,0,20.94
user_017,G9_S6_NAT_ATOMS,0,24.68
user_017,G9_S6_NAT_ATOMS,1,20.09
user_017,G9_S6_NAT_ATOMS,0,19.4
user_017,G9_S6_NAT_ATOMS,0,20.43
user_017,G9_S6_NAT_ATOMS,1,23.13
user_017,G9_S6_NAT_ATOMS,0,16.48
user_017,G9_S6_NAT_ATOMS,0,23.88
user_017,G9_S6_NAT_ATOMS,1,23.93
user_017,G9_S6_NAT_CONFIG,1,20.11
user_017,G9_S6_NAT_CONFIG,1,15.66
user_017,G9_S6_NAT_CONFIG,1,14.29
user_017,G9_S6_NAT_CONFIG,1,15.18
user_017,G9_S6_NAT_CONFIG,1,8.77
user_017,G9_S6_NAT_CONFIG,1,11.5
user_017,G9_S6_NAT_CONFIG,1,13.37
user_017,G9_S6_NAT_CONFIG,1,10.99
user_017,G9_S6_NAT_CONFIG,1,9.67
user_017,G9_S6_NAT_CONFIG,1,9.19
user_017,G9_S6_NAT_CONFIG,1,13.93
user_017,G9_S6_NAT_CONFIG,1,12.97
user_017,G9_S7_ACI_SALTS,1,18.78
user_017,G9_S7_ACI_SALTS,1,22.97
user_017,G9_S7_ACI_SALTS,1,16.97
user_017,G9_S7_ACI_SALTS,1,12.23
user_017,G9_S7_ACI_SALTS,1,10.91
user_017,G9_S7_ACI_SALTS,1,12.12
user_017,G9_S7_ACI_SALTS,1,10.61
user_017,G9_S7_ACI_SALTS,1,12.12
user_017,G9_S7_ACI_SALTS,1,14.72
user_017,G9_S7_ACI_SALTS,1,10.81
user_017,G9_S7_ACI_SALTS,1,15.71
user_017,G9_S7_ACI_SALTS,1,15.1
user_017,G9_S7_ACI_NEUTRAL,1,27.61
user_017,G9_S7_ACI_NEUTRAL,1,22.66
user_017,G9_S7_ACI_NEUTRAL,0,16.13
user_017,G9_S7_ACI_NEUTRAL,1,17.15
user_017,G9_S7_ACI_NEUTRAL,1,14.83
user_017,G9_S7_ACI_NEUTRAL,1,10.0
user_017,G9_S7_ACI_NEUTRAL,1,11.36
user_017,G9_S7_ACI_NEUTRAL,1,12.65
user_017,G9_S7_ACI_NEUTRAL,1,15.04
user_017,G9_S7_ACI_NEUTRAL,1,11.81
user_017,G9_S7_ACI_NEUTRAL,1,8.1
user_017,G9_S7_ACI_NEUTRAL,1,10.21
user_018,G6_S1_ORG_CHARS,0,22.53
user_018,G6_S1_ORG_CHARS,0,19.97
user_018,G6_S1_ORG_CHARS,1,27.31
user_018,G6_S1_ORG_CHARS,0,21.81
user_018,G6_S1_ORG_CHARS,0,19.25
user_018,G6_S1_ORG_CHARS,1,28.64
user_018,G6_S1_ORG_CHARS,1,17.96
user_018,G6_S1_ORG_CHARS,1,18.0
user_018,G6_S1_ORG_CHARS,1,11.96
user_018,G6_S1_ORG_CHARS,1,12.94
user_018,G6_S1_ORG_CHARS,1,12.34
user_018,G6_S1_ORG_CHARS,1,13.98
user_018,G6_S1_ORG_CLASS,0,20.84
user_018,G6_S1_ORG_CLASS,0,22.73
user_018,G6_S1_ORG_CLASS,0,27.18
user_018,G6_S1_ORG_CLASS,0,25.76
user_018,G6_S1_ORG_CLASS,0,26.35
user_018,G6_S1_ORG_CLASS,0,23.83
user_018,G6_S1_ORG_CLASS,0,20.15
user_018,G6_S1_ORG_CLASS,0,24.22
user_018,G6_S1_ORG_CLASS,1,24.5
user_018,G6_S1_ORG_CLASS,1,15.46
user_018,G6_S1_ORG_CLASS,0,13.97
user_018,G6_S1_ORG_CLASS,0,21.61
user_018,G6_S2_MAT_STATES,1,22.85
user_018,G6_S2_MAT_STATES,0,17.43
user_018,G6_S2_MAT_STATES,0,22.12
user_018,G6_S2_MAT_STATES,0,23.56
user_018,G6_S2_MAT_STATES,0,24.69
user_018,G6_S2_MAT_STATES,0,23.55
user_018,G6_S2_MAT_STATES,0,22.41
user_018,G6_S2_MAT_STATES,1,23.84
user_018,G6_S2_MAT_STATES,0,18.38
user_018,G6_S2_MAT_STATES,0,22.45
user_018,G6_S2_MAT_STATES,0,20.15
user_018,G6_S2_MAT_STATES,0,21.67
user_018,G6_S2_MAT_PROPS,0,20.16
user_018,G6_S2_MAT_PROPS,1,19.72
user_018,G6_S2_MAT_PROPS,0,23.44
user_018,G6_S2_MAT_PROPS,0,17.68
user_018,G6_S2_MAT_PROPS,0,27.98
user_018,G6_S2_MAT_PROPS,1,20.02
user_018,G6_S2_MAT_PROPS,0,18.83
user_018,G6_S2_MAT_PROPS,1,22.54
user_018,G6_S2_MAT_PROPS,0,16.45
user_018,G6_S2_MAT_PROPS,1,18.03
user_018,G6_S2_MAT_PROPS,0,21.8
user_018,G6_S2_MAT_PROPS,1,23.4
user_018,G6_S4_ENE_SOURCES,1,24.57
user_018,G6_S4_ENE_SOURCES,1,15.99
user_018,G6_S4_ENE_SOURCES,1,13.71
user_018,G6_S4_ENE_SOURCES,1,10.39
user_018,G6_S4_ENE_SOURCES,0,10.26
user_018,G6_S4_ENE_SOURCES,0,18.02
user_018,G6_S4_ENE_SOURCES,0,18.68
user_018,G6_S4_ENE_SOURCES,0,23.62
user_018,G6_S4_ENE_SOURCES,0,23.96
user_018,G6_S4_ENE_SOURCES,0,17.81
user_018,G6_S4_ENE_SOURCES,0,20.51
user_018,G6_S4_ENE_SOURCES,0,21.53
user_018,G6_S8_ELE_CIRCUITS,0,19.01
user_018,G6_S8_ELE_CIRCUITS,0,24.46
user_018,G6_S8_ELE_CIRCUITS,0,21.87
user_018,G6_S8_ELE_CIRCUITS,0,25.95
user_018,G6_S8_ELE_CIRCUITS,0,23.77
user_018,G6_S8_ELE_CIRCUITS,0,21.56
user_018,G6_S8_ELE_CIRCUITS,1,21.09
user_018,G6_S8_ELE_CIRCUITS,1,17.63
user_018,G6_S8_ELE_CIRCUITS,0,14.35
user_018,G6_S8_ELE_CIRCUITS,0,20.92
user_018,G6_S8_ELE_CIRCUITS,0,19.49
user_018,G6_S8_ELE_CIRCUITS,0,25.87
user_018,G6_S8_ELE_CONDINS,0,24.68
user_018,G6_S8_ELE_CONDINS,0,27.02
user_018,G6_S8_ELE_CONDINS,0,22.99
user_018,G6_S8_ELE_CONDINS,1,26.21
user_018,G6_S8_ELE_CONDINS,1,17.79
user_018,G6_S8_ELE_CONDINS,1,11.46
user_018,G6_S8_ELE_CONDINS,1,14.58
user_018,G6_S8_ELE_CONDINS,1,14.03
user_018,G6_S8_ELE_CONDINS,1,13.94
user_018,G6_S8_ELE_CONDINS,1,10.97
user_018,G6_S8_ELE_CONDINS,1,15.56
user_018,G6_S8_ELE_CONDINS,1,13.73
user_018,G7_S1_PLA_DIVER,0,23.4
user_018,G7_S1_PLA_DIVER,0,22.91
user_018,G7_S1_PLA_DIVER,0,22.07
user_018,G7_S1_PLA_DIVER,0,19.29
user_018,G7_S1_PLA_DIVER,0,18.87
user_018,G7_S1_PLA_DIVER,0,20.02
user_018,G7_S1_PLA_DIVER,1,21.59
user_018,G7_S1_PLA_DIVER,0,22.41
user_018,G7_S1_PLA_DIVER,0,24.77
user_018,G7_S1_PLA_DIVER,1,20.69
user_018,G7_S1_PLA_DIVER,0,18.6
user_018,G7_S1_PLA_DIVER,1,22.34
user_018,G7_S1_PLA_CLASSIF,1,25.06
user_018,G7_S1_PLA_CLASSIF,1,17.4
user_018,G7_S1_PLA_CLASSIF,1,16.81
user_018,G7_S1_PLA_CLASSIF,1,9.82
user_018,G7_S1_PLA_CLASSIF,1,13.01
user_018,G7_S1_PLA_CLASSIF,0,11.43
user_018,G7_S1_PLA_CLASSIF,1,15.43
user_018,G7_S1_PLA_CLASSIF,1,15.04
user_018,G7_S1_PLA_CLASSIF,1,10.13
user_018,G7_S1_PLA_CLASSIF,1,11.92
user_018,G7_S1_PLA_CLASSIF,1,16.11
user_018,G7_S1_PLA_CLASSIF,0,8.83
user_018,G7_S2_STA_CHARGES,0,22.91
user_018,G7_S2_STA_CHARGES,0,23.0
user_018,G7_S2_STA_CHARGES,0,22.54
user_018,G7_S2_STA_CHARGES,1,19.38
user_018,G7_S2_STA_CHARGES,1,22.02
user_018,G7_S2_STA_CHARGES,0,16.76
user_018,G7_S2_STA_CHARGES,0,20.33
user_018,G7_S2_STA_CHARGES,0,25.68
user_018,G7_S2_STA_CHARGES,0,23.21
user_018,G7_S2_STA_CHARGES,0,24.16
user_018,G7_S2_STA_CHARGES,0,20.63
user_018,G7_S2_STA_CHARGES,0,19.71
user_018,G7_S2_STA_CAPACIT,0,23.35
user_018,G7_S2_STA_CAPACIT,0,24.42
user_018,G7_S2_STA_CAPACIT,0,24.73
user_018,G7_S2_STA_CAPACIT,0,21.48
user_018,G7_S2_STA_CAPACIT,0,22.87
user_018,G7_S2_STA_CAPACIT,0,23.12
user_018,G7_S2_STA_CAPACIT,1,23.52
user_018,G7_S2_STA_CAPACIT,0,20.17
user_018,G7_S2_STA_CAPACIT,0,24.5
user_018,G7_S2_STA_CAPACIT,1,23.68
user_018,G7_S2_STA_CAPACIT,1,24.14
user_018,G7_S2_STA_CAPACIT,1,14.31
user_018,G7_S3_ELE_SOURCES,1,16.07
user_018,G7_S3_ELE_SOURCES,1,18.1
user_018,G7_S3_ELE_SOURCES,1,14.41
user_018,G7_S3_ELE_SOURCES,1,14.92
user_018,G7_S3_ELE_SOURCES,1,13.84
user_018,G7_S3_ELE_SOURCES,1,15.46
user_018,G7_S3_ELE_SOURCES,1,15.49
user_018,G7_S3_ELE_SOURCES,1,10.41
user_018,G7_S3_ELE_SOURCES,1,15.65
user_018,G7_S3_ELE_SOURCES,1,14.32
user_018,G7_S3_ELE_SOURCES,1,10.35
user_018,G7_S3_ELE_SOURCES,1,9.9
user_018,G7_S3_ELE_CURRENTS,1,25.01
user_018,G7_S3_ELE_CURRENTS,0,22.73
user_018,G7_S3_ELE_CURRENTS,1,26.42
user_018,G7_S3_ELE_CURRENTS,1,19.0
user_018,G7_S3_ELE_CURRENTS,1,15.21
user_018,G7_S3_ELE_CURRENTS,1,11.78
user_018,G7_S3_ELE_CURRENTS,1,10.41
user_018,G7_S3_ELE_CURRENTS,1,15.42
user_018,G7_S3_ELE_CURRENTS,1,12.86
user_018,G7_S3_ELE_CURRENTS,1,12.17
user_018,G7_S3_ELE_CURRENTS,1,13.16
user_018,G7_S3_ELE_CURRENTS,1,16.23
user_018,G7_S4_WAT_SOLVENT,0,17.75
user_018,G7_S4_WAT_SOLVENT,0,25.14
user_018,G7_S4_WAT_SOLVENT,0,22.54
user_018,G7_S4_WAT_SOLVENT,0,24.15
user_018,G7_S4_WAT_SOLVENT,0,22.85
user_018,G7_S4_WAT_SOLVENT,0,21.56
user_018,G7_S4_WAT_SOLVENT,1,26.78
user_018,G7_S4_WAT_SOLVENT,1,18.88
user_018,G7_S4_WAT_SOLVENT,1,13.87
user_018,G7_S4_WAT_SOLVENT,1,10.1
user_018,G7_S4_WAT_SOLVENT,1,14.12
user_018,G7_S4_WAT_SOLVENT,1,10.03
user_018,G7_S4_WAT_COOLANT,0,24.88
user_018,G7_S4_WAT_COOLANT,0,24.86
user_018,G7_S4_WAT_COOLANT,1,25.06
user_018,G7_S4_WAT_COOLANT,0,18.91
user_018,G7_S4_WAT_COOLANT,0,21.55
user_018,G7_S4_WAT_COOLANT,0,23.47
user_018,G7_S4_WAT_COOLANT,0,23.04
user_018,G7_S4_WAT_COOLANT,0,21.37
user_018,G7_S4_WAT_COOLANT,1,24.13
user_018,G7_S4_WAT_COOLANT,1,22.16
user_018,G7_S4_WAT_COOLANT,1,16.19
user_018,G7_S4_WAT_COOLANT,1,13.4
user_018,G7_S5_ACI_IDENTIF,1,22.16
user_018,G7_S5_ACI_IDENTIF,1,19.28
user_018,G7_S5_ACI_IDENTIF,0,17.81
user_018,G7_S5_ACI_IDENTIF,0,23.11
user_018,G7_S5_ACI_IDENTIF,0,20.83
user_018,G7_S5_ACI_IDENTIF,1,16.53
user_018,G7_S5_ACI_IDENTIF,1,16.03
user_018,G7_S5_ACI_IDENTIF,1,13.88
user_018,G7_S5_ACI_IDENTIF,1,12.11
user_018,G7_S5_ACI_IDENTIF,1,15.61
user_018,G7_S5_ACI_IDENTIF,1,10.86
user_018,G7_S5_ACI_IDENTIF,1,15.13
user_018,G7_S5_ACI_INDICAT,0,21.32
user_018,G7_S5_ACI_INDICAT,0,22.26
user_018,G7_S5_ACI_INDICAT,0,20.66
user_018,G7_S5_ACI_INDICAT,0,22.29
user_018,G7_S5_ACI_INDICAT,0,24.56
user_018,G7_S5_ACI_INDICAT,0,21.99
user_018,G7_S5_ACI_INDICAT,1,24.96
user_018,G7_S5_ACI_INDICAT,0,18.84
user_018,G7_S5_ACI_INDICAT,0,16.53
user_018,G7_S5_ACI_INDICAT,1,19.94
user_018,G7_S5_ACI_INDICAT,0,22.4
user_018,G7_S5_ACI_INDICAT,0,18.09
user_018,G7_S6_ANI_CLASSIF,1,21.83
user_018,G7_S6_ANI_CLASSIF,1,19.22
user_018,G7_S6_ANI_CLASSIF,0,14.4
user_018,G7_S6_ANI_CLASSIF,0,19.83
user_018,G7_S6_ANI_CLASSIF,0,25.94
user_018,G7_S6_ANI_CLASSIF,1,23.75
user_018,G7_S6_ANI_CLASSIF,1,18.82
user_018,G7_S6_ANI_CLASSIF,0,13.49
user_018,G7_S6_ANI_CLASSIF,0,21.52
user_018,G7_S6_ANI_CLASSIF,0,20.81
user_018,G7_S6_ANI_CLASSIF,1,22.76
user_018,G7_S6_ANI_CLASSIF,1,19.68
user_018,G7_S6_ANI_ADAPTAT,1,25.57
user_018,G7_S6_ANI_ADAPTAT,1,22.8
user_018,G7_S6_ANI_ADAPTAT,1,18.96
user_018,G7_S6_ANI_ADAPTAT,0,14.84
user_018,G7_S6_ANI_ADAPTAT,1,17.28
user_018,G7_S6_ANI_ADAPTAT,0,17.62
user_018,G7_S6_ANI_ADAPTAT,1,17.62
user_018,G7_S6_ANI_ADAPTAT,0,13.66
user_018,G7_S6_ANI_ADAPTAT,1,21.36
user_018,G7_S6_ANI_ADAPTAT,1,14.18
user_018,G7_S6_ANI_ADAPTAT,1,11.45
user_018,G7_S6_ANI_ADAPTAT,0,11.75
user_018,G7_S7_ENE_FORMS,1,26.06
user_018,G7_S7_ENE_FORMS,1,19.09
user_018,G7_S7_ENE_FORMS,1,16.28
user_018,G7_S7_ENE_FORMS,1,15.25
user_018,G7_S7_ENE_FORMS,1,15.08
user_018,G7_S7_ENE_FORMS,1,15.18
user_018,G7_S7_ENE_FORMS,1,8.03
user_018,G7_S7_ENE_FORMS,1,12.99
user_018,G7_S7_ENE_FORMS,0,11.48
user_018,G7_S7_ENE_FORMS,0,11.06
user_018,G7_S7_ENE_FORMS,0,17.85
user_018,G7_S7_ENE_FORMS,1,16.93
user_018,G7_S7_ENE_TRANSF,0,25.02
user_018,G7_S7_ENE_TRANSF,0,22.31
user_018,G7_S7_ENE_TRANSF,0,22.1
user_018,G7_S7_ENE_TRANSF,0,22.89
user_018,G7_S7_ENE_TRANSF,0,23.42
user_018,G7_S7_ENE_TRANSF,1,20.66
user_018,G7_S7_ENE_TRANSF,0,20.37
user_018,G7_S7_ENE_TRANSF,1,24.67
user_018,G7_S7_ENE_TRANSF,1,16.59
user_018,G7_S7_ENE_TRANSF,1,16.65
user_018,G7_S7_ENE_TRANSF,1,10.18
user_018,G7_S7_ENE_TRANSF,1,16.3
user_018,G7_S8_EAR_STRUCT,0,22.61
user_018,G7_S8_EAR_STRUCT,0,24.42
user_018,G7_S8_EAR_STRUCT,0,23.6
user_018,G7_S8_EAR_STRUCT,0,28.48
user_018,G7_S8_EAR_STRUCT,0,21.56
user_018,G7_S8_EAR_STRUCT,0,23.45
user_018,G7_S8_EAR_STRUCT,0,20.65
user_018,G7_S8_EAR_STRUCT,0,23.8
user_018,G7_S8_EAR_STRUCT,0,25.54
user_018,G7_S8_EAR_STRUCT,0,26.77
user_018,G7_S8_EAR_STRUCT,0,22.62
user_018,G7_S8_EAR_STRUCT,0,22.81
user_018,G7_S8_EAR_TECTON,0,22.95
user_018,G7_S8_EAR_TECTON,0,26.98
user_018,G7_S8_EAR_TECTON,0,21.56
user_018,G7_S8_EAR_TECTON,0,21.78
user_018,G7_S8_EAR_TECTON,0,23.11
user_018,G7_S8_EAR_TECTON,0,29.38
user_018,G7_S8_EAR_TECTON,0,21.31
user_018,G7_S8_EAR_TECTON,0,25.39
user_018,G7_S8_EAR_TECTON,0,23.38
user_018,G7_S8_EAR_TECTON,1,20.82
user_018,G7_S8_EAR_TECTON,0,20.33
user_018,G7_S8_EAR_TECTON,1,22.59
user_018,G7_S9_LIG_SHADOWS,0,22.76
user_018,G7_S9_LIG_SHADOWS,0,22.54
user_018,G7_S9_LIG_SHADOWS,0,26.36
user_018,G7_S9_LIG_SHADOWS,0,20.85
user_018,G7_S9_LIG_SHADOWS,0,21.99
user_018,G7_S9_LIG_SHADOWS,0,20.38
user_018,G7_S9_LIG_SHADOWS,0,26.88
user_018,G7_S9_LIG_SHADOWS,0,27.84
user_018,G7_S9_LIG_SHADOWS,0,25.99
user_018,G7_S9_LIG_SHADOWS,0,21.17
user_018,G7_S9_LIG_SHADOWS,1,22.31
user_018,G7_S9_LIG_SHADOWS,1,18.7
user_018,G7_S9_LIG_MIRRORS,0,23.95
user_018,G7_S9_LIG_MIRRORS,1,22.76
user_018,G7_S9_LIG_MIRRORS,1,19.74
user_018,G7_S9_LIG_MIRRORS,0,15.52
user_018,G7_S9_LIG_MIRRORS,1,21.99
user_018,G7_S9_LIG_MIRRORS,1,19.51
user_018,G7_S9_LIG_MIRRORS,1,14.69
user_018,G7_S9_LIG_MIRRORS,1,11.71
user_018,G7_S9_LIG_MIRRORS,1,10.82
user_018,G7_S9_LIG_MIRRORS,1,8.91
user_018,G7_S9_LIG_MIRRORS,1,7.43
user_018,G7_S9_LIG_MIRRORS,1,12.41
user_018,G7_S10_MIC_LIGHT,1,23.92
user_018,G7_S10_MIC_LIGHT,1,15.63
user_018,G7_S10_MIC_LIGHT,1,13.16
user_018,G7_S10_MIC_LIGHT,1,10.21
user_018,G7_S10_MIC_LIGHT,1,11.05
user_018,G7_S10_MIC_LIGHT,1,13.07
user_018,G7_S10_MIC_LIGHT,1,7.8
user_018,G7_S10_MIC_LIGHT,1,10.69
user_018,G7_S10_MIC_LIGHT,1,11.58
user_018,G7_S10_MIC_LIGHT,1,11.14
user_018,G7_S10_MIC_LIGHT,1,12.41
user_018,G7_S10_MIC_LIGHT,1,13.7
user_018,G7_S10_MIC_ELECTR,0,21.21
user_018,G7_S10_MIC_ELECTR,1,28.5
user_018,G7_S10_MIC_ELECTR,0,23.46
user_018,G7_S10_MIC_ELECTR,0,21.19
user_018,G7_S10_MIC_ELECTR,0,20.71
user_018,G7_S10_MIC_ELECTR,1,21.62
user_018,G7_S10_MIC_ELECTR,0,21.06
user_018,G7_S10_MIC_ELECTR,0,20.75
user_018,G7_S10_MIC_ELECTR,0,23.03
user_018,G7_S10_MIC_ELECTR,1,25.28
user_018,G7_S10_MIC_ELECTR,0,20.12
user_018,G7_S10_MIC_ELECTR,0,22.93
user_018,G8_S1_BIO_DIVER,0,23.6
user_018,G8_S1_BIO_DIVER,0,25.24
user_018,G8_S1_BIO_DIVER,0,23.43
user_018,G8_S1_BIO_DIVER,0,23.56
user_018,G8_S1_BIO_DIVER,0,26.5
user_018,G8_S1_BIO_DIVER,0,21.9
user_018,G8_S1_BIO_DIVER,0,22.9
user_018,G8_S1_BIO_DIVER,1,20.93
user_018,G8_S1_BIO_DIVER,0,21.63
user_018,G8_S1_BIO_DIVER,1,22.49
user_018,G8_S1_BIO_DIVER,0,17.33
user_018,G8_S1_BIO_DIVER,1,19.83
user_018,G8_S1_BIO_CLASSIF,0,25.7
user_018,G8_S1_BIO_CLASSIF,1,23.91
user_018,G8_S1_BIO_CLASSIF,0,19.28
user_018,G8_S1_BIO_CLASSIF,1,26.15
user_018,G8_S1_BIO_CLASSIF,0,16.93
user_018,G8_S1_BIO_CLASSIF,0,22.1
user_018,G8_S1_BIO_CLASSIF,0,22.27
user_018,G8_S1_BIO_CLASSIF,0,23.3
user_018,G8_S1_BIO_CLASSIF,0,21.64
user_018,G8_S1_BIO_CLASSIF,0,22.06
user_018,G8_S1_BIO_CLASSIF,0,22.06
user_018,G8_S1_BIO_CLASSIF,1,20.38
user_018,G8_S2_TIS_PLANT,0,28.39
user_018,G8_S2_TIS_PLANT,1,20.91
user_018,G8_S2_TIS_PLANT,0,20.42
user_018,G8_S2_TIS_PLANT,0,19.59
user_018,G8_S2_TIS_PLANT,0,21.96
user_018,G8_S2_TIS_PLANT,0,24.88
user_018,G8_S2_TIS_PLANT,0,22.35
user_018,G8_S2_TIS_PLANT,0,22.16
user_018,G8_S2_TIS_PLANT,0,20.97
user_018,G8_S2_TIS_PLANT,0,24.17
user_018,G8_S2_TIS_PLANT,1,24.56
user_018,G8_S2_TIS_PLANT,1,22.47
user_018,G8_S2_TIS_ANIMAL,1,18.76
user_018,G8_S2_TIS_ANIMAL,1,20.98
user_018,G8_S2_TIS_ANIMAL,1,16.05
user_018,G8_S2_TIS_ANIMAL,1,13.53
user_018,G8_S2_TIS_ANIMAL,1,14.77
user_018,G8_S2_TIS_ANIMAL,1,12.68
user_018,G8_S2_TIS_ANIMAL,0,8.51
user_018,G8_S2_TIS_ANIMAL,1,12.82
user_018,G8_S2_TIS_ANIMAL,1,14.27
user_018,G8_S2_TIS_ANIMAL,0,10.74
user_018,G8_S2_TIS_ANIMAL,1,16.96
user_018,G8_S2_TIS_ANIMAL,1,13.47
user_018,G8_S3_PHO_PROCESS,0,21.59
user_018,G8_S3_PHO_PROCESS,0,22.89
user_018,G8_S3_PHO_PROCESS,0,19.72
user_018,G8_S3_PHO_PROCESS,1,24.75
user_018,G8_S3_PHO_PROCESS,0,18.46
user_018,G8_S3_PHO_PROCESS,0,22.34
user_018,G8_S3_PHO_PROCESS,0,24.55
user_018,G8_S3_PHO_PROCESS,1,17.84
user_018,G8_S3_PHO_PROCESS,1,21.57
user_018,G8_S3_PHO_PROCESS,1,17.19
user_018,G8_S3_PHO_PROCESS,1,15.89
user_018,G8_S3_PHO_PROCESS,1,13.37
user_018,G8_S3_PHO_IMPORT,0,24.57
user_018,G8_S3_PHO_IMPORT,1,25.43
user_018,G8_S3_PHO_IMPORT,0,21.92
user_018,G8_S3_PHO_IMPORT,1,23.05
user_018,G8_S3_PHO_IMPORT,1,19.1
user_018,G8_S3_PHO_IMPORT,1,14.2
user_018,G8_S3_PHO_IMPORT,1,10.69
user_018,G8_S3_PHO_IMPORT,1,12.3
user_018,G8_S3_PHO_IMPORT,1,10.44
user_018,G8_S3_PHO_IMPORT,1,14.85
user_018,G8_S3_PHO_IMPORT,1,11.07
user_018,G8_S3_PHO_IMPORT,1,13.31
user_018,G8_S4_MAT_ELEMENTS,0,29.93
user_018,G8_S4_MAT_ELEMENTS,1,23.34
user_018,G8_S4_MAT_ELEMENTS,0,16.07
user_018,G8_S4_MAT_ELEMENTS,1,25.53
user_018,G8_S4_MAT_ELEMENTS,1,14.57
user_018,G8_S4_MAT_ELEMENTS,1,10.81
user_018,G8_S4_MAT_ELEMENTS,1,12.08
user_018,G8_S4_MAT_ELEMENTS,1,12.89
user_018,G8_S4_MAT_ELEMENTS,1,9.85
user_018,G8_S4_MAT_ELEMENTS,1,12.86
user_018,G8_S4_MAT_ELEMENTS,1,11.69
user_018,G8_S4_MAT_ELEMENTS,1,15.38
user_018,G8_S4_MAT_COMPOUNDS,1,19.71
user_018,G8_S4_MAT_COMPOUNDS,0,21.23
user_018,G8_S4_MAT_COMPOUNDS,1,25.74
user_018,G8_S4_MAT_COMPOUNDS,1,19.84
user_018,G8_S4_MAT_COMPOUNDS,1,13.12
user_018,G8_S4_MAT_COMPOUNDS,1,12.33
user_018,G8_S4_MAT_COMPOUNDS,1,11.03
user_018,G8_S4_MAT_COMPOUNDS,1,11.78
user_018,G8_S4_MAT_COMPOUNDS,1,12.16
user_018,G8_S4_MAT_COMPOUNDS,1,11.05
user_018,G8_S4_MAT_COMPOUNDS,1,13.82
user_018,G8_S4_MAT_COMPOUNDS,1,13.37
user_018,G8_S5_MAT_DENSITY,1,19.85
user_018,G8_S5_MAT_DENSITY,1,18.55
user_018,G8_S5_MAT_DENSITY,1,17.72
user_018,G8_S5_MAT_DENSITY,1,13.36
user_018,G8_S5_MAT_DENSITY,1,14.91
user_018,G8_S5_MAT_DENSITY,1,9.74
user_018,G8_S5_MAT_DENSITY,1,11.05
user_018,G8_S5_MAT_DENSITY,1,10.86
user_018,G8_S5_MAT_DENSITY,1,8.88
user_018,G8_S5_MAT_DENSITY,1,10.73
user_018,G8_S5_MAT_DENSITY,0,10.36
user_018,G8_S5_MAT_DENSITY,1,13.08
user_018,G8_S5_MAT_THERMAL,1,22.77
user_018,G8_S5_MAT_THERMAL,1,16.84
user_018,G8_S5_MAT_THERMAL,1,15.55
user_018,G8_S5_MAT_THERMAL,1,13.78
user_018,G8_S5_MAT_THERMAL,1,12.47
user_018,G8_S5_MAT_THERMAL,1,16.12
user_018,G8_S5_MAT_THERMAL,0,14.47
user_018,G8_S5_MAT_THERMAL,1,12.19
user_018,G8_S5_MAT_THERMAL,1,9.77
user_018,G8_S5_MAT_THERMAL,1,15.49
user_018,G8_S5_MAT_THERMAL,1,13.31
user_018,G8_S5_MAT_THERMAL,1,10.38
user_018,G8_S6_CHA_PHYSICAL,0,21.82
user_018,G8_S6_CHA_PHYSICAL,1,22.63
user_018,G8_S6_CHA_PHYSICAL,0,19.91
user_018,G8_S6_CHA_PHYSICAL,0,18.96
user_018,G8_S6_CHA_PHYSICAL,1,22.61
user_018,G8_S6_CHA_PHYSICAL,0,21.98
user_018,G8_S6_CHA_PHYSICAL,1,20.55
user_018,G8_S6_CHA_PHYSICAL,0,20.16
user_018,G8_S6_CHA_PHYSICAL,0,19.36
user_018,G8_S6_CHA_PHYSICAL,1,23.52
user_018,G8_S6_CHA_PHYSICAL,1,19.16
user_018,G8_S6_CHA_PHYSICAL,0,14.52
user_018,G8_S6_CHA_BURNING,0,21.65
user_018,G8_S6_CHA_BURNING,0,23.47
user_018,G8_S6_CHA_BURNING,0,21.75
user_018,G8_S6_CHA_BURNING,0,23.55
user_018,G8_S6_CHA_BURNING,0,25.09
user_018,G8_S6_CHA_BURNING,1,21.6
user_018,G8_S6_CHA_BURNING,1,19.06
user_018,G8_S6_CHA_BURNING,1,17.7
user_018,G8_S6_CHA_BURNING,1,15.47
user_018,G8_S6_CHA_BURNING,1,10.51
user_018,G8_S6_CHA_BURNING,0,13.0
user_018,G8_S6_CHA_BURNING,1,15.14
user_018,G8_S7_FOR_TYPES,0,22.93
user_018,G8_S7_FOR_TYPES,0,20.87
user_018,G8_S7_FOR_TYPES,1,22.15
user_018,G8_S7_FOR_TYPES,1,21.54
user_018,G8_S7_FOR_TYPES,1,15.18
user_018,G8_S7_FOR_TYPES,1,14.35
user_018,G8_S7_FOR_TYPES,1,14.65
user_018,G8_S7_FOR_TYPES,1,13.32
user_018,G8_S7_FOR_TYPES,1,13.79
user_018,G8_S7_FOR_TYPES,1,15.33
user_018,G8_S7_FOR_TYPES,1,12.62
user_018,G8_S7_FOR_TYPES,0,15.37
user_018,G8_S7_FOR_PRESSURE,0,24.24
user_018,G8_S7_FOR_PRESSURE,1,28.07
user_018,G8_S7_FOR_PRESSURE,1,19.72
user_018,G8_S7_FOR_PRESSURE,1,17.6
user_018,G8_S7_FOR_PRESSURE,1,8.84
user_018,G8_S7_FOR_PRESSURE,0,9.54
user_018,G8_S7_FOR_PRESSURE,1,10.97
user_018,G8_S7_FOR_PRESSURE,1,11.62
user_018,G8_S7_FOR_PRESSURE,1,9.67
user_018,G8_S7_FOR_PRESSURE,1,11.49
user_018,G8_S7_FOR_PRESSURE,1,10.76
user_018,G8_S7_FOR_PRESSURE,1,13.16
user_018,G8_S8_STA_PHENOM,0,21.45
user_018,G8_S8_STA_PHENOM,0,22.03
user_018,G8_S8_STA_PHENOM,0,21.16
user_018,G8_S8_STA_PHENOM,1,17.1
user_018,G8_S8_STA_PHENOM,0,18.87
user_018,G8_S8_STA_PHENOM,1,22.03
user_018,G8_S8_STA_PHENOM,1,23.13
user_018,G8_S8_STA_PHENOM,1,16.73
user_018,G8_S8_STA_PHENOM,1,11.67
user_018,G8_S8_STA_PHENOM,1,9.46
user_018,G8_S8_STA_PHENOM,1,13.18
user_018,G8_S8_STA_PHENOM,1,13.19
user_018,G8_S8_STA_LIGHTNG,0,25.74
user_018,G8_S8_STA_LIGHTNG,0,23.22
user_018,G8_S8_STA_LIGHTNG,0,25.27
user_018,G8_S8_STA_LIGHTNG,1,22.68
user_018,G8_S8_STA_LIGHTNG,0,18.17
user_018,G8_S8_STA_LIGHTNG,0,24.65
user_018,G8_S8_STA_LIGHTNG,0,22.3
user_018,G8_S8_STA_LIGHTNG,0,19.37
user_018,G8_S8_STA_LIGHTNG,0,22.13
user_018,G8_S8_STA_LIGHTNG,0,26.08
user_018,G8_S8_STA_LIGHTNG,1,25.41
user_018,G8_S8_STA_LIGHTNG,1,23.6
user_018,G9_S1_SYS_DIGEST,1,21.93
user_018,G9_S1_SYS_DIGEST,0,24.86
user_018,G9_S1_SYS_DIGEST,0,19.86
user_018,G9_S1_SYS_DIGEST,0,25.79
user_018,G9_S1_SYS_DIGEST,0,27.34
user_018,G9_S1_SYS_DIGEST,0,26.19
user_018,G9_S1_SYS_DIGEST,0,19.39
user_018,G9_S1_SYS_DIGEST,0,22.94
user_018,G9_S1_SYS_DIGEST,0,22.12
user_018,G9_S1_SYS_DIGEST,1,20.42
user_018,G9_S1_SYS_DIGEST,0,20.53
user_018,G9_S1_SYS_DIGEST,0,23.29
user_018,G9_S1_SYS_CIRCUL,0,21.3
user_018,G9_S1_SYS_CIRCUL,0,24.54
user_018,G9_S1_SYS_CIRCUL,0,22.9
user_018,G9_S1_SYS_CIRCUL,0,21.76
user_018,G9_S1_SYS_CIRCUL,0,23.94
user_018,G9_S1_SYS_CIRCUL,0,28.09
user_018,G9_S1_SYS_CIRCUL,1,23.76
user_018,G9_S1_SYS_CIRCUL,0,17.51
user_018,G9_S1_SYS_CIRCUL,0,19.47
user_018,G9_S1_SYS_CIRCUL,1,18.83
user_018,G9_S1_SYS_CIRCUL,0,22.35
user_018,G9_S1_SYS_CIRCUL,1,21.25
user_018,G9_S2_RHY_EARTH,1,24.05
user_018,G9_S2_RHY_EARTH,1,16.37
user_018,G9_S2_RHY_EARTH,1,15.69
user_018,G9_S2_RHY_EARTH,1,15.96
user_018,G9_S2_RHY_EARTH,1,13.41
user_018,G9_S2_RHY_EARTH,1,8.68
user_018,G9_S2_RHY_EARTH,1,12.65
user_018,G9_S2_RHY_EARTH,1,11.33
user_018,G9_S2_RHY_EARTH,1,12.07
user_018,G9_S2_RHY_EARTH,1,12.8
user_018,G9_S2_RHY_EARTH,1,11.49
user_018,G9_S2_RHY_EARTH,1,11.66
user_018,G9_S2_RHY_CLIMATE,1,21.54
user_018,G9_S2_RHY_CLIMATE,0,21.55
user_018,G9_S2_RHY_CLIMATE,1,22.89
user_018,G9_S2_RHY_CLIMATE,0,22.74
user_018,G9_S2_RHY_CLIMATE,0,22.4
user_018,G9_S2_RHY_CLIMATE,0,25.92
user_018,G9_S2_RHY_CLIMATE,0,24.75
user_018,G9_S2_RHY_CLIMATE,1,24.73
user_018,G9_S2_RHY_CLIMATE,0,18.9
user_018,G9_S2_RHY_CLIMATE,0,21.47
user_018,G9_S2_RHY_CLIMATE,0,23.62
user_018,G9_S2_RHY_CLIMATE,0,22.08
user_018,G9_S3_LIG_REFRAC,1,19.61
user_018,G9_S3_LIG_REFRAC,1,16.41
user_018,G9_S3_LIG_REFRAC,0,17.69
user_018,G9_S3_LIG_REFRAC,0,20.97
user_018,G9_S3_LIG_REFRAC,0,22.21
user_018,G9_S3_LIG_REFRAC,0,25.57
user_018,G9_S3_LIG_REFRAC,1,26.9
user_018,G9_S3_LIG_REFRAC,0,17.04
user_018,G9_S3_LIG_REFRAC,0,21.6
user_018,G9_S3_LIG_REFRAC,0,23.12
user_018,G9_S3_LIG_REFRAC,0,21.14
user_018,G9_S3_LIG_REFRAC,0,22.02
user_018,G9_S3_LIG_LENSES,0,22.28
user_018,G9_S3_LIG_LENSES,1,19.77
user_018,G9_S3_LIG_LENSES,1,17.01
user_018,G9_S3_LIG_LENSES,1,19.32
user_018,G9_S3_LIG_LENSES,1,14.38
user_018,G9_S3_LIG_LENSES,1,10.12
user_018,G9_S3_LIG_LENSES,1,9.21
user_018,G9_S3_LIG_LENSES,1,17.38
user_018,G9_S3_LIG_LENSES,1,11.51
user_018,G9_S3_LIG_LENSES,1,10.25
user_018,G9_S3_LIG_LENSES,1,8.87
user_018,G9_S3_LIG_LENSES,0,12.91
user_018,G9_S4_SOU_PROPAG,1,26.08
user_018,G9_S4_SOU_PROPAG,0,19.98
user_018,G9_S4_SOU_PROPAG,0,18.78
user_018,G9_S4_SOU_PROPAG,0,23.4
user_018,G9_S4_SOU_PROPAG,1,27.84
user_018,G9_S4_SOU_PROPAG,1,18.24
user_018,G9_S4_SOU_PROPAG,1,18.09
user_018,G9_S4_SOU_PROPAG,0,14.68
user_018,G9_S4_SOU_PROPAG,1,20.07
user_018,G9_S4_SOU_PROPAG,1,13.6
user_018,G9_S4_SOU_PROPAG,1,11.38
user_018,G9_S4_SOU_PROPAG,1,12.7
user_018,G9_S4_SOU_HEARING,1,24.59
user_018,G9_S4_SOU_HEARING,0,17.7
user_018,G9_S4_SOU_HEARING,0,21.3
user_018,G9_S4_SOU_HEARING,1,16.87
user_018,G9_S4_SOU_HEARING,0,21.65
user_018,G9_S4_SOU_HEARING,1,18.56
user_018,G9_S4_SOU_HEARING,0,12.2
user_018,G9_S4_SOU_HEARING,1,23.76
user_018,G9_S4_SOU_HEARING,1,13.81
user_018,G9_S4_SOU_HEARING,1,17.7
user_018,G9_S4_SOU_HEARING,1,11.05
user_018,G9_S4_SOU_HEARING,1,10.5
user_018,G9_S5_HEA_EXPANS,1,27.59
user_018,G9_S5_HEA_EXPANS,1,19.02
user_018,G9_S5_HEA_EXPANS,1,15.21
user_018,G9_S5_HEA_EXPANS,1,12.19
user_018,G9_S5_HEA_EXPANS,1,12.52
user_018,G9_S5_HEA_EXPANS,1,11.96
user_018,G9_S5_HEA_EXPANS,1,9.17
user_018,G9_S5_HEA_EXPANS,1,16.27
user_018,G9_S5_HEA_EXPANS,1,8.67
user_018,G9_S5_HEA_EXPANS,0,11.84
user_018,G9_S5_HEA_EXPANS,1,12.6
user_018,G9_S5_HEA_EXPANS,1,15.69
user_018,G9_S5_HEA_TRANSF,1,21.22
user_018,G9_S5_HEA_TRANSF,0,19.29
user_018,G9_S5_HEA_TRANSF,0,24.19
user_018,G9_S5_HEA_TRANSF,0,21.04
user_018,G9_S5_HEA_TRANSF,0,25.81
user_018,G9_S5_HEA_TRANSF,0,26.21
user_018,G9_S5_HEA_TRANSF,0,20.74
user_018,G9_S5_HEA_TRANSF,0,20.78
user_018,G9_S5_HEA_TRANSF,0,27.37
user_018,G9_S5_HEA_TRANSF,0,25.16
user_018,G9_S5_HEA_TRANSF,1,23.52
user_018,G9_S5_HEA_TRANSF,0,21.46
user_018,G9_S6_NAT_ATOMS,1,16.36
user_018,G9_S6_NAT_ATOMS,1,15.43
user_018,G9_S6_NAT_ATOMS,0,14.37
user_018,G9_S6_NAT_ATOMS,1,21.76
user_018,G9_S6_NAT_ATOMS,1,16.92
user_018,G9_S6_NAT_ATOMS,1,11.67
user_018,G9_S6_NAT_ATOMS,1,11.23
user_018,G9_S6_NAT_ATOMS,1,13.59
user_018,G9_S6_NAT_ATOMS,1,12.88
user_018,G9_S6_NAT_ATOMS,1,12.63
user_018,G9_S6_NAT_ATOMS,1,13.43
user_018,G9_S6_NAT_ATOMS,1,15.51
user_018,G9_S6_NAT_CONFIG,0,23.22
user_018,G9_S6_NAT_CONFIG,1,20.73
user_018,G9_S6_NAT_CONFIG,0,19.62
user_018,G9_S6_NAT_CONFIG,0,22.0
user_018,G9_S6_NAT_CONFIG,1,22.47
user_018,G9_S6_NAT_CONFIG,1,17.23
user_018,G9_S6_NAT_CONFIG,0,13.71
user_018,G9_S6_NAT_CONFIG,1,16.49
user_018,G9_S6_NAT_CONFIG,1,15.67
user_018,G9_S6_NAT_CONFIG,0,15.23
user_018,G9_S6_NAT_CONFIG,0,11.87
user_018,G9_S6_NAT_CONFIG,1,23.26
user_018,G9_S7_ACI_SALTS,1,18.79
user_018,G9_S7_ACI_SALTS,0,21.78
user_018,G9_S7_ACI_SALTS,1,22.43
user_018,G9_S7_ACI_SALTS,1,22.43
user_018,G9_S7_ACI_SALTS,1,17.07
user_018,G9_S7_ACI_SALTS,1,14.98
user_018,G9_S7_ACI_SALTS,1,10.1
user_018,G9_S7_ACI_SALTS,1,16.1
user_018,G9_S7_ACI_SALTS,1,16.83
user_018,G9_S7_ACI_SALTS,1,11.41
user_018,G9_S7_ACI_SALTS,0,14.69
user_018,G9_S7_ACI_SALTS,1,6.67
user_018,G9_S7_ACI_NEUTRAL,0,26.86
user_018,G9_S7_ACI_NEUTRAL,0,20.65
user_018,G9_S7_ACI_NEUTRAL,1,18.19
user_018,G9_S7_ACI_NEUTRAL,0,21.96
user_018,G9_S7_ACI_NEUTRAL,0,21.46
user_018,G9_S7_ACI_NEUTRAL,1,24.69
user_018,G9_S7_ACI_NEUTRAL,0,18.97
user_018,G9_S7_ACI_NEUTRAL,0,22.83
user_018,G9_S7_ACI_NEUTRAL,0,22.59
user_018,G9_S7_ACI_NEUTRAL,0,22.82
user_018,G9_S7_ACI_NEUTRAL,0,22.16
user_018,G9_S7_ACI_NEUTRAL,0,23.95
user_019,G6_S1_ORG_CHARS,0,28.77
user_019,G6_S1_ORG_CHARS,0,18.68
user_019,G6_S1_ORG_CHARS,0,19.51
user_019,G6_S1_ORG_CHARS,0,22.76
user_019,G6_S1_ORG_CHARS,0,18.62
user_019,G6_S1_ORG_CHARS,1,19.66
user_019,G6_S1_ORG_CHARS,1,15.91
user_019,G6_S1_ORG_CHARS,1,10.95
user_019,G6_S1_ORG_CHARS,1,15.8
user_019,G6_S1_ORG_CHARS,1,8.75
user_019,G6_S1_ORG_CHARS,1,14.07
user_019,G6_S1_ORG_CHARS,1,9.4
user_019,G6_S1_ORG_CLASS,1,23.97
user_019,G6_S1_ORG_CLASS,1,17.06
user_019,G6_S1_ORG_CLASS,1,18.81
user_019,G6_S1_ORG_CLASS,1,10.71
user_019,G6_S1_ORG_CLASS,1,9.94
user_019,G6_S1_ORG_CLASS,1,12.43
user_019,G6_S1_ORG_CLASS,1,11.59
user_019,G6_S1_ORG_CLASS,1,11.36
user_019,G6_S1_ORG_CLASS,1,13.21
user_019,G6_S1_ORG_CLASS,1,12.28
user_019,G6_S1_ORG_CLASS,1,8.59
user_019,G6_S1_ORG_CLASS,1,10.66
user_019,G6_S2_MAT_STATES,1,23.99
user_019,G6_S2_MAT_STATES,0,24.26
user_019,G6_S2_MAT_STATES,0,17.72
user_019,G6_S2_MAT_STATES,1,22.13
user_019,G6_S2_MAT_STATES,0,18.45
user_019,G6_S2_MAT_STATES,0,18.68
user_019,G6_S2_MAT_STATES,0,21.28
user_019,G6_S2_MAT_STATES,0,18.66
user_019,G6_S2_MAT_STATES,0,21.41
user_019,G6_S2_MAT_STATES,1,23.32
user_019,G6_S2_MAT_STATES,0,16.71
user_019,G6_S2_MAT_STATES,1,17.84
user_019,G6_S2_MAT_PROPS,0,26.41
user_019,G6_S2_MAT_PROPS,0,23.45
user_019,G6_S2_MAT_PROPS,1,20.11
user_019,G6_S2_MAT_PROPS,1,19.32
user_019,G6_S2_MAT_PROPS,1,14.37
user_019,G6_S2_MAT_PROPS,1,13.2
user_019,G6_S2_MAT_PROPS,1,7.55
user_019,G6_S2_MAT_PROPS,0,11.01
user_019,G6_S2_MAT_PROPS,1,14.73
user_019,G6_S2_MAT_PROPS,1,14.61
user_019,G6_S2_MAT_PROPS,1,13.09
user_019,G6_S2_MAT_PROPS,1,8.91
user_019,G6_S4_ENE_SOURCES,1,20.45
user_019,G6_S4_ENE_SOURCES,0,15.15
user_019,G6_S4_ENE_SOURCES,0,20.19
user_019,G6_S4_ENE_SOURCES,0,21.09
user_019,G6_S4_ENE_SOURCES,1,21.14
user_019,G6_S4_ENE_SOURCES,0,16.76
user_019,G6_S4_ENE_SOURCES,1,24.18
user_019,G6_S4_ENE_SOURCES,1,17.51
user_019,G6_S4_ENE_SOURCES,1,12.13
user_019,G6_S4_ENE_SOURCES,1,11.7
user_019,G6_S4_ENE_SOURCES,1,14.18
user_019,G6_S4_ENE_SOURCES,1,12.17
user_019,G6_S8_ELE_CIRCUITS,0,25.24
user_019,G6_S8_ELE_CIRCUITS,0,25.27
user_019,G6_S8_ELE_CIRCUITS,0,17.28
user_019,G6_S8_ELE_CIRCUITS,1,20.65
user_019,G6_S8_ELE_CIRCUITS,1,15.34
user_019,G6_S8_ELE_CIRCUITS,0,14.18
user_019,G6_S8_ELE_CIRCUITS,0,16.55
user_019,G6_S8_ELE_CIRCUITS,1,21.78
user_019,G6_S8_ELE_CIRCUITS,1,14.55
user_019,G6_S8_ELE_CIRCUITS,1,15.51
user_019,G6_S8_ELE_CIRCUITS,1,11.89
user_019,G6_S8_ELE_CIRCUITS,1,10.44
user_019,G6_S8_ELE_CONDINS,0,23.34
user_019,G6_S8_ELE_CONDINS,0,22.85
user_019,G6_S8_ELE_CONDINS,0,16.82
user_019,G6_S8_ELE_CONDINS,0,22.05
user_019,G6_S8_ELE_CONDINS,0,21.61
user_019,G6_S8_ELE_CONDINS,0,22.59
user_019,G6_S8_ELE_CONDINS,1,19.71
user_019,G6_S8_ELE_CONDINS,1,17.72
user_019,G6_S8_ELE_CONDINS,1,14.59
user_019,G6_S8_ELE_CONDINS,0,10.71
user_019,G6_S8_ELE_CONDINS,1,13.63
user_019,G6_S8_ELE_CONDINS,1,13.05
user_019,G7_S1_PLA_DIVER,0,25.16
user_019,G7_S1_PLA_DIVER,0,19.71
user_019,G7_S1_PLA_DIVER,1,17.1
user_019,G7_S1_PLA_DIVER,1,16.78
user_019,G7_S1_PLA_DIVER,1,13.13
user_019,G7_S1_PLA_DIVER,1,14.22
user_019,G7_S1_PLA_DIVER,1,10.62
user_019,G7_S1_PLA_DIVER,1,14.93
user_019,G7_S1_PLA_DIVER,1,10.38
user_019,G7_S1_PLA_DIVER,1,12.61
user_019,G7_S1_PLA_DIVER,1,12.19
user_019,G7_S1_PLA_DIVER,1,10.38
user_019,G7_S1_PLA_CLASSIF,0,21.81
user_019,G7_S1_PLA_CLASSIF,0,21.47
user_019,G7_S1_PLA_CLASSIF,1,22.93
user_019,G7_S1_PLA_CLASSIF,1,14.12
user_019,G7_S1_PLA_CLASSIF,1,11.49
user_019,G7_S1_PLA_CLASSIF,1,12.83
user_019,G7_S1_PLA_CLASSIF,1,10.56
user_019,G7_S1_PLA_CLASSIF,1,12.44
user_019,G7_S1_PLA_CLASSIF,1,8.55
user_019,G7_S1_PLA_CLASSIF,1,9.91
user_019,G7_S1_PLA_CLASSIF,1,14.48
user_019,G7_S1_PLA_CLASSIF,1,8.98
user_019,G7_S2_STA_CHARGES,0,20.56
user_019,G7_S2_STA_CHARGES,1,23.71
user_019,G7_S2_STA_CHARGES,1,16.88
user_019,G7_S2_STA_CHARGES,0,15.53
user_019,G7_S2_STA_CHARGES,0,17.42
user_019,G7_S2_STA_CHARGES,1,19.04
user_019,G7_S2_STA_CHARGES,0,20.73
user_019,G7_S2_STA_CHARGES,1,18.17
user_019,G7_S2_STA_CHARGES,1,19.51
user_019,G7_S2_STA_CHARGES,0,13.01
user_019,G7_S2_STA_CHARGES,0,24.27
user_019,G7_S2_STA_CHARGES,1,21.53
user_019,G7_S2_STA_CAPACIT,1,26.26
user_019,G7_S2_STA_CAPACIT,1,18.33
user_019,G7_S2_STA_CAPACIT,1,15.81
user_019,G7_S2_STA_CAPACIT,1,9.92
user_019,G7_S2_STA_CAPACIT,1,11.48
user_019,G7_S2_STA_CAPACIT,1,12.66
user_019,G7_S2_STA_CAPACIT,1,8.6
user_019,G7_S2_STA_CAPACIT,1,10.55
user_019,G7_S2_STA_CAPACIT,0,13.11
user_019,G7_S2_STA_CAPACIT,0,13.41
user_019,G7_S2_STA_CAPACIT,1,15.07
user_019,G7_S2_STA_CAPACIT,0,10.42
user_019,G7_S3_ELE_SOURCES,0,25.79
user_019,G7_S3_ELE_SOURCES,0,23.26
user_019,G7_S3_ELE_SOURCES,0,24.26
user_019,G7_S3_ELE_SOURCES,0,23.28
user_019,G7_S3_ELE_SOURCES,0,20.43
user_019,G7_S3_ELE_SOURCES,0,19.68
user_019,G7_S3_ELE_SOURCES,0,18.56
user_019,G7_S3_ELE_SOURCES,0,23.43
user_019,G7_S3_ELE_SOURCES,0,24.21
user_019,G7_S3_ELE_SOURCES,1,18.89
user_019,G7_S3_ELE_SOURCES,1,17.87
user_019,G7_S3_ELE_SOURCES,0,14.93
user_019,G7_S3_ELE_CURRENTS,0,25.76
user_019,G7_S3_ELE_CURRENTS,1,21.77
user_019,G7_S3_ELE_CURRENTS,0,16.11
user_019,G7_S3_ELE_CURRENTS,1,16.81
user_019,G7_S3_ELE_CURRENTS,1,15.31
user_019,G7_S3_ELE_CURRENTS,0,10.77
user_019,G7_S3_ELE_CURRENTS,0,15.41
user_019,G7_S3_ELE_CURRENTS,0,24.53
user_019,G7_S3_ELE_CURRENTS,0,16.42
user_019,G7_S3_ELE_CURRENTS,1,23.74
user_019,G7_S3_ELE_CURRENTS,1,21.5
user_019,G7_S3_ELE_CURRENTS,1,15.91
user_019,G7_S4_WAT_SOLVENT,0,21.6
user_019,G7_S4_WAT_SOLVENT,0,23.4
user_019,G7_S4_WAT_SOLVENT,1,20.53
user_019,G7_S4_WAT_SOLVENT,1,15.23
user_019,G7_S4_WAT_SOLVENT,1,11.83
user_019,G7_S4_WAT_SOLVENT,1,13.82
user_019,G7_S4_WAT_SOLVENT,1,13.23
user_019,G7_S4_WAT_SOLVENT,1,13.26
user_019,G7_S4_WAT_SOLVENT,1,17.23
user_019,G7_S4_WAT_SOLVENT,1,12.68
user_019,G7_S4_WAT_SOLVENT,1,11.41
user_019,G7_S4_WAT_SOLVENT,1,8.01
user_019,G7_S4_WAT_COOLANT,1,21.72
user_019,G7_S4_WAT_COOLANT,0,19.15
user_019,G7_S4_WAT_COOLANT,0,20.54
user_019,G7_S4_WAT_COOLANT,1,18.57
user_019,G7_S4_WAT_COOLANT,0,14.68
user_019,G7_S4_WAT_COOLANT,1,19.82
user_019,G7_S4_WAT_COOLANT,0,16.41
user_019,G7_S4_WAT_COOLANT,0,18.62
user_019,G7_S4_WAT_COOLANT,1,19.25
user_019,G7_S4_WAT_COOLANT,1,18.2
user_019,G7_S4_WAT_COOLANT,0,11.72
user_019,G7_S4_WAT_COOLANT,0,17.82
user_019,G7_S5_ACI_IDENTIF,1,27.7
user_019,G7_S5_ACI_IDENTIF,0,16.65
user_019,G7_S5_ACI_IDENTIF,1,20.95
user_019,G7_S5_ACI_IDENTIF,1,17.1
user_019,G7_S5_ACI_IDENTIF,1,16.52
user_019,G7_S5_ACI_IDENTIF,1,9.45
user_019,G7_S5_ACI_IDENTIF,1,10.59
user_019,G7_S5_ACI_IDENTIF,1,16.9
user_019,G7_S5_ACI_IDENTIF,1,16.2
user_019,G7_S5_ACI_IDENTIF,0,19.58
user_019,G7_S5_ACI_IDENTIF,1,14.45
user_019,G7_S5_ACI_IDENTIF,0,8.04
user_019,G7_S5_ACI_INDICAT,1,18.42
user_019,G7_S5_ACI_INDICAT,1,19.05
user_019,G7_S5_ACI_INDICAT,1,15.18
user_019,G7_S5_ACI_INDICAT,1,12.27
user_019,G7_S5_ACI_INDICAT,1,13.27
user_019,G7_S5_ACI_INDICAT,0,11.88
user_019,G7_S5_ACI_INDICAT,1,11.97
user_019,G7_S5_ACI_INDICAT,0,4.81
user_019,G7_S5_ACI_INDICAT,1,13.12
user_019,G7_S5_ACI_INDICAT,1,14.77
user_019,G7_S5_ACI_INDICAT,1,13.68
user_019,G7_S5_ACI_INDICAT,0,12.0
user_019,G7_S6_ANI_CLASSIF,1,20.55
user_019,G7_S6_ANI_CLASSIF,1,16.26
user_019,G7_S6_ANI_CLASSIF,0,18.37
user_019,G7_S6_ANI_CLASSIF,0,16.83
user_019,G7_S6_ANI_CLASSIF,0,20.99
user_019,G7_S6_ANI_CLASSIF,1,21.58
user_019,G7_S6_ANI_CLASSIF,1,16.42
user_019,G7_S6_ANI_CLASSIF,1,14.1
user_019,G7_S6_ANI_CLASSIF,1,13.89
user_019,G7_S6_ANI_CLASSIF,1,13.14
user_019,G7_S6_ANI_CLASSIF,1,9.12
user_019,G7_S6_ANI_CLASSIF,0,15.7
user_019,G7_S6_ANI_ADAPTAT,1,23.15
user_019,G7_S6_ANI_ADAPTAT,1,18.56
user_019,G7_S6_ANI_ADAPTAT,1,13.6
user_019,G7_S6_ANI_ADAPTAT,1,13.23
user_019,G7_S6_ANI_ADAPTAT,0,8.61
user_019,G7_S6_ANI_ADAPTAT,1,10.26
user_019,G7_S6_ANI_ADAPTAT,1,11.21
user_019,G7_S6_ANI_ADAPTAT,1,16.14
user_019,G7_S6_ANI_ADAPTAT,1,13.54
user_019,G7_S6_ANI_ADAPTAT,1,10.0
user_019,G7_S6_ANI_ADAPTAT,1,14.2
user_019,G7_S6_ANI_ADAPTAT,1,12.01
user_019,G7_S7_ENE_FORMS,0,23.64
user_019,G7_S7_ENE_FORMS,1,24.3
user_019,G7_S7_ENE_FORMS,0,19.14
user_019,G7_S7_ENE_FORMS,1,17.47
user_019,G7_S7_ENE_FORMS,1,15.42
user_019,G7_S7_ENE_FORMS,1,14.24
user_019,G7_S7_ENE_FORMS,1,14.47
user_019,G7_S7_ENE_FORMS,1,13.75
user_019,G7_S7_ENE_FORMS,1,9.64
user_019,G7_S7_ENE_FORMS,1,14.48
user_019,G7_S7_ENE_FORMS,1,15.91
user_019,G7_S7_ENE_FORMS,1,13.61
user_019,G7_S7_ENE_TRANSF,0,21.08
user_019,G7_S7_ENE_TRANSF,0,21.27
user_019,G7_S7_ENE_TRANSF,1,21.26
user_019,G7_S7_ENE_TRANSF,1,14.37
user_019,G7_S7_ENE_TRANSF,1,14.8
user_019,G7_S7_ENE_TRANSF,1,11.87
user_019,G7_S7_ENE_TRANSF,1,10.12
user_019,G7_S7_ENE_TRANSF,1,14.86
user_019,G7_S7_ENE_TRANSF,1,13.75
user_019,G7_S7_ENE_TRANSF,1,9.48
user_019,G7_S7_ENE_TRANSF,1,8.82
user_019,G7_S7_ENE_TRANSF,1,11.54
user_019,G7_S8_EAR_STRUCT,0,21.32
user_019,G7_S8_EAR_STRUCT,1,17.61
user_019,G7_S8_EAR_STRUCT,1,18.91
user_019,G7_S8_EAR_STRUCT,1,16.32
user_019,G7_S8_EAR_STRUCT,0,10.43
user_019,G7_S8_EAR_STRUCT,1,11.99
user_019,G7_S8_EAR_STRUCT,1,8.9
user_019,G7_S8_EAR_STRUCT,1,13.23
user_019,G7_S8_EAR_STRUCT,1,15.57
user_019,G7_S8_EAR_STRUCT,0,11.27
user_019,G7_S8_EAR_STRUCT,1,11.68
user_019,G7_S8_EAR_STRUCT,1,14.69
user_019,G7_S8_EAR_TECTON,0,17.01
user_019,G7_S8_EAR_TECTON,1,19.48
user_019,G7_S8_EAR_TECTON,1,15.42
user_019,G7_S8_EAR_TECTON,1,14.32
user_019,G7_S8_EAR_TECTON,1,10.97
user_019,G7_S8_EAR_TECTON,0,9.58
user_019,G7_S8_EAR_TECTON,1,12.98
user_019,G7_S8_EAR_TECTON,1,11.02
user_019,G7_S8_EAR_TECTON,1,14.5
user_019,G7_S8_EAR_TECTON,1,12.38
user_019,G7_S8_EAR_TECTON,1,13.3
user_019,G7_S8_EAR_TECTON,1,7.76
user_019,G7_S9_LIG_SHADOWS,0,21.06
user_019,G7_S9_LIG_SHADOWS,0,23.02
user_019,G7_S9_LIG_SHADOWS,0,22.6
user_019,G7_S9_LIG_SHADOWS,0,17.88
user_019,G7_S9_LIG_SHADOWS,0,21.24
user_019,G7_S9_LIG_SHADOWS,0,20.83
user_019,G7_S9_LIG_SHADOWS,0,24.48
user_019,G7_S9_LIG_SHADOWS,1,20.79
user_019,G7_S9_LIG_SHADOWS,1,15.16
user_019,G7_S9_LIG_SHADOWS,1,11.34
user_019,G7_S9_LIG_SHADOWS,1,10.68
user_019,G7_S9_LIG_SHADOWS,1,10.55
user_019,G7_S9_LIG_MIRRORS,1,19.59
user_019,G7_S9_LIG_MIRRORS,0,16.98
user_019,G7_S9_LIG_MIRRORS,0,22.25
user_019,G7_S9_LIG_MIRRORS,0,19.67
user_019,G7_S9_LIG_MIRRORS,0,17.85
user_019,G7_S9_LIG_MIRRORS,1,18.33
user_019,G7_S9_LIG_MIRRORS,1,19.06
user_019,G7_S9_LIG_MIRRORS,1,12.86
user_019,G7_S9_LIG_MIRRORS,0,12.76
user_019,G7_S9_LIG_MIRRORS,1,14.17
user_019,G7_S9_LIG_MIRRORS,1,12.55
user_019,G7_S9_LIG_MIRRORS,1,10.73
user_019,G7_S10_MIC_LIGHT,0,19.16
user_019,G7_S10_MIC_LIGHT,0,21.82
user_019,G7_S10_MIC_LIGHT,0,24.33
user_019,G7_S10_MIC_LIGHT,0,18.65
user_019,G7_S10_MIC_LIGHT,1,23.49
user_019,G7_S10_MIC_LIGHT,0,16.5
user_019,G7_S10_MIC_LIGHT,0,22.09
user_019,G7_S10_MIC_LIGHT,0,18.94
user_019,G7_S10_MIC_LIGHT,0,20.95
user_019,G7_S10_MIC_LIGHT,0,18.3
user_019,G7_S10_MIC_LIGHT,0,20.21
user_019,G7_S10_MIC_LIGHT,0,24.35
user_019,G7_S10_MIC_ELECTR,1,23.75
user_019,G7_S10_MIC_ELECTR,0,13.99
user_019,G7_S10_MIC_ELECTR,1,17.13
user_019,G7_S10_MIC_ELECTR,1,16.16
user_019,G7_S10_MIC_ELECTR,0,15.15
user_019,G7_S10_MIC_ELECTR,1,14.14
user_019,G7_S10_MIC_ELECTR,1,9.15
user_019,G7_S10_MIC_ELECTR,1,10.73
user_019,G7_S10_MIC_ELECTR,1,7.81
user_019,G7_S10_MIC_ELECTR,1,12.33
user_019,G7_S10_MIC_ELECTR,1,7.76
user_019,G7_S10_MIC_ELECTR,1,11.67
user_019,G8_S1_BIO_DIVER,0,23.43
user_019,G8_S1_BIO_DIVER,0,19.51
user_019,G8_S1_BIO_DIVER,1,22.99
user_019,G8_S1_BIO_DIVER,0,15.2
user_019,G8_S1_BIO_DIVER,0,17.29
user_019,G8_S1_BIO_DIVER,1,16.72
user_019,G8_S1_BIO_DIVER,0,15.25
user_019,G8_S1_BIO_DIVER,0,14.57
user_019,G8_S1_BIO_DIVER,1,21.21
user_019,G8_S1_BIO_DIVER,1,18.04
user_019,G8_S1_BIO_DIVER,1,11.19
user_019,G8_S1_BIO_DIVER,1,12.31
user_019,G8_S1_BIO_CLASSIF,0,24.69
user_019,G8_S1_BIO_CLASSIF,0,20.47
user_019,G8_S1_BIO_CLASSIF,0,17.91
user_019,G8_S1_BIO_CLASSIF,0,21.13
user_019,G8_S1_BIO_CLASSIF,1,18.57
user_019,G8_S1_BIO_CLASSIF,1,14.98
user_019,G8_S1_BIO_CLASSIF,1,11.51
user_019,G8_S1_BIO_CLASSIF,1,15.07
user_019,G8_S1_BIO_CLASSIF,1,11.16
user_019,G8_S1_BIO_CLASSIF,0,13.4
user_019,G8_S1_BIO_CLASSIF,1,10.48
user_019,G8_S1_BIO_CLASSIF,1,15.76
user_019,G8_S2_TIS_PLANT,0,25.65
user_019,G8_S2_TIS_PLANT,0,19.71
user_019,G8_S2_TIS_PLANT,0,19.46
user_019,G8_S2_TIS_PLANT,0,21.82
user_019,G8_S2_TIS_PLANT,1,17.12
user_019,G8_S2_TIS_PLANT,1,11.07
user_019,G8_S2_TIS_PLANT,0,15.2
user_019,G8_S2_TIS_PLANT,1,15.15
user_019,G8_S2_TIS_PLANT,1,13.01
user_019,G8_S2_TIS_PLANT,1,11.08
user_019,G8_S2_TIS_PLANT,1,12.09
user_019,G8_S2_TIS_PLANT,1,13.85
user_019,G8_S2_TIS_ANIMAL,1,20.64
user_019,G8_S2_TIS_ANIMAL,0,22.26
user_019,G8_S2_TIS_ANIMAL,1,22.95
user_019,G8_S2_TIS_ANIMAL,1,14.18
user_019,G8_S2_TIS_ANIMAL,1,13.94
user_019,G8_S2_TIS_ANIMAL,0,16.43
user_019,G8_S2_TIS_ANIMAL,1,16.58
user_019,G8_S2_TIS_ANIMAL,1,12.25
user_019,G8_S2_TIS_ANIMAL,1,13.59
user_019,G8_S2_TIS_ANIMAL,1,10.14
user_019,G8_S2_TIS_ANIMAL,1,12.29
user_019,G8_S2_TIS_ANIMAL,1,10.03
user_019,G8_S3_PHO_PROCESS,0,23.25
user_019,G8_S3_PHO_PROCESS,1,23.08
user_019,G8_S3_PHO_PROCESS,1,12.87
user_019,G8_S3_PHO_PROCESS,1,12.48
user_019,G8_S3_PHO_PROCESS,1,13.63
user_019,G8_S3_PHO_PROCESS,1,14.26
user_019,G8_S3_PHO_PROCESS,1,10.34
user_019,G8_S3_PHO_PROCESS,1,11.93
user_019,G8_S3_PHO_PROCESS,1,15.1
user_019,G8_S3_PHO_PROCESS,1,13.84
user_019,G8_S3_PHO_PROCESS,1,13.77
user_019,G8_S3_PHO_PROCESS,0,12.23
user_019,G8_S3_PHO_IMPORT,0,26.58
user_019,G8_S3_PHO_IMPORT,0,23.39
user_019,G8_S3_PHO_IMPORT,0,21.35
user_019,G8_S3_PHO_IMPORT,0,25.36
user_019,G8_S3_PHO_IMPORT,1,21.06
user_019,G8_S3_PHO_IMPORT,1,15.7
user_019,G8_S3_PHO_IMPORT,1,13.41
user_019,G8_S3_PHO_IMPORT,1,12.83
user_019,G8_S3_PHO_IMPORT,1,9.69
user_019,G8_S3_PHO_IMPORT,1,14.26
user_019,G8_S3_PHO_IMPORT,1,16.24
user_019,G8_S3_PHO_IMPORT,1,10.29
user_019,G8_S4_MAT_ELEMENTS,0,21.59
user_019,G8_S4_MAT_ELEMENTS,1,21.51
user_019,G8_S4_MAT_ELEMENTS,1,20.32
user_019,G8_S4_MAT_ELEMENTS,1,10.87
user_019,G8_S4_MAT_ELEMENTS,1,15.16
user_019,G8_S4_MAT_ELEMENTS,1,14.46
user_019,G8_S4_MAT_ELEMENTS,1,10.63
user_019,G8_S4_MAT_ELEMENTS,1,14.26
user_019,G8_S4_MAT_ELEMENTS,1,12.89
user_019,G8_S4_MAT_ELEMENTS,1,9.98
user_019,G8_S4_MAT_ELEMENTS,0,16.4
user_019,G8_S4_MAT_ELEMENTS,0,9.56
user_019,G8_S4_MAT_COMPOUNDS,0,24.38
user_019,G8_S4_MAT_COMPOUNDS,0,18.63
user_019,G8_S4_MAT_COMPOUNDS,0,23.66
user_019,G8_S4_MAT_COMPOUNDS,0,18.59
user_019,G8_S4_MAT_COMPOUNDS,0,20.35
user_019,G8_S4_MAT_COMPOUNDS,1,21.02
user_019,G8_S4_MAT_COMPOUNDS,1,15.82
user_019,G8_S4_MAT_COMPOUNDS,1,18.81
user_019,G8_S4_MAT_COMPOUNDS,1,10.34
user_019,G8_S4_MAT_COMPOUNDS,1,12.03
user_019,G8_S4_MAT_COMPOUNDS,1,8.65
user_019,G8_S4_MAT_COMPOUNDS,1,9.27
user_019,G8_S5_MAT_DENSITY,0,25.98
user_019,G8_S5_MAT_DENSITY,0,23.39
user_019,G8_S5_MAT_DENSITY,0,23.44
user_019,G8_S5_MAT_DENSITY,0,22.77
user_019,G8_S5_MAT_DENSITY,0,23.93
user_019,G8_S5_MAT_DENSITY,0,22.39
user_019,G8_S5_MAT_DENSITY,1,21.96
user_019,G8_S5_MAT_DENSITY,1,12.74
user_019,G8_S5_MAT_DENSITY,1,17.33
user_019,G8_S5_MAT_DENSITY,1,15.46
user_019,G8_S5_MAT_DENSITY,1,12.41
user_019,G8_S5_MAT_DENSITY,1,8.1
user_019,G8_S5_MAT_THERMAL,0,20.92
user_019,G8_S5_MAT_THERMAL,0,19.09
user_019,G8_S5_MAT_THERMAL,0,19.78
user_019,G8_S5_MAT_THERMAL,0,22.74
user_019,G8_S5_MAT_THERMAL,0,19.97
user_019,G8_S5_MAT_THERMAL,0,22.84
user_019,G8_S5_MAT_THERMAL,0,20.4
user_019,G8_S5_MAT_THERMAL,1,17.98
user_019,G8_S5_MAT_THERMAL,0,14.5
user_019,G8_S5_MAT_THERMAL,0,21.4
user_019,G8_S5_MAT_THERMAL,1,18.51
user_019,G8_S5_MAT_THERMAL,0,18.44
user_019,G8_S6_CHA_PHYSICAL,0,23.25
user_019,G8_S6_CHA_PHYSICAL,0,19.76
user_019,G8_S6_CHA_PHYSICAL,0,15.5
user_019,G8_S6_CHA_PHYSICAL,0,21.75
user_019,G8_S6_CHA_PHYSICAL,1,22.52
user_019,G8_S6_CHA_PHYSICAL,1,17.74
user_019,G8_S6_CHA_PHYSICAL,1,17.06
user_019,G8_S6_CHA_PHYSICAL,1,12.35
user_019,G8_S6_CHA_PHYSICAL,0,10.57
user_019,G8_S6_CHA_PHYSICAL,0,11.34
user_019,G8_S6_CHA_PHYSICAL,0,15.76
user_019,G8_S6_CHA_PHYSICAL,0,19.07
user_019,G8_S6_CHA_BURNING,0,20.35
user_019,G8_S6_CHA_BURNING,0,18.28
user_019,G8_S6_CHA_BURNING,1,23.77
user_019,G8_S6_CHA_BURNING,1,16.06
user_019,G8_S6_CHA_BURNING,1,15.62
user_019,G8_S6_CHA_BURNING,1,13.98
user_019,G8_S6_CHA_BURNING,1,11.22
user_019,G8_S6_CHA_BURNING,1,12.28
user_019,G8_S6_CHA_BURNING,1,11.0
user_019,G8_S6_CHA_BURNING,1,13.35
user_019,G8_S6_CHA_BURNING,1,14.07
user_019,G8_S6_CHA_BURNING,0,9.88
user_019,G8_S7_FOR_TYPES,0,26.46
user_019,G8_S7_FOR_TYPES,0,21.91
user_019,G8_S7_FOR_TYPES,0,22.79
user_019,G8_S7_FOR_TYPES,0,18.98
user_019,G8_S7_FOR_TYPES,0,19.51
user_019,G8_S7_FOR_TYPES,0,23.51
user_019,G8_S7_FOR_TYPES,0,24.22
user_019,G8_S7_FOR_TYPES,0,25.6
user_019,G8_S7_FOR_TYPES,0,20.52
user_019,G8_S7_FOR_TYPES,1,20.48
user_019,G8_S7_FOR_TYPES,1,16.99
user_019,G8_S7_FOR_TYPES,1,16.84
user_019,G8_S7_FOR_PRESSURE,0,20.44
user_019,G8_S7_FOR_PRESSURE,0,22.14
user_019,G8_S7_FOR_PRESSURE,1,24.21
user_019,G8_S7_FOR_PRESSURE,1,8.9
user_019,G8_S7_FOR_PRESSURE,1,13.21
user_019,G8_S7_FOR_PRESSURE,1,19.1
user_019,G8_S7_FOR_PRESSURE,1,13.83
user_019,G8_S7_FOR_PRESSURE,1,8.02
user_019,G8_S7_FOR_PRESSURE,1,8.59
user_019,G8_S7_FOR_PRESSURE,1,10.84
user_019,G8_S7_FOR_PRESSURE,0,10.48
user_019,G8_S7_FOR_PRESSURE,0,13.0
user_019,G8_S8_STA_PHENOM,0,22.41
user_019,G8_S8_STA_PHENOM,0,20.66
user_019,G8_S8_STA_PHENOM,1,21.61
user_019,G8_S8_STA_PHENOM,1,15.55
user_019,G8_S8_STA_PHENOM,1,11.94
user_019,G8_S8_STA_PHENOM,1,9.31
user_019,G8_S8_STA_PHENOM,1,12.22
user_019,G8_S8_STA_PHENOM,1,6.48
user_019,G8_S8_STA_PHENOM,1,12.08
user_019,G8_S8_STA_PHENOM,1,12.78
user_019,G8_S8_STA_PHENOM,1,13.44
user_019,G8_S8_STA_PHENOM,1,14.8
user_019,G8_S8_STA_LIGHTNG,1,23.49
user_019,G8_S8_STA_LIGHTNG,0,16.87
user_019,G8_S8_STA_LIGHTNG,1,21.37
user_019,G8_S8_STA_LIGHTNG,1,14.03
user_019,G8_S8_STA_LIGHTNG,1,10.74
user_019,G8_S8_STA_LIGHTNG,1,10.97
user_019,G8_S8_STA_LIGHTNG,1,12.99
user_019,G8_S8_STA_LIGHTNG,0,14.56
user_019,G8_S8_STA_LIGHTNG,1,12.25
user_019,G8_S8_STA_LIGHTNG,1,10.37
user_019,G8_S8_STA_LIGHTNG,1,9.55
user_019,G8_S8_STA_LIGHTNG,1,12.34
user_019,G9_S1_SYS_DIGEST,0,22.21
user_019,G9_S1_SYS_DIGEST,1,22.38
user_019,G9_S1_SYS_DIGEST,0,18.98
user_019,G9_S1_SYS_DIGEST,0,16.49
user_019,G9_S1_SYS_DIGEST,1,22.19
user_019,G9_S1_SYS_DIGEST,0,19.86
user_019,G9_S1_SYS_DIGEST,1,17.86
user_019,G9_S1_SYS_DIGEST,1,15.94
user_019,G9_S1_SYS_DIGEST,1,16.63
user_019,G9_S1_SYS_DIGEST,1,8.15
user_019,G9_S1_SYS_DIGEST,1,11.91
user_019,G9_S1_SYS_DIGEST,1,9.73
user_019,G9_S1_SYS_CIRCUL,0,24.15
user_019,G9_S1_SYS_CIRCUL,0,20.91
user_019,G9_S1_SYS_CIRCUL,1,22.14
user_019,G9_S1_SYS_CIRCUL,1,9.37
user_019,G9_S1_SYS_CIRCUL,1,15.9
user_019,G9_S1_SYS_CIRCUL,1,10.4
user_019,G9_S1_SYS_CIRCUL,1,8.97
user_019,G9_S1_SYS_CIRCUL,1,8.79
user_019,G9_S1_SYS_CIRCUL,1,13.44
user_019,G9_S1_SYS_CIRCUL,0,9.57
user_019,G9_S1_SYS_CIRCUL,1,16.95
user_019,G9_S1_SYS_CIRCUL,1,11.23
user_019,G9_S2_RHY_EARTH,0,24.47
user_019,G9_S2_RHY_EARTH,0,15.99
user_019,G9_S2_RHY_EARTH,0,23.04
user_019,G9_S2_RHY_EARTH,0,23.44
user_019,G9_S2_RHY_EARTH,0,22.26
user_019,G9_S2_RHY_EARTH,0,20.8
user_019,G9_S2_RHY_EARTH,0,25.35
user_019,G9_S2_RHY_EARTH,1,20.07
user_019,G9_S2_RHY_EARTH,1,14.59
user_019,G9_S2_RHY_EARTH,1,11.09
user_019,G9_S2_RHY_EARTH,1,15.08
user_019,G9_S2_RHY_EARTH,1,10.68
user_019,G9_S2_RHY_CLIMATE,0,22.81
user_019,G9_S2_RHY_CLIMATE,1,20.13
user_019,G9_S2_RHY_CLIMATE,1,14.74
user_019,G9_S2_RHY_CLIMATE,1,19.96
user_019,G9_S2_RHY_CLIMATE,1,12.29
user_019,G9_S2_RHY_CLIMATE,1,15.63
user_019,G9_S2_RHY_CLIMATE,1,12.69
user_019,G9_S2_RHY_CLIMATE,1,14.43
user_019,G9_S2_RHY_CLIMATE,1,13.19
user_019,G9_S2_RHY_CLIMATE,1,11.63
user_019,G9_S2_RHY_CLIMATE,1,7.58
user_019,G9_S2_RHY_CLIMATE,0,11.21
user_019,G9_S3_LIG_REFRAC,0,23.56
user_019,G9_S3_LIG_REFRAC,1,26.71
user_019,G9_S3_LIG_REFRAC,0,15.31
user_019,G9_S3_LIG_REFRAC,1,18.62
user_019,G9_S3_LIG_REFRAC,0,13.79
user_019,G9_S3_LIG_REFRAC,0,18.0
user_019,G9_S3_LIG_REFRAC,0,23.32
user_019,G9_S3_LIG_REFRAC,1,20.49
user_019,G9_S3_LIG_REFRAC,1,15.98
user_019,G9_S3_LIG_REFRAC,1,10.88
user_019,G9_S3_LIG_REFRAC,1,11.28
user_019,G9_S3_LIG_REFRAC,1,13.02
user_019,G9_S3_LIG_LENSES,1,21.4
user_019,G9_S3_LIG_LENSES,1,16.99
user_019,G9_S3_LIG_LENSES,1,15.82
user_019,G9_S3_LIG_LENSES,1,13.39
user_019,G9_S3_LIG_LENSES,1,13.03
user_019,G9_S3_LIG_LENSES,1,14.52
user_019,G9_S3_LIG_LENSES,1,13.92
user_019,G9_S3_LIG_LENSES,1,10.5
user_019,G9_S3_LIG_LENSES,0,15.16
user_019,G9_S3_LIG_LENSES,0,13.84
user_019,G9_S3_LIG_LENSES,1,14.45
user_019,G9_S3_LIG_LENSES,1,13.42
user_019,G9_S4_SOU_PROPAG,0,19.52
user_019,G9_S4_SOU_PROPAG,1,24.05
user_019,G9_S4_SOU_PROPAG,1,15.17
user_019,G9_S4_SOU_PROPAG,1,11.09
user_019,G9_S4_SOU_PROPAG,1,15.49
user_019,G9_S4_SOU_PROPAG,1,11.61
user_019,G9_S4_SOU_PROPAG,1,13.57
user_019,G9_S4_SOU_PROPAG,1,10.19
user_019,G9_S4_SOU_PROPAG,1,7.77
user_019,G9_S4_SOU_PROPAG,1,12.14
user_019,G9_S4_SOU_PROPAG,1,12.83
user_019,G9_S4_SOU_PROPAG,1,10.9
user_019,G9_S4_SOU_HEARING,0,22.87
user_019,G9_S4_SOU_HEARING,0,19.6
user_019,G9_S4_SOU_HEARING,1,20.37
user_019,G9_S4_SOU_HEARING,1,15.04
user_019,G9_S4_SOU_HEARING,1,12.07
user_019,G9_S4_SOU_HEARING,1,10.64
user_019,G9_S4_SOU_HEARING,1,15.79
user_019,G9_S4_SOU_HEARING,1,9.89
user_019,G9_S4_SOU_HEARING,0,11.37
user_019,G9_S4_SOU_HEARING,1,8.91
user_019,G9_S4_SOU_HEARING,1,15.24
user_019,G9_S4_SOU_HEARING,0,15.38
user_019,G9_S5_HEA_EXPANS,0,19.35
user_019,G9_S5_HEA_EXPANS,1,19.32
user_019,G9_S5_HEA_EXPANS,1,18.88
user_019,G9_S5_HEA_EXPANS,1,11.33
user_019,G9_S5_HEA_EXPANS,1,9.49
user_019,G9_S5_HEA_EXPANS,1,11.36
user_019,G9_S5_HEA_EXPANS,1,11.97
user_019,G9_S5_HEA_EXPANS,1,13.34
user_019,G9_S5_HEA_EXPANS,1,9.37
user_019,G9_S5_HEA_EXPANS,1,10.17
user_019,G9_S5_HEA_EXPANS,1,16.34
user_019,G9_S5_HEA_EXPANS,1,7.95
user_019,G9_S5_HEA_TRANSF,1,23.5
user_019,G9_S5_HEA_TRANSF,0,19.78
user_019,G9_S5_HEA_TRANSF,0,17.53
user_019,G9_S5_HEA_TRANSF,0,20.13
user_019,G9_S5_HEA_TRANSF,1,25.96
user_019,G9_S5_HEA_TRANSF,0,16.32
user_019,G9_S5_HEA_TRANSF,1,19.84
user_019,G9_S5_HEA_TRANSF,1,12.34
user_019,G9_S5_HEA_TRANSF,1,11.57
user_019,G9_S5_HEA_TRANSF,1,15.71
user_019,G9_S5_HEA_TRANSF,1,9.96
user_019,G9_S5_HEA_TRANSF,0,13.57
user_019,G9_S6_NAT_ATOMS,0,24.13
user_019,G9_S6_NAT_ATOMS,0,22.47
user_019,G9_S6_NAT_ATOMS,0,22.05
user_019,G9_S6_NAT_ATOMS,0,24.89
user_019,G9_S6_NAT_ATOMS,1,21.8
user_019,G9_S6_NAT_ATOMS,1,16.63
user_019,G9_S6_NAT_ATOMS,1,17.34
user_019,G9_S6_NAT_ATOMS,1,15.04
user_019,G9_S6_NAT_ATOMS,1,10.76
user_019,G9_S6_NAT_ATOMS,1,14.66
user_019,G9_S6_NAT_ATOMS,1,11.8
user_019,G9_S6_NAT_ATOMS,1,11.99
user_019,G9_S6_NAT_CONFIG,0,24.05
user_019,G9_S6_NAT_CONFIG,0,19.31
user_019,G9_S6_NAT_CONFIG,0,23.43
user_019,G9_S6_NAT_CONFIG,1,18.15
user_019,G9_S6_NAT_CONFIG,1,11.05
user_019,G9_S6_NAT_CONFIG,0,13.29
user_019,G9_S6_NAT_CONFIG,1,19.47
user_019,G9_S6_NAT_CONFIG,1,16.97
user_019,G9_S6_NAT_CONFIG,1,14.36
user_019,G9_S6_NAT_CONFIG,1,13.52
user_019,G9_S6_NAT_CONFIG,1,10.13
user_019,G9_S6_NAT_CONFIG,1,9.87
user_019,G9_S7_ACI_SALTS,1,20.95
user_019,G9_S7_ACI_SALTS,0,19.55
user_019,G9_S7_ACI_SALTS,1,22.08
user_019,G9_S7_ACI_SALTS,0,14.1
user_019,G9_S7_ACI_SALTS,1,22.33
user_019,G9_S7_ACI_SALTS,1,16.69
user_019,G9_S7_ACI_SALTS,1,17.72
user_019,G9_S7_ACI_SALTS,0,11.15
user_019,G9_S7_ACI_SALTS,0,11.42
user_019,G9_S7_ACI_SALTS,0,19.99
user_019,G9_S7_ACI_SALTS,0,19.19
user_019,G9_S7_ACI_SALTS,1,19.17
user_019,G9_S7_ACI_NEUTRAL,1,23.74
user_019,G9_S7_ACI_NEUTRAL,1,20.64
user_019,G9_S7_ACI_NEUTRAL,0,13.54
user_019,G9_S7_ACI_NEUTRAL,0,16.41
user_019,G9_S7_ACI_NEUTRAL,0,28.63
user_019,G9_S7_ACI_NEUTRAL,1,20.34
user_019,G9_S7_ACI_NEUTRAL,0,15.81
user_019,G9_S7_ACI_NEUTRAL,0,22.2
user_019,G9_S7_ACI_NEUTRAL,1,19.63
user_019,G9_S7_ACI_NEUTRAL,1,20.96
user_019,G9_S7_ACI_NEUTRAL,1,14.93
user_019,G9_S7_ACI_NEUTRAL,0,9.89
user_020,G6_S1_ORG_CHARS,0,25.86
user_020,G6_S1_ORG_CHARS,1,17.78
user_020,G6_S1_ORG_CHARS,1,12.8
user_020,G6_S1_ORG_CHARS,0,10.84
user_020,G6_S1_ORG_CHARS,1,13.9
user_020,G6_S1_ORG_CHARS,1,11.8
user_020,G6_S1_ORG_CHARS,1,13.49
user_020,G6_S1_ORG_CHARS,1,13.02
user_020,G6_S1_ORG_CHARS,0,10.15
user_020,G6_S1_ORG_CHARS,1,14.09
user_020,G6_S1_ORG_CHARS,1,12.41
user_020,G6_S1_ORG_CHARS,1,9.73
user_020,G6_S1_ORG_CLASS,0,23.33
user_020,G6_S1_ORG_CLASS,0,20.07
user_020,G6_S1_ORG_CLASS,0,20.63
user_020,G6_S1_ORG_CLASS,0,23.32
user_020,G6_S1_ORG_CLASS,0,21.39
user_020,G6_S1_ORG_CLASS,0,18.07
user_020,G6_S1_ORG_CLASS,1,20.07
user_020,G6_S1_ORG_CLASS,1,13.23
user_020,G6_S1_ORG_CLASS,1,14.26
user_020,G6_S1_ORG_CLASS,1,10.33
user_020,G6_S1_ORG_CLASS,1,17.42
user_020,G6_S1_ORG_CLASS,1,9.35
user_020,G6_S2_MAT_STATES,0,23.24
user_020,G6_S2_MAT_STATES,0,22.59
user_020,G6_S2_MAT_STATES,0,25.08
user_020,G6_S2_MAT_STATES,0,21.88
user_020,G6_S2_MAT_STATES,0,17.9
user_020,G6_S2_MAT_STATES,0,21.88
user_020,G6_S2_MAT_STATES,0,21.87
user_020,G6_S2_MAT_STATES,0,23.98
user_020,G6_S2_MAT_STATES,1,21.46
user_020,G6_S2_MAT_STATES,1,19.18
user_020,G6_S2_MAT_STATES,1,13.68
user_020,G6_S2_MAT_STATES,1,9.91
user_020,G6_S2_MAT_PROPS,1,26.81
user_020,G6_S2_MAT_PROPS,0,17.94
user_020,G6_S2_MAT_PROPS,1,18.64
user_020,G6_S2_MAT_PROPS,1,15.73
user_020,G6_S2_MAT_PROPS,1,8.36
user_020,G6_S2_MAT_PROPS,1,15.99
user_020,G6_S2_MAT_PROPS,1,12.77
user_020,G6_S2_MAT_PROPS,1,13.84
user_020,G6_S2_MAT_PROPS,1,13.43
user_020,G6_S2_MAT_PROPS,1,12.59
user_020,G6_S2_MAT_PROPS,1,12.12
user_020,G6_S2_MAT_PROPS,1,14.5
user_020,G6_S4_ENE_SOURCES,0,26.49
user_020,G6_S4_ENE_SOURCES,0,18.51
user_020,G6_S4_ENE_SOURCES,1,23.15
user_020,G6_S4_ENE_SOURCES,1,16.04
user_020,G6_S4_ENE_SOURCES,0,11.36
user_020,G6_S4_ENE_SOURCES,1,19.12
user_020,G6_S4_ENE_SOURCES,1,11.43
user_020,G6_S4_ENE_SOURCES,1,11.91
user_020,G6_S4_ENE_SOURCES,1,14.61
user_020,G6_S4_ENE_SOURCES,1,13.69
user_020,G6_S4_ENE_SOURCES,1,16.16
user_020,G6_S4_ENE_SOURCES,1,13.41
user_020,G6_S8_ELE_CIRCUITS,0,18.57
user_020,G6_S8_ELE_CIRCUITS,1,20.5
user_020,G6_S8_ELE_CIRCUITS,1,16.46
user_020,G6_S8_ELE_CIRCUITS,1,10.85
user_020,G6_S8_ELE_CIRCUITS,0,9.53
user_020,G6_S8_ELE_CIRCUITS,1,10.68
user_020,G6_S8_ELE_CIRCUITS,1,13.53
user_020,G6_S8_ELE_CIRCUITS,1,14.12
user_020,G6_S8_ELE_CIRCUITS,1,12.83
user_020,G6_S8_ELE_CIRCUITS,0,10.13
user_020,G6_S8_ELE_CIRCUITS,1,19.33
user_020,G6_S8_ELE_CIRCUITS,1,12.02
user_020,G6_S8_ELE_CONDINS,0,18.27
user_020,G6_S8_ELE_CONDINS,0,22.01
user_020,G6_S8_ELE_CONDINS,0,19.57
user_020,G6_S8_ELE_CONDINS,0,19.27
user_020,G6_S8_ELE_CONDINS,0,24.96
user_020,G6_S8_ELE_CONDINS,0,22.25
user_020,G6_S8_ELE_CONDINS,1,21.26
user_020,G6_S8_ELE_CONDINS,1,16.42
user_020,G6_S8_ELE_CONDINS,0,17.98
user_020,G6_S8_ELE_CONDINS,0,19.65
user_020,G6_S8_ELE_CONDINS,0,25.51
user_020,G6_S8_ELE_CONDINS,0,19.93
user_020,G7_S1_PLA_DIVER,0,21.41
user_020,G7_S1_PLA_DIVER,0,18.81
user_020,G7_S1_PLA_DIVER,0,15.76
user_020,G7_S1_PLA_DIVER,0,21.62
user_020,G7_S1_PLA_DIVER,1,21.36
user_020,G7_S1_PLA_DIVER,0,15.52
user_020,G7_S1_PLA_DIVER,0,15.78
user_020,G7_S1_PLA_DIVER,1,19.04
user_020,G7_S1_PLA_DIVER,0,12.65
user_020,G7_S1_PLA_DIVER,1,20.11
user_020,G7_S1_PLA_DIVER,1,13.52
user_020,G7_S1_PLA_DIVER,1,13.72
user_020,G7_S1_PLA_CLASSIF,0,20.28
user_020,G7_S1_PLA_CLASSIF,1,21.25
user_020,G7_S1_PLA_CLASSIF,1,18.9
user_020,G7_S1_PLA_CLASSIF,1,13.76
user_020,G7_S1_PLA_CLASSIF,1,12.59
user_020,G7_S1_PLA_CLASSIF,1,12.57
user_020,G7_S1_PLA_CLASSIF,1,12.03
user_020,G7_S1_PLA_CLASSIF,1,11.97
user_020,G7_S1_PLA_CLASSIF,1,10.43
user_020,G7_S1_PLA_CLASSIF,1,17.7
user_020,G7_S1_PLA_CLASSIF,1,10.84
user_020,G7_S1_PLA_CLASSIF,1,12.16
user_020,G7_S2_STA_CHARGES,1,24.27
user_020,G7_S2_STA_CHARGES,1,17.79
user_020,G7_S2_STA_CHARGES,0,13.26
user_020,G7_S2_STA_CHARGES,0,23.38
user_020,G7_S2_STA_CHARGES,1,18.13
user_020,G7_S2_STA_CHARGES,1,18.61
user_020,G7_S2_STA_CHARGES,1,14.31
user_020,G7_S2_STA_CHARGES,1,10.95
user_020,G7_S2_STA_CHARGES,1,8.23
user_020,G7_S2_STA_CHARGES,1,11.29
user_020,G7_S2_STA_CHARGES,1,13.6
user_020,G7_S2_STA_CHARGES,1,11.57
user_020,G7_S2_STA_CAPACIT,0,20.19
user_020,G7_S2_STA_CAPACIT,0,21.2
user_020,G7_S2_STA_CAPACIT,0,21.68
user_020,G7_S2_STA_CAPACIT,0,23.9
user_020,G7_S2_STA_CAPACIT,0,22.35
user_020,G7_S2_STA_CAPACIT,1,16.38
user_020,G7_S2_STA_CAPACIT,0,17.33
user_020,G7_S2_STA_CAPACIT,1,20.58
user_020,G7_S2_STA_CAPACIT,1,14.17
user_020,G7_S2_STA_CAPACIT,1,11.22
user_020,G7_S2_STA_CAPACIT,1,11.36
user_020,G7_S2_STA_CAPACIT,1,12.48
user_020,G7_S3_ELE_SOURCES,1,19.99
user_020,G7_S3_ELE_SOURCES,0,20.02
user_020,G7_S3_ELE_SOURCES,0,23.14
user_020,G7_S3_ELE_SOURCES,1,23.67
user_020,G7_S3_ELE_SOURCES,1,20.48
user_020,G7_S3_ELE_SOURCES,1,14.37
user_020,G7_S3_ELE_SOURCES,1,11.24
user_020,G7_S3_ELE_SOURCES,1,13.59
user_020,G7_S3_ELE_SOURCES,0,11.95
user_020,G7_S3_ELE_SOURCES,1,13.43
user_020,G7_S3_ELE_SOURCES,1,13.25
user_020,G7_S3_ELE_SOURCES,1,14.77
user_020,G7_S3_ELE_CURRENTS,1,24.84
user_020,G7_S3_ELE_CURRENTS,0,18.2
user_020,G7_S3_ELE_CURRENTS,0,19.36
user_020,G7_S3_ELE_CURRENTS,1,22.62
user_020,G7_S3_ELE_CURRENTS,1,17.6
user_020,G7_S3_ELE_CURRENTS,1,16.94
user_020,G7_S3_ELE_CURRENTS,1,12.85
user_020,G7_S3_ELE_CURRENTS,1,12.69
user_020,G7_S3_ELE_CURRENTS,1,14.07
user_020,G7_S3_ELE_CURRENTS,1,11.37
user_020,G7_S3_ELE_CURRENTS,0,17.35
user_020,G7_S3_ELE_CURRENTS,1,11.87
user_020,G7_S4_WAT_SOLVENT,0,24.46
user_020,G7_S4_WAT_SOLVENT,1,18.6
user_020,G7_S4_WAT_SOLVENT,1,13.42
user_020,G7_S4_WAT_SOLVENT,1,11.09
user_020,G7_S4_WAT_SOLVENT,1,13.77
user_020,G7_S4_WAT_SOLVENT,0,15.29
user_020,G7_S4_WAT_SOLVENT,0,16.88
user_020,G7_S4_WAT_SOLVENT,1,16.46
user_020,G7_S4_WAT_SOLVENT,0,9.81
user_020,G7_S4_WAT_SOLVENT,1,20.34
user_020,G7_S4_WAT_SOLVENT,0,13.7
user_020,G7_S4_WAT_SOLVENT,1,20.32
user_020,G7_S4_WAT_COOLANT,0,21.86
user_020,G7_S4_WAT_COOLANT,0,23.05
user_020,G7_S4_WAT_COOLANT,0,24.4
user_020,G7_S4_WAT_COOLANT,1,26.63
user_020,G7_S4_WAT_COOLANT,1,15.4
user_020,G7_S4_WAT_COOLANT,1,15.76
user_020,G7_S4_WAT_COOLANT,1,16.36
user_020,G7_S4_WAT_COOLANT,1,9.29
user_020,G7_S4_WAT_COOLANT,1,9.82
user_020,G7_S4_WAT_COOLANT,1,10.12
user_020,G7_S4_WAT_COOLANT,1,15.28
user_020,G7_S4_WAT_COOLANT,1,10.65
user_020,G7_S5_ACI_IDENTIF,1,18.27
user_020,G7_S5_ACI_IDENTIF,0,20.2
user_020,G7_S5_ACI_IDENTIF,0,20.0
user_020,G7_S5_ACI_IDENTIF,1,17.83
user_020,G7_S5_ACI_IDENTIF,1,15.63
user_020,G7_S5_ACI_IDENTIF,1,10.97
user_020,G7_S5_ACI_IDENTIF,1,14.31
user_020,G7_S5_ACI_IDENTIF,1,10.57
user_020,G7_S5_ACI_IDENTIF,0,12.8
user_020,G7_S5_ACI_IDENTIF,1,11.82
user_020,G7_S5_ACI_IDENTIF,1,14.77
user_020,G7_S5_ACI_IDENTIF,1,12.72
user_020,G7_S5_ACI_INDICAT,1,23.24
user_020,G7_S5_ACI_INDICAT,1,15.28
user_020,G7_S5_ACI_INDICAT,0,19.98
user_020,G7_S5_ACI_INDICAT,0,16.96
user_020,G7_S5_ACI_INDICAT,1,20.19
user_020,G7_S5_ACI_INDICAT,1,21.07
user_020,G7_S5_ACI_INDICAT,1,14.02
user_020,G7_S5_ACI_INDICAT,0,10.16
user_020,G7_S5_ACI_INDICAT,1,15.44
user_020,G7_S5_ACI_INDICAT,1,11.9
user_020,G7_S5_ACI_INDICAT,1,14.68
user_020,G7_S5_ACI_INDICAT,1,9.82
user_020,G7_S6_ANI_CLASSIF,1,21.68
user_020,G7_S6_ANI_CLASSIF,0,17.72
user_020,G7_S6_ANI_CLASSIF,0,22.52
user_020,G7_S6_ANI_CLASSIF,0,20.83
user_020,G7_S6_ANI_CLASSIF,1,18.04
user_020,G7_S6_ANI_CLASSIF,0,14.48
user_020,G7_S6_ANI_CLASSIF,0,18.26
user_020,G7_S6_ANI_CLASSIF,0,19.1
user_020,G7_S6_ANI_CLASSIF,0,19.58
user_020,G7_S6_ANI_CLASSIF,0,17.12
user_020,G7_S6_ANI_CLASSIF,1,18.21
user_020,G7_S6_ANI_CLASSIF,1,19.86
user_020,G7_S6_ANI_ADAPTAT,1,18.17
user_020,G7_S6_ANI_ADAPTAT,0,21.54
user_020,G7_S6_ANI_ADAPTAT,0,21.08
user_020,G7_S6_ANI_ADAPTAT,1,18.55
user_020,G7_S6_ANI_ADAPTAT,0,18.48
user_020,G7_S6_ANI_ADAPTAT,0,22.01
user_020,G7_S6_ANI_ADAPTAT,0,19.03
user_020,G7_S6_ANI_ADAPTAT,0,19.03
user_020,G7_S6_ANI_ADAPTAT,1,23.29
user_020,G7_S6_ANI_ADAPTAT,1,14.03
user_020,G7_S6_ANI_ADAPTAT,1,9.04
user_020,G7_S6_ANI_ADAPTAT,1,12.88
user_020,G7_S7_ENE_FORMS,1,22.56
user_020,G7_S7_ENE_FORMS,0,18.68
user_020,G7_S7_ENE_FORMS,1,20.69
user_020,G7_S7_ENE_FORMS,1,18.74
user_020,G7_S7_ENE_FORMS,1,13.28
user_020,G7_S7_ENE_FORMS,1,11.71
user_020,G7_S7_ENE_FORMS,0,12.97
user_020,G7_S7_ENE_FORMS,1,11.54
user_020,G7_S7_ENE_FORMS,1,11.86
user_020,G7_S7_ENE_FORMS,1,13.87
user_020,G7_S7_ENE_FORMS,1,11.38
user_020,G7_S7_ENE_FORMS,1,16.8
user_020,G7_S7_ENE_TRANSF,0,25.8
user_020,G7_S7_ENE_TRANSF,0,18.23
user_020,G7_S7_ENE_TRANSF,1,17.67
user_020,G7_S7_ENE_TRANSF,1,17.34
user_020,G7_S7_ENE_TRANSF,1,15.57
user_020,G7_S7_ENE_TRANSF,1,8.49
user_020,G7_S7_ENE_TRANSF,1,14.95
user_020,G7_S7_ENE_TRANSF,1,12.51
user_020,G7_S7_ENE_TRANSF,1,15.06
user_020,G7_S7_ENE_TRANSF,1,9.99
user_020,G7_S7_ENE_TRANSF,0,11.17
user_020,G7_S7_ENE_TRANSF,1,14.03
user_020,G7_S8_EAR_STRUCT,0,21.17
user_020,G7_S8_EAR_STRUCT,0,21.67
user_020,G7_S8_EAR_STRUCT,0,22.84
user_020,G7_S8_EAR_STRUCT,1,25.34
user_020,G7_S8_EAR_STRUCT,1,14.63
user_020,G7_S8_EAR_STRUCT,1,14.67
user_020,G7_S8_EAR_STRUCT,1,12.29
user_020,G7_S8_EAR_STRUCT,1,13.44
user_020,G7_S8_EAR_STRUCT,1,11.56
user_020,G7_S8_EAR_STRUCT,1,9.93
user_020,G7_S8_EAR_STRUCT,1,7.81
user_020,G7_S8_EAR_STRUCT,0,12.18
user_020,G7_S8_EAR_TECTON,0,23.77
user_020,G7_S8_EAR_TECTON,1,21.39
user_020,G7_S8_EAR_TECTON,0,17.23
user_020,G7_S8_EAR_TECTON,0,16.68
user_020,G7_S8_EAR_TECTON,0,23.98
user_020,G7_S8_EAR_TECTON,1,22.61
user_020,G7_S8_EAR_TECTON,0,16.34
user_020,G7_S8_EAR_TECTON,1,18.86
user_020,G7_S8_EAR_TECTON,0,17.15
user_020,G7_S8_EAR_TECTON,0,19.71
user_020,G7_S8_EAR_TECTON,0,23.44
user_020,G7_S8_EAR_TECTON,0,17.51
user_020,G7_S9_LIG_SHADOWS,0,24.81
user_020,G7_S9_LIG_SHADOWS,0,20.13
user_020,G7_S9_LIG_SHADOWS,0,18.99
user_020,G7_S9_LIG_SHADOWS,0,26.9
user_020,G7_S9_LIG_SHADOWS,0,17.58
user_020,G7_S9_LIG_SHADOWS,1,17.95
user_020,G7_S9_LIG_SHADOWS,1,16.92
user_020,G7_S9_LIG_SHADOWS,1,11.17
user_020,G7_S9_LIG_SHADOWS,1,14.56
user_020,G7_S9_LIG_SHADOWS,1,11.09
user_020,G7_S9_LIG_SHADOWS,0,11.28
user_020,G7_S9_LIG_SHADOWS,1,12.24
user_020,G7_S9_LIG_MIRRORS,1,24.35
user_020,G7_S9_LIG_MIRRORS,0,16.93
user_020,G7_S9_LIG_MIRRORS,1,22.93
user_020,G7_S9_LIG_MIRRORS,0,13.21
user_020,G7_S9_LIG_MIRRORS,0,22.73
user_020,G7_S9_LIG_MIRRORS,1,18.53
user_020,G7_S9_LIG_MIRRORS,1,16.28
user_020,G7_S9_LIG_MIRRORS,1,13.24
user_020,G7_S9_LIG_MIRRORS,1,13.76
user_020,G7_S9_LIG_MIRRORS,1,12.57
user_020,G7_S9_LIG_MIRRORS,1,8.88
user_020,G7_S9_LIG_MIRRORS,1,15.03
user_020,G7_S10_MIC_LIGHT,0,18.36
user_020,G7_S10_MIC_LIGHT,1,23.05
user_020,G7_S10_MIC_LIGHT,0,15.39
user_020,G7_S10_MIC_LIGHT,0,17.82
user_020,G7_S10_MIC_LIGHT,0,21.0
user_020,G7_S10_MIC_LIGHT,1,18.0
user_020,G7_S10_MIC_LIGHT,1,15.21
user_020,G7_S10_MIC_LIGHT,1,17.0
user_020,G7_S10_MIC_LIGHT,1,11.97
user_020,G7_S10_MIC_LIGHT,1,8.95
user_020,G7_S10_MIC_LIGHT,1,11.06
user_020,G7_S10_MIC_LIGHT,1,12.14
user_020,G7_S10_MIC_ELECTR,1,24.54
user_020,G7_S10_MIC_ELECTR,0,13.86
user_020,G7_S10_MIC_ELECTR,1,20.46
user_020,G7_S10_MIC_ELECTR,1,18.17
user_020,G7_S10_MIC_ELECTR,1,11.81
user_020,G7_S10_MIC_ELECTR,1,8.5
user_020,G7_S10_MIC_ELECTR,1,10.65
user_020,G7_S10_MIC_ELECTR,1,14.15
user_020,G7_S10_MIC_ELECTR,0,9.69
user_020,G7_S10_MIC_ELECTR,1,10.19
user_020,G7_S10_MIC_ELECTR,0,12.42
user_020,G7_S10_MIC_ELECTR,1,10.16
user_020,G8_S1_BIO_DIVER,0,22.62
user_020,G8_S1_BIO_DIVER,0,21.29
user_020,G8_S1_BIO_DIVER,0,21.18
user_020,G8_S1_BIO_DIVER,0,21.17
user_020,G8_S1_BIO_DIVER,0,18.38
user_020,G8_S1_BIO_DIVER,1,15.95
user_020,G8_S1_BIO_DIVER,1,17.0
user_020,G8_S1_BIO_DIVER,1,14.97
user_020,G8_S1_BIO_DIVER,1,8.61
user_020,G8_S1_BIO_DIVER,1,11.84
user_020,G8_S1_BIO_DIVER,1,11.42
user_020,G8_S1_BIO_DIVER,1,12.0
user_020,G8_S1_BIO_CLASSIF,0,26.02
user_020,G8_S1_BIO_CLASSIF,0,18.65
user_020,G8_S1_BIO_CLASSIF,0,18.72
user_020,G8_S1_BIO_CLASSIF,1,23.54
user_020,G8_S1_BIO_CLASSIF,1,13.32
user_020,G8_S1_BIO_CLASSIF,0,12.14
user_020,G8_S1_BIO_CLASSIF,1,12.3
user_020,G8_S1_BIO_CLASSIF,0,13.17
user_020,G8_S1_BIO_CLASSIF,1,12.66
user_020,G8_S1_BIO_CLASSIF,1,12.5
user_020,G8_S1_BIO_CLASSIF,0,10.78
user_020,G8_S1_BIO_CLASSIF,1,15.63
user_020,G8_S2_TIS_PLANT,0,22.54
user_020,G8_S2_TIS_PLANT,0,21.96
user_020,G8_S2_TIS_PLANT,0,21.91
user_020,G8_S2_TIS_PLANT,1,19.71
user_020,G8_S2_TIS_PLANT,0,16.35
user_020,G8_S2_TIS_PLANT,0,20.08
user_020,G8_S2_TIS_PLANT,0,19.8
user_020,G8_S2_TIS_PLANT,0,20.43
user_020,G8_S2_TIS_PLANT,1,15.16
user_020,G8_S2_TIS_PLANT,1,14.59
user_020,G8_S2_TIS_PLANT,1,13.78
user_020,G8_S2_TIS_PLANT,1,16.27
user_020,G8_S2_TIS_ANIMAL,0,23.17
user_020,G8_S2_TIS_ANIMAL,1,24.94
user_020,G8_S2_TIS_ANIMAL,1,16.11
user_020,G8_S2_TIS_ANIMAL,1,13.62
user_020,G8_S2_TIS_ANIMAL,1,14.25
user_020,G8_S2_TIS_ANIMAL,1,13.54
user_020,G8_S2_TIS_ANIMAL,1,13.0
user_020,G8_S2_TIS_ANIMAL,1,11.1
user_020,G8_S2_TIS_ANIMAL,1,9.03
user_020,G8_S2_TIS_ANIMAL,1,15.3
user_020,G8_S2_TIS_ANIMAL,1,14.22
user_020,G8_S2_TIS_ANIMAL,1,12.94
user_020,G8_S3_PHO_PROCESS,1,26.81
user_020,G8_S3_PHO_PROCESS,0,18.9
user_020,G8_S3_PHO_PROCESS,0,19.0
user_020,G8_S3_PHO_PROCESS,0,20.41
user_020,G8_S3_PHO_PROCESS,0,18.19
user_020,G8_S3_PHO_PROCESS,0,21.77
user_020,G8_S3_PHO_PROCESS,1,22.38
user_020,G8_S3_PHO_PROCESS,1,17.24
user_020,G8_S3_PHO_PROCESS,1,12.73
user_020,G8_S3_PHO_PROCESS,1,15.29
user_020,G8_S3_PHO_PROCESS,1,13.17
user_020,G8_S3_PHO_PROCESS,1,12.35
user_020,G8_S3_PHO_IMPORT,1,21.0
user_020,G8_S3_PHO_IMPORT,0,24.64
user_020,G8_S3_PHO_IMPORT,0,22.45
user_020,G8_S3_PHO_IMPORT,0,20.53
user_020,G8_S3_PHO_IMPORT,0,23.33
user_020,G8_S3_PHO_IMPORT,0,20.35
user_020,G8_S3_PHO_IMPORT,1,18.76
user_020,G8_S3_PHO_IMPORT,1,18.49
user_020,G8_S3_PHO_IMPORT,1,16.32
user_020,G8_S3_PHO_IMPORT,1,14.5
user_020,G8_S3_PHO_IMPORT,1,14.6
user_020,G8_S3_PHO_IMPORT,1,15.63
user_020,G8_S4_MAT_ELEMENTS,1,23.9
user_020,G8_S4_MAT_ELEMENTS,1,20.04
user_020,G8_S4_MAT_ELEMENTS,0,13.32
user_020,G8_S4_MAT_ELEMENTS,0,21.27
user_020,G8_S4_MAT_ELEMENTS,0,24.49
user_020,G8_S4_MAT_ELEMENTS,1,16.43
user_020,G8_S4_MAT_ELEMENTS,1,13.75
user_020,G8_S4_MAT_ELEMENTS,1,15.18
user_020,G8_S4_MAT_ELEMENTS,1,16.41
user_020,G8_S4_MAT_ELEMENTS,1,9.98
user_020,G8_S4_MAT_ELEMENTS,1,12.42
user_020,G8_S4_MAT_ELEMENTS,1,11.89
user_020,G8_S4_MAT_COMPOUNDS,0,25.88
user_020,G8_S4_MAT_COMPOUNDS,1,22.2
user_020,G8_S4_MAT_COMPOUNDS,1,13.75
user_020,G8_S4_MAT_COMPOUNDS,1,11.76
user_020,G8_S4_MAT_COMPOUNDS,1,9.01
user_020,G8_S4_MAT_COMPOUNDS,1,12.47
user_020,G8_S4_MAT_COMPOUNDS,1,12.5
user_020,G8_S4_MAT_COMPOUNDS,1,13.08
user_020,G8_S4_MAT_COMPOUNDS,1,10.8
user_020,G8_S4_MAT_COMPOUNDS,1,14.87
user_020,G8_S4_MAT_COMPOUNDS,1,11.69
user_020,G8_S4_MAT_COMPOUNDS,1,13.46
user_020,G8_S5_MAT_DENSITY,0,22.8
user_020,G8_S5_MAT_DENSITY,1,24.37
user_020,G8_S5_MAT_DENSITY,1,13.09
user_020,G8_S5_MAT_DENSITY,1,15.45
user_020,G8_S5_MAT_DENSITY,1,10.34
user_020,G8_S5_MAT_DENSITY,1,12.65
user_020,G8_S5_MAT_DENSITY,0,14.69
user_020,G8_S5_MAT_DENSITY,0,8.6
user_020,G8_S5_MAT_DENSITY,1,16.74
user_020,G8_S5_MAT_DENSITY,1,15.61
user_020,G8_S5_MAT_DENSITY,1,15.94
user_020,G8_S5_MAT_DENSITY,1,10.12
user_020,G8_S5_MAT_THERMAL,1,22.74
user_020,G8_S5_MAT_THERMAL,1,19.19
user_020,G8_S5_MAT_THERMAL,1,18.98
user_020,G8_S5_MAT_THERMAL,0,11.25
user_020,G8_S5_MAT_THERMAL,1,16.22
user_020,G8_S5_MAT_THERMAL,1,9.0
user_020,G8_S5_MAT_THERMAL,1,9.6
user_020,G8_S5_MAT_THERMAL,1,9.65
user_020,G8_S5_MAT_THERMAL,1,10.4
user_020,G8_S5_MAT_THERMAL,1,9.45
user_020,G8_S5_MAT_THERMAL,1,9.6
user_020,G8_S5_MAT_THERMAL,1,13.8
user_020,G8_S6_CHA_PHYSICAL,1,24.65
user_020,G8_S6_CHA_PHYSICAL,1,18.78
user_020,G8_S6_CHA_PHYSICAL,1,14.88
user_020,G8_S6_CHA_PHYSICAL,1,9.94
user_020,G8_S6_CHA_PHYSICAL,1,14.39
user_020,G8_S6_CHA_PHYSICAL,1,9.5
user_020,G8_S6_CHA_PHYSICAL,0,11.61
user_020,G8_S6_CHA_PHYSICAL,1,13.93
user_020,G8_S6_CHA_PHYSICAL,1,10.66
user_020,G8_S6_CHA_PHYSICAL,1,10.23
user_020,G8_S6_CHA_PHYSICAL,1,11.91
user_020,G8_S6_CHA_PHYSICAL,1,12.78
user_020,G8_S6_CHA_BURNING,1,22.85
user_020,G8_S6_CHA_BURNING,0,15.11
user_020,G8_S6_CHA_BURNING,0,18.82
user_020,G8_S6_CHA_BURNING,0,21.61
user_020,G8_S6_CHA_BURNING,0,21.2
user_020,G8_S6_CHA_BURNING,1,21.58
user_020,G8_S6_CHA_BURNING,0,13.58
user_020,G8_S6_CHA_BURNING,1,24.08
user_020,G8_S6_CHA_BURNING,1,16.97
user_020,G8_S6_CHA_BURNING,1,12.81
user_020,G8_S6_CHA_BURNING,0,9.02
user_020,G8_S6_CHA_BURNING,1,11.76
user_020,G8_S7_FOR_TYPES,0,23.8
user_020,G8_S7_FOR_TYPES,0,26.07
user_020,G8_S7_FOR_TYPES,1,18.91
user_020,G8_S7_FOR_TYPES,0,13.79
user_020,G8_S7_FOR_TYPES,0,25.72
user_020,G8_S7_FOR_TYPES,1,21.19
user_020,G8_S7_FOR_TYPES,1,16.27
user_020,G8_S7_FOR_TYPES,0,16.86
user_020,G8_S7_FOR_TYPES,1,17.87
user_020,G8_S7_FOR_TYPES,0,16.27
user_020,G8_S7_FOR_TYPES,1,17.36
user_020,G8_S7_FOR_TYPES,1,12.98
user_020,G8_S7_FOR_PRESSURE,0,21.32
user_020,G8_S7_FOR_PRESSURE,1,21.92
user_020,G8_S7_FOR_PRESSURE,1,19.25
user_020,G8_S7_FOR_PRESSURE,0,14.17
user_020,G8_S7_FOR_PRESSURE,1,17.17
user_020,G8_S7_FOR_PRESSURE,1,13.14
user_020,G8_S7_FOR_PRESSURE,1,10.71
user_020,G8_S7_FOR_PRESSURE,1,13.42
user_020,G8_S7_FOR_PRESSURE,1,11.11
user_020,G8_S7_FOR_PRESSURE,1,14.32
user_020,G8_S7_FOR_PRESSURE,1,14.55
user_020,G8_S7_FOR_PRESSURE,0,13.12
user_020,G8_S8_STA_PHENOM,0,19.0
user_020,G8_S8_STA_PHENOM,0,18.45
user_020,G8_S8_STA_PHENOM,0,18.5
user_020,G8_S8_STA_PHENOM,1,19.48
user_020,G8_S8_STA_PHENOM,1,16.64
user_020,G8_S8_STA_PHENOM,1,13.53
user_020,G8_S8_STA_PHENOM,1,18.05
user_020,G8_S8_STA_PHENOM,0,16.66
user_020,G8_S8_STA_PHENOM,1,9.04
user_020,G8_S8_STA_PHENOM,1,13.13
user_020,G8_S8_STA_PHENOM,0,12.36
user_020,G8_S8_STA_PHENOM,1,11.2
user_020,G8_S8_STA_LIGHTNG,0,22.4
user_020,G8_S8_STA_LIGHTNG,1,22.88
user_020,G8_S8_STA_LIGHTNG,0,19.19
user_020,G8_S8_STA_LIGHTNG,1,20.85
user_020,G8_S8_STA_LIGHTNG,0,12.24
user_020,G8_S8_STA_LIGHTNG,0,20.69
user_020,G8_S8_STA_LIGHTNG,0,22.94
user_020,G8_S8_STA_LIGHTNG,1,21.11
user_020,G8_S8_STA_LIGHTNG,0,15.88
user_020,G8_S8_STA_LIGHTNG,0,22.07
user_020,G8_S8_STA_LIGHTNG,0,19.46
user_020,G8_S8_STA_LIGHTNG,0,23.98
user_020,G9_S1_SYS_DIGEST,1,23.36
user_020,G9_S1_SYS_DIGEST,1,22.96
user_020,G9_S1_SYS_DIGEST,1,12.31
user_020,G9_S1_SYS_DIGEST,1,15.27
user_020,G9_S1_SYS_DIGEST,0,13.39
user_020,G9_S1_SYS_DIGEST,1,21.07
user_020,G9_S1_SYS_DIGEST,1,14.37
user_020,G9_S1_SYS_DIGEST,1,8.81
user_020,G9_S1_SYS_DIGEST,0,15.09
user_020,G9_S1_SYS_DIGEST,1,10.3
user_020,G9_S1_SYS_DIGEST,1,11.13
user_020,G9_S1_SYS_DIGEST,1,11.46
user_020,G9_S1_SYS_CIRCUL,0,23.51
user_020,G9_S1_SYS_CIRCUL,1,23.73
user_020,G9_S1_SYS_CIRCUL,0,11.26
user_020,G9_S1_SYS_CIRCUL,1,20.93
user_020,G9_S1_SYS_CIRCUL,0,15.38
user_020,G9_S1_SYS_CIRCUL,1,22.82
user_020,G9_S1_SYS_CIRCUL,1,16.02
user_020,G9_S1_SYS_CIRCUL,1,11.51
user_020,G9_S1_SYS_CIRCUL,1,13.62
user_020,G9_S1_SYS_CIRCUL,1,11.46
user_020,G9_S1_SYS_CIRCUL,1,10.43
user_020,G9_S1_SYS_CIRCUL,1,14.52
user_020,G9_S2_RHY_EARTH,0,23.12
user_020,G9_S2_RHY_EARTH,0,24.7
user_020,G9_S2_RHY_EARTH,0,19.12
user_020,G9_S2_RHY_EARTH,1,22.8
user_020,G9_S2_RHY_EARTH,0,21.64
user_020,G9_S2_RHY_EARTH,1,18.88
user_020,G9_S2_RHY_EARTH,1,17.08
user_020,G9_S2_RHY_EARTH,0,15.37
user_020,G9_S2_RHY_EARTH,1,16.73
user_020,G9_S2_RHY_EARTH,1,11.56
user_020,G9_S2_RHY_EARTH,1,16.12
user_020,G9_S2_RHY_EARTH,1,15.05
user_020,G9_S2_RHY_CLIMATE,0,26.48
user_020,G9_S2_RHY_CLIMATE,1,24.87
user_020,G9_S2_RHY_CLIMATE,1,20.59
user_020,G9_S2_RHY_CLIMATE,1,14.29
user_020,G9_S2_RHY_CLIMATE,1,14.68
user_020,G9_S2_RHY_CLIMATE,1,11.33
user_020,G9_S2_RHY_CLIMATE,1,13.01
user_020,G9_S2_RHY_CLIMATE,1,15.27
user_020,G9_S2_RHY_CLIMATE,1,13.77
user_020,G9_S2_RHY_CLIMATE,0,13.36
user_020,G9_S2_RHY_CLIMATE,1,12.86
user_020,G9_S2_RHY_CLIMATE,1,12.55
user_020,G9_S3_LIG_REFRAC,0,23.27
user_020,G9_S3_LIG_REFRAC,0,24.91
user_020,G9_S3_LIG_REFRAC,0,23.64
user_020,G9_S3_LIG_REFRAC,0,22.93
user_020,G9_S3_LIG_REFRAC,0,19.99
user_020,G9_S3_LIG_REFRAC,1,20.5
user_020,G9_S3_LIG_REFRAC,1,16.0
user_020,G9_S3_LIG_REFRAC,1,12.11
user_020,G9_S3_LIG_REFRAC,0,11.62
user_020,G9_S3_LIG_REFRAC,1,14.09
user_020,G9_S3_LIG_REFRAC,1,16.65
user_020,G9_S3_LIG_REFRAC,1,11.02
user_020,G9_S3_LIG_LENSES,0,24.84
user_020,G9_S3_LIG_LENSES,1,22.41
user_020,G9_S3_LIG_LENSES,1,15.83
user_020,G9_S3_LIG_LENSES,1,13.21
user_020,G9_S3_LIG_LENSES,1,13.16
user_020,G9_S3_LIG_LENSES,1,8.99
user_020,G9_S3_LIG_LENSES,1,13.68
user_020,G9_S3_LIG_LENSES,1,13.08
user_020,G9_S3_LIG_LENSES,1,8.67
user_020,G9_S3_LIG_LENSES,1,11.9
user_020,G9_S3_LIG_LENSES,1,10.99
user_020,G9_S3_LIG_LENSES,1,10.15
user_020,G9_S4_SOU_PROPAG,1,20.5
user_020,G9_S4_SOU_PROPAG,0,14.16
user_020,G9_S4_SOU_PROPAG,0,22.14
user_020,G9_S4_SOU_PROPAG,1,18.6
user_020,G9_S4_SOU_PROPAG,0,18.32
user_020,G9_S4_SOU_PROPAG,1,20.12
user_020,G9_S4_SOU_PROPAG,1,12.78
user_020,G9_S4_SOU_PROPAG,1,8.06
user_020,G9_S4_SOU_PROPAG,1,10.75
user_020,G9_S4_SOU_PROPAG,0,10.46
user_020,G9_S4_SOU_PROPAG,1,12.02
user_020,G9_S4_SOU_PROPAG,1,14.7
user_020,G9_S4_SOU_HEARING,1,29.64
user_020,G9_S4_SOU_HEARING,0,21.44
user_020,G9_S4_SOU_HEARING,0,22.02
user_020,G9_S4_SOU_HEARING,1,21.14
user_020,G9_S4_SOU_HEARING,0,13.66
user_020,G9_S4_SOU_HEARING,0,20.04
user_020,G9_S4_SOU_HEARING,1,16.1
user_020,G9_S4_SOU_HEARING,1,10.2
user_020,G9_S4_SOU_HEARING,1,13.31
user_020,G9_S4_SOU_HEARING,1,13.94
user_020,G9_S4_SOU_HEARING,1,10.18
user_020,G9_S4_SOU_HEARING,1,10.56
user_020,G9_S5_HEA_EXPANS,0,22.3
user_020,G9_S5_HEA_EXPANS,0,20.79
user_020,G9_S5_HEA_EXPANS,0,22.91
user_020,G9_S5_HEA_EXPANS,1,21.25
user_020,G9_S5_HEA_EXPANS,1,19.33
user_020,G9_S5_HEA_EXPANS,1,14.76
user_020,G9_S5_HEA_EXPANS,1,10.13
user_020,G9_S5_HEA_EXPANS,1,15.75
user_020,G9_S5_HEA_EXPANS,1,10.56
user_020,G9_S5_HEA_EXPANS,1,10.33
user_020,G9_S5_HEA_EXPANS,1,9.77
user_020,G9_S5_HEA_EXPANS,1,14.38
user_020,G9_S5_HEA_TRANSF,0,24.74
user_020,G9_S5_HEA_TRANSF,0,18.79
user_020,G9_S5_HEA_TRANSF,1,21.71
user_020,G9_S5_HEA_TRANSF,1,17.31
user_020,G9_S5_HEA_TRANSF,1,12.81
user_020,G9_S5_HEA_TRANSF,1,15.94
user_020,G9_S5_HEA_TRANSF,0,13.43
user_020,G9_S5_HEA_TRANSF,1,9.22
user_020,G9_S5_HEA_TRANSF,1,9.54
user_020,G9_S5_HEA_TRANSF,1,11.42
user_020,G9_S5_HEA_TRANSF,0,15.9
user_020,G9_S5_HEA_TRANSF,1,14.78
user_020,G9_S6_NAT_ATOMS,1,22.83
user_020,G9_S6_NAT_ATOMS,0,21.62
user_020,G9_S6_NAT_ATOMS,1,19.61
user_020,G9_S6_NAT_ATOMS,1,15.11
user_020,G9_S6_NAT_ATOMS,1,9.76
user_020,G9_S6_NAT_ATOMS,1,10.26
user_020,G9_S6_NAT_ATOMS,1,15.29
user_020,G9_S6_NAT_ATOMS,1,10.15
user_020,G9_S6_NAT_ATOMS,1,8.88
user_020,G9_S6_NAT_ATOMS,1,12.58
user_020,G9_S6_NAT_ATOMS,1,13.27
user_020,G9_S6_NAT_ATOMS,1,12.94
user_020,G9_S6_NAT_CONFIG,1,21.63
user_020,G9_S6_NAT_CONFIG,1,20.11
user_020,G9_S6_NAT_CONFIG,1,19.3
user_020,G9_S6_NAT_CONFIG,1,8.63
user_020,G9_S6_NAT_CONFIG,1,13.57
user_020,G9_S6_NAT_CONFIG,1,13.86
user_020,G9_S6_NAT_CONFIG,1,15.5
user_020,G9_S6_NAT_CONFIG,1,12.29
user_020,G9_S6_NAT_CONFIG,1,9.62
user_020,G9_S6_NAT_CONFIG,1,11.0
user_020,G9_S6_NAT_CONFIG,1,16.36
user_020,G9_S6_NAT_CONFIG,1,11.35
user_020,G9_S7_ACI_SALTS,0,27.63
user_020,G9_S7_ACI_SALTS,1,20.7
user_020,G9_S7_ACI_SALTS,1,13.84
user_020,G9_S7_ACI_SALTS,1,12.44
user_020,G9_S7_ACI_SALTS,1,12.47
user_020,G9_S7_ACI_SALTS,1,13.27
user_020,G9_S7_ACI_SALTS,1,18.33
user_020,G9_S7_ACI_SALTS,1,11.69
user_020,G9_S7_ACI_SALTS,1,10.82
user_020,G9_S7_ACI_SALTS,1,11.92
user_020,G9_S7_ACI_SALTS,0,9.68
user_020,G9_S7_ACI_SALTS,1,13.75
user_020,G9_S7_ACI_NEUTRAL,0,19.34
user_020,G9_S7_ACI_NEUTRAL,1,20.07
user_020,G9_S7_ACI_NEUTRAL,1,17.34
user_020,G9_S7_ACI_NEUTRAL,1,10.42
user_020,G9_S7_ACI_NEUTRAL,0,18.1
user_020,G9_S7_ACI_NEUTRAL,1,15.86
user_020,G9_S7_ACI_NEUTRAL,1,13.65
user_020,G9_S7_ACI_NEUTRAL,1,13.85
user_020,G9_S7_ACI_NEUTRAL,1,6.18
user_020,G9_S7_ACI_NEUTRAL,1,13.44
user_020,G9_S7_ACI_NEUTRAL,1,16.01
user_020,G9_S7_ACI_NEUTRAL,1,15.36
user_021,G6_S1_ORG_CHARS,0,23.43
user_021,G6_S1_ORG_CHARS,0,24.25
user_021,G6_S1_ORG_CHARS,0,26.87
user_021,G6_S1_ORG_CHARS,1,22.36
user_021,G6_S1_ORG_CHARS,1,20.82
user_021,G6_S1_ORG_CHARS,1,18.05
user_021,G6_S1_ORG_CHARS,1,14.89
user_021,G6_S1_ORG_CHARS,1,9.91
user_021,G6_S1_ORG_CHARS,1,12.66
user_021,G6_S1_ORG_CHARS,1,11.37
user_021,G6_S1_ORG_CHARS,1,10.23
user_021,G6_S1_ORG_CHARS,1,10.5
user_021,G6_S1_ORG_CLASS,0,22.36
user_021,G6_S1_ORG_CLASS,0,24.07
user_021,G6_S1_ORG_CLASS,0,21.01
user_021,G6_S1_ORG_CLASS,1,25.97
user_021,G6_S1_ORG_CLASS,0,19.59
user_021,G6_S1_ORG_CLASS,1,21.88
user_021,G6_S1_ORG_CLASS,1,16.29
user_021,G6_S1_ORG_CLASS,1,13.57
user_021,G6_S1_ORG_CLASS,1,14.26
user_021,G6_S1_ORG_CLASS,1,15.48
user_021,G6_S1_ORG_CLASS,1,13.45
user_021,G6_S1_ORG_CLASS,1,12.12
user_021,G6_S2_MAT_STATES,1,22.93
user_021,G6_S2_MAT_STATES,1,17.43
user_021,G6_S2_MAT_STATES,0,14.74
user_021,G6_S2_MAT_STATES,0,17.46
user_021,G6_S2_MAT_STATES,0,23.14
user_021,G6_S2_MAT_STATES,0,25.14
user_021,G6_S2_MAT_STATES,0,26.76
user_021,G6_S2_MAT_STATES,1,22.2
user_021,G6_S2_MAT_STATES,0,22.98
user_021,G6_S2_MAT_STATES,0,22.66
user_021,G6_S2_MAT_STATES,0,23.04
user_021,G6_S2_MAT_STATES,0,25.15
user_021,G6_S2_MAT_PROPS,0,20.7
user_021,G6_S2_MAT_PROPS,0,24.85
user_021,G6_S2_MAT_PROPS,1,22.85
user_021,G6_S2_MAT_PROPS,1,24.77
user_021,G6_S2_MAT_PROPS,1,16.11
user_021,G6_S2_MAT_PROPS,1,19.37
user_021,G6_S2_MAT_PROPS,1,12.37
user_021,G6_S2_MAT_PROPS,1,14.96
user_021,G6_S2_MAT_PROPS,1,11.22
user_021,G6_S2_MAT_PROPS,1,15.96
user_021,G6_S2_MAT_PROPS,1,12.03
user_021,G6_S2_MAT_PROPS,1,11.1
user_021,G6_S4_ENE_SOURCES,1,27.26
user_021,G6_S4_ENE_SOURCES,1,18.29
user_021,G6_S4_ENE_SOURCES,1,16.05
user_021,G6_S4_ENE_SOURCES,1,13.76
user_021,G6_S4_ENE_SOURCES,1,15.6
user_021,G6_S4_ENE_SOURCES,1,12.56
user_021,G6_S4_ENE_SOURCES,1,14.62
user_021,G6_S4_ENE_SOURCES,1,11.81
user_021,G6_S4_ENE_SOURCES,1,15.44
user_021,G6_S4_ENE_SOURCES,1,15.32
user_021,G6_S4_ENE_SOURCES,1,10.96
user_021,G6_S4_ENE_SOURCES,1,8.64
user_021,G6_S8_ELE_CIRCUITS,0,22.29
user_021,G6_S8_ELE_CIRCUITS,0,22.54
user_021,G6_S8_ELE_CIRCUITS,0,26.21
user_021,G6_S8_ELE_CIRCUITS,0,22.41
user_021,G6_S8_ELE_CIRCUITS,1,26.22
user_021,G6_S8_ELE_CIRCUITS,0,17.12
user_021,G6_S8_ELE_CIRCUITS,0,19.34
user_021,G6_S8_ELE_CIRCUITS,1,29.99
user_021,G6_S8_ELE_CIRCUITS,1,19.87
user_021,G6_S8_ELE_CIRCUITS,1,13.21
user_021,G6_S8_ELE_CIRCUITS,1,17.18
user_021,G6_S8_ELE_CIRCUITS,1,15.01
user_021,G6_S8_ELE_CONDINS,0,21.46
user_021,G6_S8_ELE_CONDINS,0,26.14
user_021,G6_S8_ELE_CONDINS,0,21.95
user_021,G6_S8_ELE_CONDINS,1,19.89
user_021,G6_S8_ELE_CONDINS,1,20.86
user_021,G6_S8_ELE_CONDINS,1,15.22
user_021,G6_S8_ELE_CONDINS,1,12.59
user_021,G6_S8_ELE_CONDINS,0,14.02
user_021,G6_S8_ELE_CONDINS,1,9.68
user_021,G6_S8_ELE_CONDINS,1,11.54
user_021,G6_S8_ELE_CONDINS,1,7.69
user_021,G6_S8_ELE_CONDINS,1,12.98
user_021,G7_S1_PLA_DIVER,0,24.21
user_021,G7_S1_PLA_DIVER,0,21.1
user_021,G7_S1_PLA_DIVER,1,24.43
user_021,G7_S1_PLA_DIVER,0,19.6
user_021,G7_S1_PLA_DIVER,1,21.41
user_021,G7_S1_PLA_DIVER,0,16.71
user_021,G7_S1_PLA_DIVER,0,22.7
user_021,G7_S1_PLA_DIVER,0,24.52
user_021,G7_S1_PLA_DIVER,0,20.27
user_021,G7_S1_PLA_DIVER,0,23.64
user_021,G7_S1_PLA_DIVER,0,25.82
user_021,G7_S1_PLA_DIVER,0,24.64
user_021,G7_S1_PLA_CLASSIF,0,23.51
user_021,G7_S1_PLA_CLASSIF,0,21.15
user_021,G7_S1_PLA_CLASSIF,0,16.47
user_021,G7_S1_PLA_CLASSIF,0,24.03
user_021,G7_S1_PLA_CLASSIF,1,23.13
user_021,G7_S1_PLA_CLASSIF,1,15.37
user_021,G7_S1_PLA_CLASSIF,1,8.18
user_021,G7_S1_PLA_CLASSIF,1,10.64
user_021,G7_S1_PLA_CLASSIF,0,7.47
user_021,G7_S1_PLA_CLASSIF,1,11.35
user_021,G7_S1_PLA_CLASSIF,1,14.99
user_021,G7_S1_PLA_CLASSIF,0,9.77
user_021,G7_S2_STA_CHARGES,1,23.27
user_021,G7_S2_STA_CHARGES,0,18.73
user_021,G7_S2_STA_CHARGES,0,22.37
user_021,G7_S2_STA_CHARGES,0,23.02
user_021,G7_S2_STA_CHARGES,1,19.19
user_021,G7_S2_STA_CHARGES,1,21.58
user_021,G7_S2_STA_CHARGES,1,13.43
user_021,G7_S2_STA_CHARGES,1,12.11
user_021,G7_S2_STA_CHARGES,1,10.44
user_021,G7_S2_STA_CHARGES,1,7.28
user_021,G7_S2_STA_CHARGES,1,11.95
user_021,G7_S2_STA_CHARGES,1,8.19
user_021,G7_S2_STA_CAPACIT,0,23.09
user_021,G7_S2_STA_CAPACIT,0,20.01
user_021,G7_S2_STA_CAPACIT,0,23.5
user_021,G7_S2_STA_CAPACIT,0,23.5
user_021,G7_S2_STA_CAPACIT,1,22.1
user_021,G7_S2_STA_CAPACIT,0,20.31
user_021,G7_S2_STA_CAPACIT,0,22.91
user_021,G7_S2_STA_CAPACIT,0,26.07
user_021,G7_S2_STA_CAPACIT,0,20.46
user_021,G7_S2_STA_CAPACIT,1,18.24
user_021,G7_S2_STA_CAPACIT,1,16.25
user_021,G7_S2_STA_CAPACIT,0,11.58
user_021,G7_S3_ELE_SOURCES,0,21.88
user_021,G7_S3_ELE_SOURCES,0,22.74
user_021,G7_S3_ELE_SOURCES,1,23.11
user_021,G7_S3_ELE_SOURCES,1,22.39
user_021,G7_S3_ELE_SOURCES,1,13.58
user_021,G7_S3_ELE_SOURCES,1,7.82
user_021,G7_S3_ELE_SOURCES,1,12.54
user_021,G7_S3_ELE_SOURCES,1,15.36
user_021,G7_S3_ELE_SOURCES,0,15.52
user_021,G7_S3_ELE_SOURCES,1,8.95
user_021,G7_S3_ELE_SOURCES,1,12.02
user_021,G7_S3_ELE_SOURCES,1,14.85
user_021,G7_S3_ELE_CURRENTS,0,24.41
user_021,G7_S3_ELE_CURRENTS,1,21.28
user_021,G7_S3_ELE_CURRENTS,0,17.09
user_021,G7_S3_ELE_CURRENTS,0,23.27
user_021,G7_S3_ELE_CURRENTS,0,24.97
user_021,G7_S3_ELE_CURRENTS,0,25.34
user_021,G7_S3_ELE_CURRENTS,1,23.22
user_021,G7_S3_ELE_CURRENTS,0,24.14
user_021,G7_S3_ELE_CURRENTS,0,24.17
user_021,G7_S3_ELE_CURRENTS,0,24.22
user_021,G7_S3_ELE_CURRENTS,0,22.76
user_021,G7_S3_ELE_CURRENTS,0,25.92
user_021,G7_S4_WAT_SOLVENT,1,21.36
user_021,G7_S4_WAT_SOLVENT,0,17.84
user_021,G7_S4_WAT_SOLVENT,0,21.69
user_021,G7_S4_WAT_SOLVENT,0,22.46
user_021,G7_S4_WAT_SOLVENT,0,20.54
user_021,G7_S4_WAT_SOLVENT,0,21.71
user_021,G7_S4_WAT_SOLVENT,0,21.12
user_021,G7_S4_WAT_SOLVENT,0,22.75
user_021,G7_S4_WAT_SOLVENT,0,20.66
user_021,G7_S4_WAT_SOLVENT,1,19.12
user_021,G7_S4_WAT_SOLVENT,1,17.13
user_021,G7_S4_WAT_SOLVENT,0,18.27
user_021,G7_S4_WAT_COOLANT,0,17.04
user_021,G7_S4_WAT_COOLANT,1,23.18
user_021,G7_S4_WAT_COOLANT,0,19.37
user_021,G7_S4_WAT_COOLANT,0,21.25
user_021,G7_S4_WAT_COOLANT,0,23.64
user_021,G7_S4_WAT_COOLANT,0,22.41
user_021,G7_S4_WAT_COOLANT,0,23.94
user_021,G7_S4_WAT_COOLANT,0,26.01
user_021,G7_S4_WAT_COOLANT,1,21.03
user_021,G7_S4_WAT_COOLANT,0,19.82
user_021,G7_S4_WAT_COOLANT,1,23.35
user_021,G7_S4_WAT_COOLANT,1,22.45
user_021,G7_S5_ACI_IDENTIF,1,25.03
user_021,G7_S5_ACI_IDENTIF,0,19.07
user_021,G7_S5_ACI_IDENTIF,1,24.27
user_021,G7_S5_ACI_IDENTIF,0,18.36
user_021,G7_S5_ACI_IDENTIF,0,22.4
user_021,G7_S5_ACI_IDENTIF,0,26.53
user_021,G7_S5_ACI_IDENTIF,0,21.68
user_021,G7_S5_ACI_IDENTIF,1,20.49
user_021,G7_S5_ACI_IDENTIF,1,18.44
user_021,G7_S5_ACI_IDENTIF,1,19.38
user_021,G7_S5_ACI_IDENTIF,1,12.6
user_021,G7_S5_ACI_IDENTIF,1,11.63
user_021,G7_S5_ACI_INDICAT,1,23.81
user_021,G7_S5_ACI_INDICAT,1,21.17
user_021,G7_S5_ACI_INDICAT,1,14.98
user_021,G7_S5_ACI_INDICAT,1,17.55
user_021,G7_S5_ACI_INDICAT,1,12.6
user_021,G7_S5_ACI_INDICAT,1,14.5
user_021,G7_S5_ACI_INDICAT,1,12.88
user_021,G7_S5_ACI_INDICAT,0,12.11
user_021,G7_S5_ACI_INDICAT,1,10.56
user_021,G7_S5_ACI_INDICAT,1,13.77
user_021,G7_S5_ACI_INDICAT,1,10.15
user_021,G7_S5_ACI_INDICAT,1,17.43
user_021,G7_S6_ANI_CLASSIF,0,24.32
user_021,G7_S6_ANI_CLASSIF,1,18.68
user_021,G7_S6_ANI_CLASSIF,1,17.63
user_021,G7_S6_ANI_CLASSIF,1,14.44
user_021,G7_S6_ANI_CLASSIF,1,11.09
user_021,G7_S6_ANI_CLASSIF,1,10.27
user_021,G7_S6_ANI_CLASSIF,1,13.36
user_021,G7_S6_ANI_CLASSIF,1,10.38
user_021,G7_S6_ANI_CLASSIF,1,13.37
user_021,G7_S6_ANI_CLASSIF,1,11.34
user_021,G7_S6_ANI_CLASSIF,0,10.07
user_021,G7_S6_ANI_CLASSIF,1,10.25
user_021,G7_S6_ANI_ADAPTAT,0,22.29
user_021,G7_S6_ANI_ADAPTAT,0,25.16
user_021,G7_S6_ANI_ADAPTAT,1,24.57
user_021,G7_S6_ANI_ADAPTAT,1,19.95
user_021,G7_S6_ANI_ADAPTAT,0,14.98
user_021,G7_S6_ANI_ADAPTAT,1,22.29
user_021,G7_S6_ANI_ADAPTAT,1,16.01
user_021,G7_S6_ANI_ADAPTAT,1,11.47
user_021,G7_S6_ANI_ADAPTAT,1,8.53
user_021,G7_S6_ANI_ADAPTAT,1,11.28
user_021,G7_S6_ANI_ADAPTAT,1,12.36
user_021,G7_S6_ANI_ADAPTAT,1,13.47
user_021,G7_S7_ENE_FORMS,0,20.12
user_021,G7_S7_ENE_FORMS,1,21.26
user_021,G7_S7_ENE_FORMS,0,22.84
user_021,G7_S7_ENE_FORMS,0,22.8
user_021,G7_S7_ENE_FORMS,0,20.73
user_021,G7_S7_ENE_FORMS,0,24.07
user_021,G7_S7_ENE_FORMS,0,26.53
user_021,G7_S7_ENE_FORMS,0,27.46
user_021,G7_S7_ENE_FORMS,0,24.19
user_021,G7_S7_ENE_FORMS,1,26.06
user_021,G7_S7_ENE_FORMS,0,18.39
user_021,G7_S7_ENE_FORMS,1,23.68
user_021,G7_S7_ENE_TRANSF,1,23.1
user_021,G7_S7_ENE_TRANSF,0,19.55
user_021,G7_S7_ENE_TRANSF,0,26.35
user_021,G7_S7_ENE_TRANSF,0,23.37
user_021,G7_S7_ENE_TRANSF,0,23.2
user_021,G7_S7_ENE_TRANSF,0,23.54
user_021,G7_S7_ENE_TRANSF,1,22.59
user_021,G7_S7_ENE_TRANSF,1,20.39
user_021,G7_S7_ENE_TRANSF,1,16.35
user_021,G7_S7_ENE_TRANSF,1,14.31
user_021,G7_S7_ENE_TRANSF,1,10.3
user_021,G7_S7_ENE_TRANSF,1,9.29
user_021,G7_S8_EAR_STRUCT,0,20.11
user_021,G7_S8_EAR_STRUCT,0,21.02
user_021,G7_S8_EAR_STRUCT,0,25.75
user_021,G7_S8_EAR_STRUCT,0,27.3
user_021,G7_S8_EAR_STRUCT,0,26.35
user_021,G7_S8_EAR_STRUCT,1,25.83
user_021,G7_S8_EAR_STRUCT,1,21.93
user_021,G7_S8_EAR_STRUCT,1,19.04
user_021,G7_S8_EAR_STRUCT,1,8.01
user_021,G7_S8_EAR_STRUCT,1,10.43
user_021,G7_S8_EAR_STRUCT,1,10.34
user_021,G7_S8_EAR_STRUCT,1,12.81
user_021,G7_S8_EAR_TECTON,1,22.31
user_021,G7_S8_EAR_TECTON,0,22.22
user_021,G7_S8_EAR_TECTON,0,25.57
user_021,G7_S8_EAR_TECTON,0,20.04
user_021,G7_S8_EAR_TECTON,0,24.25
user_021,G7_S8_EAR_TECTON,1,23.4
user_021,G7_S8_EAR_TECTON,0,20.65
user_021,G7_S8_EAR_TECTON,1,18.73
user_021,G7_S8_EAR_TECTON,1,20.02
user_021,G7_S8_EAR_TECTON,1,13.46
user_021,G7_S8_EAR_TECTON,1,11.75
user_021,G7_S8_EAR_TECTON,1,14.59
user_021,G7_S9_LIG_SHADOWS,0,21.23
user_021,G7_S9_LIG_SHADOWS,0,26.34
user_021,G7_S9_LIG_SHADOWS,0,24.19
user_021,G7_S9_LIG_SHADOWS,0,20.73
user_021,G7_S9_LIG_SHADOWS,1,18.75
user_021,G7_S9_LIG_SHADOWS,1,20.78
user_021,G7_S9_LIG_SHADOWS,1,10.43
user_021,G7_S9_LIG_SHADOWS,0,8.68
user_021,G7_S9_LIG_SHADOWS,1,13.12
user_021,G7_S9_LIG_SHADOWS,1,13.55
user_021,G7_S9_LIG_SHADOWS,1,7.06
user_021,G7_S9_LIG_SHADOWS,1,12.34
user_021,G7_S9_LIG_MIRRORS,0,24.38
user_021,G7_S9_LIG_MIRRORS,1,19.34
user_021,G7_S9_LIG_MIRRORS,1,15.68
user_021,G7_S9_LIG_MIRRORS,1,16.49
user_021,G7_S9_LIG_MIRRORS,1,15.33
user_021,G7_S9_LIG_MIRRORS,1,15.03
user_021,G7_S9_LIG_MIRRORS,1,14.89
user_021,G7_S9_LIG_MIRRORS,1,10.75
user_021,G7_S9_LIG_MIRRORS,1,12.53
user_021,G7_S9_LIG_MIRRORS,1,10.91
user_021,G7_S9_LIG_MIRRORS,1,9.05
user_021,G7_S9_LIG_MIRRORS,1,14.39
user_021,G7_S10_MIC_LIGHT,0,22.89
user_021,G7_S10_MIC_LIGHT,1,25.39
user_021,G7_S10_MIC_LIGHT,1,15.89
user_021,G7_S10_MIC_LIGHT,0,15.07
user_021,G7_S10_MIC_LIGHT,1,17.66
user_021,G7_S10_MIC_LIGHT,1,18.43
user_021,G7_S10_MIC_LIGHT,1,14.28
user_021,G7_S10_MIC_LIGHT,0,15.88
user_021,G7_S10_MIC_LIGHT,1,14.04
user_021,G7_S10_MIC_LIGHT,1,15.4
user_021,G7_S10_MIC_LIGHT,1,11.42
user_021,G7_S10_MIC_LIGHT,1,11.17
user_021,G7_S10_MIC_ELECTR,1,24.07
user_021,G7_S10_MIC_ELECTR,0,20.82
user_021,G7_S10_MIC_ELECTR,1,19.83
user_021,G7_S10_MIC_ELECTR,0,16.94
user_021,G7_S10_MIC_ELECTR,0,20.58
user_021,G7_S10_MIC_ELECTR,0,26.89
user_021,G7_S10_MIC_ELECTR,1,17.37
user_021,G7_S10_MIC_ELECTR,0,14.89
user_021,G7_S10_MIC_ELECTR,1,24.22
user_021,G7_S10_MIC_ELECTR,0,17.59
user_021,G7_S10_MIC_ELECTR,1,23.8
user_021,G7_S10_MIC_ELECTR,0,16.36
user_021,G8_S1_BIO_DIVER,0,23.78
user_021,G8_S1_BIO_DIVER,1,21.96
user_021,G8_S1_BIO_DIVER,0,17.47
user_021,G8_S1_BIO_DIVER,1,19.0
user_021,G8_S1_BIO_DIVER,0,20.16
user_021,G8_S1_BIO_DIVER,0,22.35
user_021,G8_S1_BIO_DIVER,0,20.74
user_021,G8_S1_BIO_DIVER,0,24.55
user_021,G8_S1_BIO_DIVER,0,21.52
user_021,G8_S1_BIO_DIVER,1,21.12
user_021,G8_S1_BIO_DIVER,1,20.7
user_021,G8_S1_BIO_DIVER,0,15.51
user_021,G8_S1_BIO_CLASSIF,0,26.61
user_021,G8_S1_BIO_CLASSIF,1,22.77
user_021,G8_S1_BIO_CLASSIF,1,16.84
user_021,G8_S1_BIO_CLASSIF,1,13.69
user_021,G8_S1_BIO_CLASSIF,1,14.77
user_021,G8_S1_BIO_CLASSIF,1,12.9
user_021,G8_S1_BIO_CLASSIF,1,10.0
user_021,G8_S1_BIO_CLASSIF,1,7.05
user_021,G8_S1_BIO_CLASSIF,1,12.59
user_021,G8_S1_BIO_CLASSIF,0,13.03
user_021,G8_S1_BIO_CLASSIF,1,15.15
user_021,G8_S1_BIO_CLASSIF,0,10.73
user_021,G8_S2_TIS_PLANT,0,19.58
user_021,G8_S2_TIS_PLANT,0,23.38
user_021,G8_S2_TIS_PLANT,0,24.16
user_021,G8_S2_TIS_PLANT,1,21.11
user_021,G8_S2_TIS_PLANT,0,16.81
user_021,G8_S2_TIS_PLANT,0,26.46
user_021,G8_S2_TIS_PLANT,0,22.59
user_021,G8_S2_TIS_PLANT,0,26.82
user_021,G8_S2_TIS_PLANT,0,21.33
user_021,G8_S2_TIS_PLANT,0,19.79
user_021,G8_S2_TIS_PLANT,0,23.76
user_021,G8_S2_TIS_PLANT,0,24.46
user_021,G8_S2_TIS_ANIMAL,1,23.3
user_021,G8_S2_TIS_ANIMAL,1,19.0
user_021,G8_S2_TIS_ANIMAL,0,18.18
user_021,G8_S2_TIS_ANIMAL,1,16.41
user_021,G8_S2_TIS_ANIMAL,0,18.52
user_021,G8_S2_TIS_ANIMAL,0,23.63
user_021,G8_S2_TIS_ANIMAL,0,22.72
user_021,G8_S2_TIS_ANIMAL,0,25.22
user_021,G8_S2_TIS_ANIMAL,0,22.47
user_021,G8_S2_TIS_ANIMAL,0,18.58
user_021,G8_S2_TIS_ANIMAL,0,18.83
user_021,G8_S2_TIS_ANIMAL,0,21.87
user_021,G8_S3_PHO_PROCESS,0,25.95
user_021,G8_S3_PHO_PROCESS,0,22.85
user_021,G8_S3_PHO_PROCESS,0,23.67
user_021,G8_S3_PHO_PROCESS,0,20.23
user_021,G8_S3_PHO_PROCESS,1,21.39
user_021,G8_S3_PHO_PROCESS,0,21.07
user_021,G8_S3_PHO_PROCESS,0,23.69
user_021,G8_S3_PHO_PROCESS,0,23.49
user_021,G8_S3_PHO_PROCESS,0,23.75
user_021,G8_S3_PHO_PROCESS,0,27.02
user_021,G8_S3_PHO_PROCESS,0,22.56
user_021,G8_S3_PHO_PROCESS,0,23.42
user_021,G8_S3_PHO_IMPORT,1,21.5
user_021,G8_S3_PHO_IMPORT,0,23.22
user_021,G8_S3_PHO_IMPORT,0,23.13
user_021,G8_S3_PHO_IMPORT,1,24.69
user_021,G8_S3_PHO_IMPORT,1,16.7
user_021,G8_S3_PHO_IMPORT,1,17.17
user_021,G8_S3_PHO_IMPORT,1,13.31
user_021,G8_S3_PHO_IMPORT,1,11.86
user_021,G8_S3_PHO_IMPORT,1,11.98
user_021,G8_S3_PHO_IMPORT,1,11.35
user_021,G8_S3_PHO_IMPORT,1,9.63
user_021,G8_S3_PHO_IMPORT,1,13.49
user_021,G8_S4_MAT_ELEMENTS,0,22.26
user_021,G8_S4_MAT_ELEMENTS,1,24.38
user_021,G8_S4_MAT_ELEMENTS,1,20.24
user_021,G8_S4_MAT_ELEMENTS,1,12.3
user_021,G8_S4_MAT_ELEMENTS,1,13.75
user_021,G8_S4_MAT_ELEMENTS,1,9.84
user_021,G8_S4_MAT_ELEMENTS,1,10.52
user_021,G8_S4_MAT_ELEMENTS,1,7.76
user_021,G8_S4_MAT_ELEMENTS,1,13.16
user_021,G8_S4_MAT_ELEMENTS,1,11.25
user_021,G8_S4_MAT_ELEMENTS,1,8.57
user_021,G8_S4_MAT_ELEMENTS,1,17.32
user_021,G8_S4_MAT_COMPOUNDS,0,27.68
user_021,G8_S4_MAT_COMPOUNDS,0,23.07
user_021,G8_S4_MAT_COMPOUNDS,0,24.07
user_021,G8_S4_MAT_COMPOUNDS,0,20.19
user_021,G8_S4_MAT_COMPOUNDS,0,24.04
user_021,G8_S4_MAT_COMPOUNDS,0,18.16
user_021,G8_S4_MAT_COMPOUNDS,1,26.51
user_021,G8_S4_MAT_COMPOUNDS,1,20.79
user_021,G8_S4_MAT_COMPOUNDS,0,14.61
user_021,G8_S4_MAT_COMPOUNDS,1,24.15
user_021,G8_S4_MAT_COMPOUNDS,1,17.08
user_021,G8_S4_MAT_COMPOUNDS,1,13.07
user_021,G8_S5_MAT_DENSITY,0,26.05
user_021,G8_S5_MAT_DENSITY,0,25.06
user_021,G8_S5_MAT_DENSITY,0,27.61
user_021,G8_S5_MAT_DENSITY,1,22.27
user_021,G8_S5_MAT_DENSITY,1,16.21
user_021,G8_S5_MAT_DENSITY,1,15.28
user_021,G8_S5_MAT_DENSITY,1,11.96
user_021,G8_S5_MAT_DENSITY,1,13.37
user_021,G8_S5_MAT_DENSITY,1,6.76
user_021,G8_S5_MAT_DENSITY,1,14.06
user_021,G8_S5_MAT_DENSITY,0,8.84
user_021,G8_S5_MAT_DENSITY,1,12.45
user_021,G8_S5_MAT_THERMAL,0,20.38
user_021,G8_S5_MAT_THERMAL,1,23.45
user_021,G8_S5_MAT_THERMAL,1,19.9
user_021,G8_S5_MAT_THERMAL,1,18.88
user_021,G8_S5_MAT_THERMAL,1,13.47
user_021,G8_S5_MAT_THERMAL,1,13.8
user_021,G8_S5_MAT_THERMAL,0,11.75
user_021,G8_S5_MAT_THERMAL,1,10.99
user_021,G8_S5_MAT_THERMAL,1,18.13
user_021,G8_S5_MAT_THERMAL,1,12.17
user_021,G8_S5_MAT_THERMAL,0,8.82
user_021,G8_S5_MAT_THERMAL,1,15.1
user_021,G8_S6_CHA_PHYSICAL,0,26.16
user_021,G8_S6_CHA_PHYSICAL,1,22.55
user_021,G8_S6_CHA_PHYSICAL,0,19.21
user_021,G8_S6_CHA_PHYSICAL,1,22.19
user_021,G8_S6_CHA_PHYSICAL,1,20.71
user_021,G8_S6_CHA_PHYSICAL,1,14.64
user_021,G8_S6_CHA_PHYSICAL,1,9.26
user_021,G8_S6_CHA_PHYSICAL,1,14.37
user_021,G8_S6_CHA_PHYSICAL,1,17.35
user_021,G8_S6_CHA_PHYSICAL,1,7.77
user_021,G8_S6_CHA_PHYSICAL,1,13.0
user_021,G8_S6_CHA_PHYSICAL,0,13.13
user_021,G8_S6_CHA_BURNING,0,28.3
user_021,G8_S6_CHA_BURNING,0,24.96
user_021,G8_S6_CHA_BURNING,0,21.81
user_021,G8_S6_CHA_BURNING,1,24.31
user_021,G8_S6_CHA_BURNING,1,20.26
user_021,G8_S6_CHA_BURNING,1,18.64
user_021,G8_S6_CHA_BURNING,1,12.42
user_021,G8_S6_CHA_BURNING,1,11.15
user_021,G8_S6_CHA_BURNING,1,8.97
user_021,G8_S6_CHA_BURNING,1,13.54
user_021,G8_S6_CHA_BURNING,0,11.05
user_021,G8_S6_CHA_BURNING,1,8.1
user_021,G8_S7_FOR_TYPES,0,21.84
user_021,G8_S7_FOR_TYPES,0,21.24
user_021,G8_S7_FOR_TYPES,0,18.64
user_021,G8_S7_FOR_TYPES,0,25.14
user_021,G8_S7_FOR_TYPES,1,21.64
user_021,G8_S7_FOR_TYPES,0,17.94
user_021,G8_S7_FOR_TYPES,0,24.03
user_021,G8_S7_FOR_TYPES,0,20.23
user_021,G8_S7_FOR_TYPES,0,25.09
user_021,G8_S7_FOR_TYPES,1,23.5
user_021,G8_S7_FOR_TYPES,0,18.1
user_021,G8_S7_FOR_TYPES,0,25.46
user_021,G8_S7_FOR_PRESSURE,0,21.4
user_021,G8_S7_FOR_PRESSURE,0,24.38
user_021,G8_S7_FOR_PRESSURE,0,27.64
user_021,G8_S7_FOR_PRESSURE,1,25.45
user_021,G8_S7_FOR_PRESSURE,0,18.96
user_021,G8_S7_FOR_PRESSURE,1,20.96
user_021,G8_S7_FOR_PRESSURE,0,21.2
user_021,G8_S7_FOR_PRESSURE,0,20.63
user_021,G8_S7_FOR_PRESSURE,0,27.99
user_021,G8_S7_FOR_PRESSURE,0,24.19
user_021,G8_S7_FOR_PRESSURE,0,18.6
user_021,G8_S7_FOR_PRESSURE,0,26.24
user_021,G8_S8_STA_PHENOM,0,24.28
user_021,G8_S8_STA_PHENOM,1,25.26
user_021,G8_S8_STA_PHENOM,0,17.74
user_021,G8_S8_STA_PHENOM,0,21.5
user_021,G8_S8_STA_PHENOM,0,23.44
user_021,G8_S8_STA_PHENOM,1,22.9
user_021,G8_S8_STA_PHENOM,0,20.66
user_021,G8_S8_STA_PHENOM,0,19.08
user_021,G8_S8_STA_PHENOM,0,23.55
user_021,G8_S8_STA_PHENOM,1,18.75
user_021,G8_S8_STA_PHENOM,0,20.9
user_021,G8_S8_STA_PHENOM,0,21.02
user_021,G8_S8_STA_LIGHTNG,0,21.16
user_021,G8_S8_STA_LIGHTNG,0,23.6
user_021,G8_S8_STA_LIGHTNG,0,22.78
user_021,G8_S8_STA_LIGHTNG,1,19.79
user_021,G8_S8_STA_LIGHTNG,0,18.13
user_021,G8_S8_STA_LIGHTNG,1,18.34
user_021,G8_S8_STA_LIGHTNG,1,16.11
user_021,G8_S8_STA_LIGHTNG,1,14.87
user_021,G8_S8_STA_LIGHTNG,1,20.34
user_021,G8_S8_STA_LIGHTNG,1,12.57
user_021,G8_S8_STA_LIGHTNG,1,13.43
user_021,G8_S8_STA_LIGHTNG,1,9.91
user_021,G9_S1_SYS_DIGEST,0,20.04
user_021,G9_S1_SYS_DIGEST,1,24.73
user_021,G9_S1_SYS_DIGEST,1,18.71
user_021,G9_S1_SYS_DIGEST,0,14.9
user_021,G9_S1_SYS_DIGEST,0,24.47
user_021,G9_S1_SYS_DIGEST,0,21.36
user_021,G9_S1_SYS_DIGEST,1,21.27
user_021,G9_S1_SYS_DIGEST,0,20.68
user_021,G9_S1_SYS_DIGEST,0,23.74
user_021,G9_S1_SYS_DIGEST,0,20.52
user_021,G9_S1_SYS_DIGEST,0,24.73
user_021,G9_S1_SYS_DIGEST,1,23.46
user_021,G9_S1_SYS_CIRCUL,0,21.55
user_021,G9_S1_SYS_CIRCUL,0,22.0
user_021,G9_S1_SYS_CIRCUL,0,23.46
user_021,G9_S1_SYS_CIRCUL,0,26.19
user_021,G9_S1_SYS_CIRCUL,1,19.78
user_021,G9_S1_SYS_CIRCUL,1,23.29
user_021,G9_S1_SYS_CIRCUL,0,13.55
user_021,G9_S1_SYS_CIRCUL,1,21.68
user_021,G9_S1_SYS_CIRCUL,0,17.3
user_021,G9_S1_SYS_CIRCUL,1,20.86
user_021,G9_S1_SYS_CIRCUL,0,12.26
user_021,G9_S1_SYS_CIRCUL,0,21.18
user_021,G9_S2_RHY_EARTH,1,20.7
user_021,G9_S2_RHY_EARTH,0,18.15
user_021,G9_S2_RHY_EARTH,0,23.16
user_021,G9_S2_RHY_EARTH,0,22.91
user_021,G9_S2_RHY_EARTH,0,16.92
user_021,G9_S2_RHY_EARTH,0,21.35
user_021,G9_S2_RHY_EARTH,0,19.63
user_021,G9_S2_RHY_EARTH,0,19.09
user_021,G9_S2_RHY_EARTH,0,23.0
user_021,G9_S2_RHY_EARTH,0,25.11
user_021,G9_S2_RHY_EARTH,0,22.49
user_021,G9_S2_RHY_EARTH,0,22.97
user_021,G9_S2_RHY_CLIMATE,1,20.57
user_021,G9_S2_RHY_CLIMATE,0,15.87
user_021,G9_S2_RHY_CLIMATE,0,22.31
user_021,G9_S2_RHY_CLIMATE,0,21.06
user_021,G9_S2_RHY_CLIMATE,0,26.06
user_021,G9_S2_RHY_CLIMATE,1,24.33
user_021,G9_S2_RHY_CLIMATE,0,18.26
user_021,G9_S2_RHY_CLIMATE,0,24.39
user_021,G9_S2_RHY_CLIMATE,1,21.32
user_021,G9_S2_RHY_CLIMATE,1,17.61
user_021,G9_S2_RHY_CLIMATE,1,15.73
user_021,G9_S2_RHY_CLIMATE,0,15.53
user_021,G9_S3_LIG_REFRAC,0,22.75
user_021,G9_S3_LIG_REFRAC,0,24.2
user_021,G9_S3_LIG_REFRAC,0,25.8
user_021,G9_S3_LIG_REFRAC,0,23.24
user_021,G9_S3_LIG_REFRAC,1,25.42
user_021,G9_S3_LIG_REFRAC,1,21.44
user_021,G9_S3_LIG_REFRAC,0,13.54
user_021,G9_S3_LIG_REFRAC,1,19.01
user_021,G9_S3_LIG_REFRAC,1,13.36
user_021,G9_S3_LIG_REFRAC,1,12.54
user_021,G9_S3_LIG_REFRAC,1,12.58
user_021,G9_S3_LIG_REFRAC,1,14.37
user_021,G9_S3_LIG_LENSES,1,25.35
user_021,G9_S3_LIG_LENSES,0,18.69
user_021,G9_S3_LIG_LENSES,1,19.63
user_021,G9_S3_LIG_LENSES,1,14.21
user_021,G9_S3_LIG_LENSES,1,11.45
user_021,G9_S3_LIG_LENSES,1,14.81
user_021,G9_S3_LIG_LENSES,1,16.03
user_021,G9_S3_LIG_LENSES,1,12.77
user_021,G9_S3_LIG_LENSES,1,12.32
user_021,G9_S3_LIG_LENSES,1,11.27
user_021,G9_S3_LIG_LENSES,1,9.43
user_021,G9_S3_LIG_LENSES,1,9.96
user_021,G9_S4_SOU_PROPAG,0,18.53
user_021,G9_S4_SOU_PROPAG,1,20.21
user_021,G9_S4_SOU_PROPAG,0,17.12
user_021,G9_S4_SOU_PROPAG,1,20.62
user_021,G9_S4_SOU_PROPAG,1,20.57
user_021,G9_S4_SOU_PROPAG,1,14.21
user_021,G9_S4_SOU_PROPAG,1,11.14
user_021,G9_S4_SOU_PROPAG,1,14.63
user_021,G9_S4_SOU_PROPAG,1,11.6
user_021,G9_S4_SOU_PROPAG,0,14.39
user_021,G9_S4_SOU_PROPAG,0,15.52
user_021,G9_S4_SOU_PROPAG,1,13.89
user_021,G9_S4_SOU_HEARING,0,22.53
user_021,G9_S4_SOU_HEARING,0,21.59
user_021,G9_S4_SOU_HEARING,0,26.2
user_021,G9_S4_SOU_HEARING,0,27.1
user_021,G9_S4_SOU_HEARING,0,23.24
user_021,G9_S4_SOU_HEARING,0,19.31
user_021,G9_S4_SOU_HEARING,0,25.83
user_021,G9_S4_SOU_HEARING,1,24.29
user_021,G9_S4_SOU_HEARING,1,17.46
user_021,G9_S4_SOU_HEARING,1,12.84
user_021,G9_S4_SOU_HEARING,0,8.7
user_021,G9_S4_SOU_HEARING,1,14.71
user_021,G9_S5_HEA_EXPANS,1,24.2
user_021,G9_S5_HEA_EXPANS,0,24.35
user_021,G9_S5_HEA_EXPANS,0,19.75
user_021,G9_S5_HEA_EXPANS,1,24.87
user_021,G9_S5_HEA_EXPANS,1,15.45
user_021,G9_S5_HEA_EXPANS,1,15.3
user_021,G9_S5_HEA_EXPANS,0,14.75
user_021,G9_S5_HEA_EXPANS,0,20.74
user_021,G9_S5_HEA_EXPANS,1,21.05
user_021,G9_S5_HEA_EXPANS,1,16.3
user_021,G9_S5_HEA_EXPANS,0,15.52
user_021,G9_S5_HEA_EXPANS,0,17.28
user_021,G9_S5_HEA_TRANSF,1,24.27
user_021,G9_S5_HEA_TRANSF,1,23.64
user_021,G9_S5_HEA_TRANSF,1,15.26
user_021,G9_S5_HEA_TRANSF,1,12.39
user_021,G9_S5_HEA_TRANSF,1,11.37
user_021,G9_S5_HEA_TRANSF,0,7.81
user_021,G9_S5_HEA_TRANSF,1,13.86
user_021,G9_S5_HEA_TRANSF,1,11.1
user_021,G9_S5_HEA_TRANSF,1,8.77
user_021,G9_S5_HEA_TRANSF,1,10.59
user_021,G9_S5_HEA_TRANSF,1,10.72
user_021,G9_S5_HEA_TRANSF,1,11.0
user_021,G9_S6_NAT_ATOMS,0,23.12
user_021,G9_S6_NAT_ATOMS,0,24.18
user_021,G9_S6_NAT_ATOMS,1,19.73
user_021,G9_S6_NAT_ATOMS,0,17.72
user_021,G9_S6_NAT_ATOMS,0,22.63
user_021,G9_S6_NAT_ATOMS,0,24.63
user_021,G9_S6_NAT_ATOMS,0,22.55
user_021,G9_S6_NAT_ATOMS,0,25.6
user_021,G9_S6_NAT_ATOMS,1,23.68
user_021,G9_S6_NAT_ATOMS,0,22.77
user_021,G9_S6_NAT_ATOMS,0,24.03
user_021,G9_S6_NAT_ATOMS,0,21.09
user_021,G9_S6_NAT_CONFIG,1,23.3
user_021,G9_S6_NAT_CONFIG,1,24.51
user_021,G9_S6_NAT_CONFIG,1,17.26
user_021,G9_S6_NAT_CONFIG,1,13.51
user_021,G9_S6_NAT_CONFIG,1,12.72
user_021,G9_S6_NAT_CONFIG,1,13.18
user_021,G9_S6_NAT_CONFIG,1,10.46
user_021,G9_S6_NAT_CONFIG,1,11.04
user_021,G9_S6_NAT_CONFIG,1,12.89
user_021,G9_S6_NAT_CONFIG,1,11.92
user_021,G9_S6_NAT_CONFIG,1,14.28
user_021,G9_S6_NAT_CONFIG,1,13.16
user_021,G9_S7_ACI_SALTS,0,23.66
user_021,G9_S7_ACI_SALTS,0,23.81
user_021,G9_S7_ACI_SALTS,0,23.22
user_021,G9_S7_ACI_SALTS,1,22.3
user_021,G9_S7_ACI_SALTS,0,20.84
user_021,G9_S7_ACI_SALTS,0,24.6
user_021,G9_S7_ACI_SALTS,0,23.42
user_021,G9_S7_ACI_SALTS,1,25.27
user_021,G9_S7_ACI_SALTS,0,22.44
user_021,G9_S7_ACI_SALTS,0,20.07
user_021,G9_S7_ACI_SALTS,0,26.46
user_021,G9_S7_ACI_SALTS,0,22.15
user_021,G9_S7_ACI_NEUTRAL,1,22.64
user_021,G9_S7_ACI_NEUTRAL,0,20.0
user_021,G9_S7_ACI_NEUTRAL,0,23.31
user_021,G9_S7_ACI_NEUTRAL,1,22.16
user_021,G9_S7_ACI_NEUTRAL,0,19.6
user_021,G9_S7_ACI_NEUTRAL,1,20.38
user_021,G9_S7_ACI_NEUTRAL,0,21.56
user_021,G9_S7_ACI_NEUTRAL,0,24.68
user_021,G9_S7_ACI_NEUTRAL,1,24.12
user_021,G9_S7_ACI_NEUTRAL,0,18.2
user_021,G9_S7_ACI_NEUTRAL,1,21.96
user_021,G9_S7_ACI_NEUTRAL,1,19.03
user_022,G6_S1_ORG_CHARS,1,19.19
user_022,G6_S1_ORG_CHARS,1,19.73
user_022,G6_S1_ORG_CHARS,0,13.56
user_022,G6_S1_ORG_CHARS,0,20.97
user_022,G6_S1_ORG_CHARS,1,23.69
user_022,G6_S1_ORG_CHARS,1,15.79
user_022,G6_S1_ORG_CHARS,0,14.18
user_022,G6_S1_ORG_CHARS,1,18.12
user_022,G6_S1_ORG_CHARS,0,12.19
user_022,G6_S1_ORG_CHARS,0,15.54
user_022,G6_S1_ORG_CHARS,1,19.28
user_022,G6_S1_ORG_CHARS,0,13.97
user_022,G6_S1_ORG_CLASS,0,21.26
user_022,G6_S1_ORG_CLASS,0,26.79
user_022,G6_S1_ORG_CLASS,0,27.94
user_022,G6_S1_ORG_CLASS,0,20.99
user_022,G6_S1_ORG_CLASS,0,19.08
user_022,G6_S1_ORG_CLASS,1,24.91
user_022,G6_S1_ORG_CLASS,1,16.98
user_022,G6_S1_ORG_CLASS,1,13.66
user_022,G6_S1_ORG_CLASS,1,16.52
user_022,G6_S1_ORG_CLASS,0,9.74
user_022,G6_S1_ORG_CLASS,1,9.93
user_022,G6_S1_ORG_CLASS,1,9.54
user_022,G6_S2_MAT_STATES,0,23.8
user_022,G6_S2_MAT_STATES,1,24.75
user_022,G6_S2_MAT_STATES,1,17.14
user_022,G6_S2_MAT_STATES,1,12.0
user_022,G6_S2_MAT_STATES,1,7.6
user_022,G6_S2_MAT_STATES,1,12.51
user_022,G6_S2_MAT_STATES,1,10.61
user_022,G6_S2_MAT_STATES,1,13.04
user_022,G6_S2_MAT_STATES,1,16.1
user_022,G6_S2_MAT_STATES,1,12.93
user_022,G6_S2_MAT_STATES,1,10.2
user_022,G6_S2_MAT_STATES,1,12.27
user_022,G6_S2_MAT_PROPS,0,20.1
user_022,G6_S2_MAT_PROPS,0,21.11
user_022,G6_S2_MAT_PROPS,1,20.11
user_022,G6_S2_MAT_PROPS,0,21.7
user_022,G6_S2_MAT_PROPS,0,24.49
user_022,G6_S2_MAT_PROPS,1,25.68
user_022,G6_S2_MAT_PROPS,1,16.96
user_022,G6_S2_MAT_PROPS,1,11.2
user_022,G6_S2_MAT_PROPS,1,12.59
user_022,G6_S2_MAT_PROPS,1,14.43
user_022,G6_S2_MAT_PROPS,1,12.83
user_022,G6_S2_MAT_PROPS,0,7.13
user_022,G6_S4_ENE_SOURCES,0,28.52
user_022,G6_S4_ENE_SOURCES,0,20.98
user_022,G6_S4_ENE_SOURCES,1,22.14
user_022,G6_S4_ENE_SOURCES,1,15.13
user_022,G6_S4_ENE_SOURCES,0,11.16
user_022,G6_S4_ENE_SOURCES,1,18.65
user_022,G6_S4_ENE_SOURCES,1,13.97
user_022,G6_S4_ENE_SOURCES,1,11.78
user_022,G6_S4_ENE_SOURCES,1,12.19
user_022,G6_S4_ENE_SOURCES,1,13.93
user_022,G6_S4_ENE_SOURCES,1,11.21
user_022,G6_S4_ENE_SOURCES,1,14.48
user_022,G6_S8_ELE_CIRCUITS,0,22.84
user_022,G6_S8_ELE_CIRCUITS,1,16.42
user_022,G6_S8_ELE_CIRCUITS,1,16.44
user_022,G6_S8_ELE_CIRCUITS,1,13.65
user_022,G6_S8_ELE_CIRCUITS,1,10.3
user_022,G6_S8_ELE_CIRCUITS,1,12.78
user_022,G6_S8_ELE_CIRCUITS,1,11.17
user_022,G6_S8_ELE_CIRCUITS,1,12.87
user_022,G6_S8_ELE_CIRCUITS,1,10.99
user_022,G6_S8_ELE_CIRCUITS,1,12.05
user_022,G6_S8_ELE_CIRCUITS,1,14.41
user_022,G6_S8_ELE_CIRCUITS,1,13.38
user_022,G6_S8_ELE_CONDINS,0,22.37
user_022,G6_S8_ELE_CONDINS,0,18.56
user_022,G6_S8_ELE_CONDINS,1,20.93
user_022,G6_S8_ELE_CONDINS,1,16.56
user_022,G6_S8_ELE_CONDINS,0,16.27
user_022,G6_S8_ELE_CONDINS,1,13.99
user_022,G6_S8_ELE_CONDINS,1,15.47
user_022,G6_S8_ELE_CONDINS,1,15.8
user_022,G6_S8_ELE_CONDINS,1,10.36
user_022,G6_S8_ELE_CONDINS,1,15.01
user_022,G6_S8_ELE_CONDINS,1,11.94
user_022,G6_S8_ELE_CONDINS,1,16.08
user_022,G7_S1_PLA_DIVER,1,21.43
user_022,G7_S1_PLA_DIVER,0,20.25
user_022,G7_S1_PLA_DIVER,0,22.64
user_022,G7_S1_PLA_DIVER,0,20.47
user_022,G7_S1_PLA_DIVER,0,22.51
user_022,G7_S1_PLA_DIVER,0,20.47
user_022,G7_S1_PLA_DIVER,0,20.55
user_022,G7_S1_PLA_DIVER,0,20.42
user_022,G7_S1_PLA_DIVER,0,20.46
user_022,G7_S1_PLA_DIVER,0,23.92
user_022,G7_S1_PLA_DIVER,1,26.64
user_022,G7_S1_PLA_DIVER,1,17.71
user_022,G7_S1_PLA_CLASSIF,0,22.46
user_022,G7_S1_PLA_CLASSIF,0,21.13
user_022,G7_S1_PLA_CLASSIF,1,22.54
user_022,G7_S1_PLA_CLASSIF,0,20.12
user_022,G7_S1_PLA_CLASSIF,0,20.63
user_022,G7_S1_PLA_CLASSIF,1,23.0
user_022,G7_S1_PLA_CLASSIF,0,19.45
user_022,G7_S1_PLA_CLASSIF,0,20.05
user_022,G7_S1_PLA_CLASSIF,1,22.25
user_022,G7_S1_PLA_CLASSIF,1,15.2
user_022,G7_S1_PLA_CLASSIF,1,16.34
user_022,G7_S1_PLA_CLASSIF,1,13.46
user_022,G7_S2_STA_CHARGES,0,27.47
user_022,G7_S2_STA_CHARGES,1,22.77
user_022,G7_S2_STA_CHARGES,1,17.71
user_022,G7_S2_STA_CHARGES,1,11.53
user_022,G7_S2_STA_CHARGES,0,10.93
user_022,G7_S2_STA_CHARGES,1,19.75
user_022,G7_S2_STA_CHARGES,1,13.41
user_022,G7_S2_STA_CHARGES,1,10.94
user_022,G7_S2_STA_CHARGES,1,14.2
user_022,G7_S2_STA_CHARGES,1,12.42
user_022,G7_S2_STA_CHARGES,1,11.5
user_022,G7_S2_STA_CHARGES,0,16.98
user_022,G7_S2_STA_CAPACIT,0,26.87
user_022,G7_S2_STA_CAPACIT,1,22.91
user_022,G7_S2_STA_CAPACIT,1,15.03
user_022,G7_S2_STA_CAPACIT,1,13.17
user_022,G7_S2_STA_CAPACIT,0,16.1
user_022,G7_S2_STA_CAPACIT,1,18.76
user_022,G7_S2_STA_CAPACIT,1,12.46
user_022,G7_S2_STA_CAPACIT,1,16.39
user_022,G7_S2_STA_CAPACIT,1,12.9
user_022,G7_S2_STA_CAPACIT,1,12.96
user_022,G7_S2_STA_CAPACIT,1,14.21
user_022,G7_S2_STA_CAPACIT,1,9.06
user_022,G7_S3_ELE_SOURCES,0,21.83
user_022,G7_S3_ELE_SOURCES,1,22.42
user_022,G7_S3_ELE_SOURCES,1,12.9
user_022,G7_S3_ELE_SOURCES,0,16.57
user_022,G7_S3_ELE_SOURCES,0,18.78
user_022,G7_S3_ELE_SOURCES,0,20.8
user_022,G7_S3_ELE_SOURCES,1,20.96
user_022,G7_S3_ELE_SOURCES,0,20.4
user_022,G7_S3_ELE_SOURCES,0,20.69
user_022,G7_S3_ELE_SOURCES,1,23.4
user_022,G7_S3_ELE_SOURCES,1,15.98
user_022,G7_S3_ELE_SOURCES,1,14.52
user_022,G7_S3_ELE_CURRENTS,1,22.58
user_022,G7_S3_ELE_CURRENTS,0,24.38
user_022,G7_S3_ELE_CURRENTS,0,20.37
user_022,G7_S3_ELE_CURRENTS,1,18.62
user_022,G7_S3_ELE_CURRENTS,1,21.37
user_022,G7_S3_ELE_CURRENTS,0,15.02
user_022,G7_S3_ELE_CURRENTS,1,18.92
user_022,G7_S3_ELE_CURRENTS,1,13.64
user_022,G7_S3_ELE_CURRENTS,1,17.07
user_022,G7_S3_ELE_CURRENTS,1,11.34
user_022,G7_S3_ELE_CURRENTS,1,15.19
user_022,G7_S3_ELE_CURRENTS,0,9.23
user_022,G7_S4_WAT_SOLVENT,0,22.53
user_022,G7_S4_WAT_SOLVENT,0,25.84
user_022,G7_S4_WAT_SOLVENT,1,21.17
user_022,G7_S4_WAT_SOLVENT,0,13.73
user_022,G7_S4_WAT_SOLVENT,1,20.39
user_022,G7_S4_WAT_SOLVENT,0,11.92
user_022,G7_S4_WAT_SOLVENT,0,22.21
user_022,G7_S4_WAT_SOLVENT,1,20.99
user_022,G7_S4_WAT_SOLVENT,1,14.19
user_022,G7_S4_WAT_SOLVENT,1,12.6
user_022,G7_S4_WAT_SOLVENT,1,4.7
user_022,G7_S4_WAT_SOLVENT,1,12.55
user_022,G7_S4_WAT_COOLANT,1,25.44
user_022,G7_S4_WAT_COOLANT,1,19.28
user_022,G7_S4_WAT_COOLANT,1,12.84
user_022,G7_S4_WAT_COOLANT,1,14.73
user_022,G7_S4_WAT_COOLANT,1,11.36
user_022,G7_S4_WAT_COOLANT,1,12.15
user_022,G7_S4_WAT_COOLANT,0,14.66
user_022,G7_S4_WAT_COOLANT,0,8.99
user_022,G7_S4_WAT_COOLANT,0,14.87
user_022,G7_S4_WAT_COOLANT,0,17.4
user_022,G7_S4_WAT_COOLANT,1,21.5
user_022,G7_S4_WAT_COOLANT,0,17.49
user_022,G7_S5_ACI_IDENTIF,1,24.48
user_022,G7_S5_ACI_IDENTIF,1,20.41
user_022,G7_S5_ACI_IDENTIF,1,16.34
user_022,G7_S5_ACI_IDENTIF,1,17.47
user_022,G7_S5_ACI_IDENTIF,1,10.13
user_022,G7_S5_ACI_IDENTIF,1,10.87
user_022,G7_S5_ACI_IDENTIF,1,10.86
user_022,G7_S5_ACI_IDENTIF,1,13.72
user_022,G7_S5_ACI_IDENTIF,1,13.61
user_022,G7_S5_ACI_IDENTIF,1,11.35
user_022,G7_S5_ACI_IDENTIF,1,9.16
user_022,G7_S5_ACI_IDENTIF,1,11.86
user_022,G7_S5_ACI_INDICAT,0,22.83
user_022,G7_S5_ACI_INDICAT,0,20.39
user_022,G7_S5_ACI_INDICAT,0,24.91
user_022,G7_S5_ACI_INDICAT,0,21.28
user_022,G7_S5_ACI_INDICAT,0,21.04
user_022,G7_S5_ACI_INDICAT,0,22.04
user_022,G7_S5_ACI_INDICAT,0,20.36
user_022,G7_S5_ACI_INDICAT,1,20.21
user_022,G7_S5_ACI_INDICAT,0,19.9
user_022,G7_S5_ACI_INDICAT,0,23.81
user_022,G7_S5_ACI_INDICAT,0,27.7
user_022,G7_S5_ACI_INDICAT,0,22.97
user_022,G7_S6_ANI_CLASSIF,0,20.41
user_022,G7_S6_ANI_CLASSIF,0,20.77
user_022,G7_S6_ANI_CLASSIF,0,21.6
user_022,G7_S6_ANI_CLASSIF,0,22.23
user_022,G7_S6_ANI_CLASSIF,0,21.66
user_022,G7_S6_ANI_CLASSIF,0,20.39
user_022,G7_S6_ANI_CLASSIF,0,20.6
user_022,G7_S6_ANI_CLASSIF,1,20.17
user_022,G7_S6_ANI_CLASSIF,1,17.69
user_022,G7_S6_ANI_CLASSIF,1,10.22
user_022,G7_S6_ANI_CLASSIF,1,11.59
user_022,G7_S6_ANI_CLASSIF,1,7.81
user_022,G7_S6_ANI_ADAPTAT,0,18.81
user_022,G7_S6_ANI_ADAPTAT,0,22.92
user_022,G7_S6_ANI_ADAPTAT,0,22.7
user_022,G7_S6_ANI_ADAPTAT,1,22.03
user_022,G7_S6_ANI_ADAPTAT,1,21.31
user_022,G7_S6_ANI_ADAPTAT,1,15.88
user_022,G7_S6_ANI_ADAPTAT,1,12.0
user_022,G7_S6_ANI_ADAPTAT,1,8.4
user_022,G7_S6_ANI_ADAPTAT,0,12.32
user_022,G7_S6_ANI_ADAPTAT,1,13.86
user_022,G7_S6_ANI_ADAPTAT,1,11.61
user_022,G7_S6_ANI_ADAPTAT,0,9.24
user_022,G7_S7_ENE_FORMS,0,23.0
user_022,G7_S7_ENE_FORMS,1,24.03
user_022,G7_S7_ENE_FORMS,0,14.98
user_022,G7_S7_ENE_FORMS,0,22.63
user_022,G7_S7_ENE_FORMS,0,23.15
user_022,G7_S7_ENE_FORMS,0,21.31
user_022,G7_S7_ENE_FORMS,1,19.99
user_022,G7_S7_ENE_FORMS,0,18.51
user_022,G7_S7_ENE_FORMS,0,18.95
user_022,G7_S7_ENE_FORMS,0,23.35
user_022,G7_S7_ENE_FORMS,0,21.44
user_022,G7_S7_ENE_FORMS,0,21.0
user_022,G7_S7_ENE_TRANSF,1,30.01
user_022,G7_S7_ENE_TRANSF,1,25.38
user_022,G7_S7_ENE_TRANSF,1,13.14
user_022,G7_S7_ENE_TRANSF,1,17.14
user_022,G7_S7_ENE_TRANSF,1,11.8
user_022,G7_S7_ENE_TRANSF,1,13.33
user_022,G7_S7_ENE_TRANSF,1,14.56
user_022,G7_S7_ENE_TRANSF,0,11.78
user_022,G7_S7_ENE_TRANSF,1,14.65
user_022,G7_S7_ENE_TRANSF,1,17.08
user_022,G7_S7_ENE_TRANSF,0,12.2
user_022,G7_S7_ENE_TRANSF,0,15.87
user_022,G7_S8_EAR_STRUCT,0,23.33
user_022,G7_S8_EAR_STRUCT,0,22.52
user_022,G7_S8_EAR_STRUCT,0,24.74
user_022,G7_S8_EAR_STRUCT,0,22.04
user_022,G7_S8_EAR_STRUCT,1,22.31
user_022,G7_S8_EAR_STRUCT,1,13.38
user_022,G7_S8_EAR_STRUCT,1,12.14
user_022,G7_S8_EAR_STRUCT,1,12.27
user_022,G7_S8_EAR_STRUCT,1,12.11
user_022,G7_S8_EAR_STRUCT,1,9.85
user_022,G7_S8_EAR_STRUCT,1,13.4
user_022,G7_S8_EAR_STRUCT,1,16.0
user_022,G7_S8_EAR_TECTON,0,27.25
user_022,G7_S8_EAR_TECTON,0,23.81
user_022,G7_S8_EAR_TECTON,0,17.69
user_022,G7_S8_EAR_TECTON,0,25.3
user_022,G7_S8_EAR_TECTON,0,23.04
user_022,G7_S8_EAR_TECTON,1,24.7
user_022,G7_S8_EAR_TECTON,0,18.99
user_022,G7_S8_EAR_TECTON,0,23.27
user_022,G7_S8_EAR_TECTON,0,22.57
user_022,G7_S8_EAR_TECTON,1,17.99
user_022,G7_S8_EAR_TECTON,1,18.01
user_022,G7_S8_EAR_TECTON,1,8.63
user_022,G7_S9_LIG_SHADOWS,0,24.83
user_022,G7_S9_LIG_SHADOWS,1,25.87
user_022,G7_S9_LIG_SHADOWS,1,18.59
user_022,G7_S9_LIG_SHADOWS,1,9.79
user_022,G7_S9_LIG_SHADOWS,1,12.17
user_022,G7_S9_LIG_SHADOWS,1,11.4
user_022,G7_S9_LIG_SHADOWS,1,13.17
user_022,G7_S9_LIG_SHADOWS,0,13.42
user_022,G7_S9_LIG_SHADOWS,1,13.26
user_022,G7_S9_LIG_SHADOWS,1,11.97
user_022,G7_S9_LIG_SHADOWS,1,12.44
user_022,G7_S9_LIG_SHADOWS,1,8.52
user_022,G7_S9_LIG_MIRRORS,0,23.89
user_022,G7_S9_LIG_MIRRORS,1,20.64
user_022,G7_S9_LIG_MIRRORS,1,18.28
user_022,G7_S9_LIG_MIRRORS,1,13.37
user_022,G7_S9_LIG_MIRRORS,1,7.56
user_022,G7_S9_LIG_MIRRORS,1,10.71
user_022,G7_S9_LIG_MIRRORS,1,14.54
user_022,G7_S9_LIG_MIRRORS,1,13.9
user_022,G7_S9_LIG_MIRRORS,1,12.22
user_022,G7_S9_LIG_MIRRORS,1,8.5
user_022,G7_S9_LIG_MIRRORS,0,10.02
user_022,G7_S9_LIG_MIRRORS,1,12.13
user_022,G7_S10_MIC_LIGHT,0,21.88
user_022,G7_S10_MIC_LIGHT,0,20.74
user_022,G7_S10_MIC_LIGHT,0,20.62
user_022,G7_S10_MIC_LIGHT,1,26.36
user_022,G7_S10_MIC_LIGHT,1,16.04
user_022,G7_S10_MIC_LIGHT,1,11.16
user_022,G7_S10_MIC_LIGHT,1,13.58
user_022,G7_S10_MIC_LIGHT,1,13.87
user_022,G7_S10_MIC_LIGHT,1,10.35
user_022,G7_S10_MIC_LIGHT,1,10.24
user_022,G7_S10_MIC_LIGHT,0,9.82
user_022,G7_S10_MIC_LIGHT,1,11.61
user_022,G7_S10_MIC_ELECTR,1,23.08
user_022,G7_S10_MIC_ELECTR,0,18.69
user_022,G7_S10_MIC_ELECTR,1,21.62
user_022,G7_S10_MIC_ELECTR,0,16.0
user_022,G7_S10_MIC_ELECTR,0,15.86
user_022,G7_S10_MIC_ELECTR,0,18.11
user_022,G7_S10_MIC_ELECTR,0,22.11
user_022,G7_S10_MIC_ELECTR,0,23.47
user_022,G7_S10_MIC_ELECTR,1,23.5
user_022,G7_S10_MIC_ELECTR,1,20.02
user_022,G7_S10_MIC_ELECTR,1,10.77
user_022,G7_S10_MIC_ELECTR,1,6.96
user_022,G8_S1_BIO_DIVER,0,21.65
user_022,G8_S1_BIO_DIVER,1,18.63
user_022,G8_S1_BIO_DIVER,1,13.71
user_022,G8_S1_BIO_DIVER,1,16.38
user_022,G8_S1_BIO_DIVER,1,10.14
user_022,G8_S1_BIO_DIVER,1,9.19
user_022,G8_S1_BIO_DIVER,1,14.99
user_022,G8_S1_BIO_DIVER,1,12.0
user_022,G8_S1_BIO_DIVER,1,13.66
user_022,G8_S1_BIO_DIVER,1,9.39
user_022,G8_S1_BIO_DIVER,1,10.05
user_022,G8_S1_BIO_DIVER,1,11.33
user_022,G8_S1_BIO_CLASSIF,0,26.21
user_022,G8_S1_BIO_CLASSIF,1,22.16
user_022,G8_S1_BIO_CLASSIF,1,15.98
user_022,G8_S1_BIO_CLASSIF,1,13.83
user_022,G8_S1_BIO_CLASSIF,1,12.52
user_022,G8_S1_BIO_CLASSIF,1,10.41
user_022,G8_S1_BIO_CLASSIF,1,5.87
user_022,G8_S1_BIO_CLASSIF,1,9.06
user_022,G8_S1_BIO_CLASSIF,1,8.13
user_022,G8_S1_BIO_CLASSIF,1,8.6
user_022,G8_S1_BIO_CLASSIF,1,10.2
user_022,G8_S1_BIO_CLASSIF,1,11.33
user_022,G8_S2_TIS_PLANT,0,20.02
user_022,G8_S2_TIS_PLANT,0,23.57
user_022,G8_S2_TIS_PLANT,1,24.65
user_022,G8_S2_TIS_PLANT,1,18.14
user_022,G8_S2_TIS_PLANT,1,13.65
user_022,G8_S2_TIS_PLANT,1,12.03
user_022,G8_S2_TIS_PLANT,1,10.59
user_022,G8_S2_TIS_PLANT,1,12.48
user_022,G8_S2_TIS_PLANT,1,12.08
user_022,G8_S2_TIS_PLANT,1,10.69
user_022,G8_S2_TIS_PLANT,1,8.43
user_022,G8_S2_TIS_PLANT,1,13.07
user_022,G8_S2_TIS_ANIMAL,1,23.02
user_022,G8_S2_TIS_ANIMAL,0,18.66
user_022,G8_S2_TIS_ANIMAL,1,23.14
user_022,G8_S2_TIS_ANIMAL,1,24.5
user_022,G8_S2_TIS_ANIMAL,1,15.57
user_022,G8_S2_TIS_ANIMAL,1,9.98
user_022,G8_S2_TIS_ANIMAL,1,9.99
user_022,G8_S2_TIS_ANIMAL,1,11.47
user_022,G8_S2_TIS_ANIMAL,1,12.17
user_022,G8_S2_TIS_ANIMAL,1,10.54
user_022,G8_S2_TIS_ANIMAL,1,10.18
user_022,G8_S2_TIS_ANIMAL,1,17.24
user_022,G8_S3_PHO_PROCESS,0,25.83
user_022,G8_S3_PHO_PROCESS,1,19.93
user_022,G8_S3_PHO_PROCESS,1,16.68
user_022,G8_S3_PHO_PROCESS,0,16.08
user_022,G8_S3_PHO_PROCESS,1,22.51
user_022,G8_S3_PHO_PROCESS,0,14.16
user_022,G8_S3_PHO_PROCESS,0,19.93
user_022,G8_S3_PHO_PROCESS,1,21.25
user_022,G8_S3_PHO_PROCESS,1,20.17
user_022,G8_S3_PHO_PROCESS,1,11.47
user_022,G8_S3_PHO_PROCESS,1,13.59
user_022,G8_S3_PHO_PROCESS,1,11.88
user_022,G8_S3_PHO_IMPORT,0,24.78
user_022,G8_S3_PHO_IMPORT,0,18.63
user_022,G8_S3_PHO_IMPORT,0,22.86
user_022,G8_S3_PHO_IMPORT,0,20.3
user_022,G8_S3_PHO_IMPORT,1,23.57
user_022,G8_S3_PHO_IMPORT,1,17.71
user_022,G8_S3_PHO_IMPORT,1,18.5
user_022,G8_S3_PHO_IMPORT,0,14.4
user_022,G8_S3_PHO_IMPORT,0,19.36
user_022,G8_S3_PHO_IMPORT,1,23.37
user_022,G8_S3_PHO_IMPORT,1,10.39
user_022,G8_S3_PHO_IMPORT,1,15.31
user_022,G8_S4_MAT_ELEMENTS,1,18.37
user_022,G8_S4_MAT_ELEMENTS,0,18.38
user_022,G8_S4_MAT_ELEMENTS,0,17.37
user_022,G8_S4_MAT_ELEMENTS,0,19.1
user_022,G8_S4_MAT_ELEMENTS,1,20.42
user_022,G8_S4_MAT_ELEMENTS,1,17.91
user_022,G8_S4_MAT_ELEMENTS,1,14.68
user_022,G8_S4_MAT_ELEMENTS,1,9.8
user_022,G8_S4_MAT_ELEMENTS,1,9.04
user_022,G8_S4_MAT_ELEMENTS,1,14.59
user_022,G8_S4_MAT_ELEMENTS,1,9.03
user_022,G8_S4_MAT_ELEMENTS,1,11.92
user_022,G8_S4_MAT_COMPOUNDS,0,22.45
user_022,G8_S4_MAT_COMPOUNDS,0,26.42
user_022,G8_S4_MAT_COMPOUNDS,1,23.9
user_022,G8_S4_MAT_COMPOUNDS,0,16.6
user_022,G8_S4_MAT_COMPOUNDS,1,18.03
user_022,G8_S4_MAT_COMPOUNDS,1,15.72
user_022,G8_S4_MAT_COMPOUNDS,1,14.76
user_022,G8_S4_MAT_COMPOUNDS,1,9.05
user_022,G8_S4_MAT_COMPOUNDS,1,11.32
user_022,G8_S4_MAT_COMPOUNDS,1,12.13
user_022,G8_S4_MAT_COMPOUNDS,1,11.15
user_022,G8_S4_MAT_COMPOUNDS,1,13.96
user_022,G8_S5_MAT_DENSITY,0,25.3
user_022,G8_S5_MAT_DENSITY,0,22.14
user_022,G8_S5_MAT_DENSITY,1,19.8
user_022,G8_S5_MAT_DENSITY,1,18.71
user_022,G8_S5_MAT_DENSITY,1,10.49
user_022,G8_S5_MAT_DENSITY,0,10.68
user_022,G8_S5_MAT_DENSITY,1,14.33
user_022,G8_S5_MAT_DENSITY,1,13.6
user_022,G8_S5_MAT_DENSITY,0,12.45
user_022,G8_S5_MAT_DENSITY,1,16.19
user_022,G8_S5_MAT_DENSITY,1,15.34
user_022,G8_S5_MAT_DENSITY,1,11.78
user_022,G8_S5_MAT_THERMAL,0,24.09
user_022,G8_S5_MAT_THERMAL,0,21.76
user_022,G8_S5_MAT_THERMAL,0,26.39
user_022,G8_S5_MAT_THERMAL,1,23.21
user_022,G8_S5_MAT_THERMAL,1,18.57
user_022,G8_S5_MAT_THERMAL,1,16.32
user_022,G8_S5_MAT_THERMAL,1,12.16
user_022,G8_S5_MAT_THERMAL,1,8.93
user_022,G8_S5_MAT_THERMAL,1,10.14
user_022,G8_S5_MAT_THERMAL,1,11.97
user_022,G8_S5_MAT_THERMAL,1,13.25
user_022,G8_S5_MAT_THERMAL,1,14.06
user_022,G8_S6_CHA_PHYSICAL,1,22.14
user_022,G8_S6_CHA_PHYSICAL,0,20.17
user_022,G8_S6_CHA_PHYSICAL,1,22.53
user_022,G8_S6_CHA_PHYSICAL,1,19.41
user_022,G8_S6_CHA_PHYSICAL,1,15.09
user_022,G8_S6_CHA_PHYSICAL,1,12.42
user_022,G8_S6_CHA_PHYSICAL,1,12.23
user_022,G8_S6_CHA_PHYSICAL,1,8.69
user_022,G8_S6_CHA_PHYSICAL,1,9.29
user_022,G8_S6_CHA_PHYSICAL,1,10.85
user_022,G8_S6_CHA_PHYSICAL,1,12.65
user_022,G8_S6_CHA_PHYSICAL,1,9.89
user_022,G8_S6_CHA_BURNING,0,20.09
user_022,G8_S6_CHA_BURNING,0,20.52
user_022,G8_S6_CHA_BURNING,0,23.57
user_022,G8_S6_CHA_BURNING,0,19.25
user_022,G8_S6_CHA_BURNING,1,18.75
user_022,G8_S6_CHA_BURNING,1,19.73
user_022,G8_S6_CHA_BURNING,1,16.81
user_022,G8_S6_CHA_BURNING,0,13.14
user_022,G8_S6_CHA_BURNING,1,16.59
user_022,G8_S6_CHA_BURNING,0,14.96
user_022,G8_S6_CHA_BURNING,0,13.95
user_022,G8_S6_CHA_BURNING,0,19.49
user_022,G8_S7_FOR_TYPES,0,21.42
user_022,G8_S7_FOR_TYPES,0,24.26
user_022,G8_S7_FOR_TYPES,1,20.85
user_022,G8_S7_FOR_TYPES,1,18.01
user_022,G8_S7_FOR_TYPES,1,16.14
user_022,G8_S7_FOR_TYPES,1,15.56
user_022,G8_S7_FOR_TYPES,1,12.88
user_022,G8_S7_FOR_TYPES,1,11.99
user_022,G8_S7_FOR_TYPES,1,12.4
user_022,G8_S7_FOR_TYPES,1,11.49
user_022,G8_S7_FOR_TYPES,0,13.26
user_022,G8_S7_FOR_TYPES,1,18.05
user_022,G8_S7_FOR_PRESSURE,0,20.36
user_022,G8_S7_FOR_PRESSURE,0,22.25
user_022,G8_S7_FOR_PRESSURE,1,19.22
user_022,G8_S7_FOR_PRESSURE,1,18.82
user_022,G8_S7_FOR_PRESSURE,1,12.23
user_022,G8_S7_FOR_PRESSURE,0,7.88
user_022,G8_S7_FOR_PRESSURE,0,16.72
user_022,G8_S7_FOR_PRESSURE,0,16.6
user_022,G8_S7_FOR_PRESSURE,0,28.56
user_022,G8_S7_FOR_PRESSURE,0,18.15
user_022,G8_S7_FOR_PRESSURE,0,24.43
user_022,G8_S7_FOR_PRESSURE,0,21.16
user_022,G8_S8_STA_PHENOM,1,25.62
user_022,G8_S8_STA_PHENOM,1,22.27
user_022,G8_S8_STA_PHENOM,1,11.05
user_022,G8_S8_STA_PHENOM,1,12.01
user_022,G8_S8_STA_PHENOM,1,10.77
user_022,G8_S8_STA_PHENOM,1,9.22
user_022,G8_S8_STA_PHENOM,1,15.22
user_022,G8_S8_STA_PHENOM,1,7.61
user_022,G8_S8_STA_PHENOM,1,9.11
user_022,G8_S8_STA_PHENOM,1,15.98
user_022,G8_S8_STA_PHENOM,1,11.92
user_022,G8_S8_STA_PHENOM,1,10.88
user_022,G8_S8_STA_LIGHTNG,1,24.75
user_022,G8_S8_STA_LIGHTNG,0,21.29
user_022,G8_S8_STA_LIGHTNG,0,18.36
user_022,G8_S8_STA_LIGHTNG,0,20.8
user_022,G8_S8_STA_LIGHTNG,0,23.92
user_022,G8_S8_STA_LIGHTNG,0,17.81
user_022,G8_S8_STA_LIGHTNG,0,19.98
user_022,G8_S8_STA_LIGHTNG,0,19.75
user_022,G8_S8_STA_LIGHTNG,0,24.28
user_022,G8_S8_STA_LIGHTNG,0,21.6
user_022,G8_S8_STA_LIGHTNG,1,22.55
user_022,G8_S8_STA_LIGHTNG,1,18.18
user_022,G9_S1_SYS_DIGEST,0,20.84
user_022,G9_S1_SYS_DIGEST,1,21.86
user_022,G9_S1_SYS_DIGEST,1,17.52
user_022,G9_S1_SYS_DIGEST,1,12.25
user_022,G9_S1_SYS_DIGEST,1,13.87
user_022,G9_S1_SYS_DIGEST,1,10.12
user_022,G9_S1_SYS_DIGEST,1,15.19
user_022,G9_S1_SYS_DIGEST,0,13.7
user_022,G9_S1_SYS_DIGEST,1,14.17
user_022,G9_S1_SYS_DIGEST,1,9.6
user_022,G9_S1_SYS_DIGEST,1,11.36
user_022,G9_S1_SYS_DIGEST,1,13.92
user_022,G9_S1_SYS_CIRCUL,1,20.63
user_022,G9_S1_SYS_CIRCUL,0,21.31
user_022,G9_S1_SYS_CIRCUL,0,24.37
user_022,G9_S1_SYS_CIRCUL,1,17.44
user_022,G9_S1_SYS_CIRCUL,0,16.03
user_022,G9_S1_SYS_CIRCUL,0,18.9
user_022,G9_S1_SYS_CIRCUL,0,18.65
user_022,G9_S1_SYS_CIRCUL,0,20.83
user_022,G9_S1_SYS_CIRCUL,0,20.09
user_022,G9_S1_SYS_CIRCUL,0,24.97
user_022,G9_S1_SYS_CIRCUL,1,23.08
user_022,G9_S1_SYS_CIRCUL,1,16.9
user_022,G9_S2_RHY_EARTH,0,26.6
user_022,G9_S2_RHY_EARTH,0,22.49
user_022,G9_S2_RHY_EARTH,0,18.93
user_022,G9_S2_RHY_EARTH,1,17.73
user_022,G9_S2_RHY_EARTH,0,15.44
user_022,G9_S2_RHY_EARTH,1,17.62
user_022,G9_S2_RHY_EARTH,1,14.61
user_022,G9_S2_RHY_EARTH,1,13.46
user_022,G9_S2_RHY_EARTH,1,14.55
user_022,G9_S2_RHY_EARTH,1,12.83
user_022,G9_S2_RHY_EARTH,1,16.47
user_022,G9_S2_RHY_EARTH,1,17.3
user_022,G9_S2_RHY_CLIMATE,0,22.25
user_022,G9_S2_RHY_CLIMATE,0,25.81
user_022,G9_S2_RHY_CLIMATE,1,23.09
user_022,G9_S2_RHY_CLIMATE,0,17.47
user_022,G9_S2_RHY_CLIMATE,0,24.16
user_022,G9_S2_RHY_CLIMATE,0,25.02
user_022,G9_S2_RHY_CLIMATE,1,22.1
user_022,G9_S2_RHY_CLIMATE,0,15.75
user_022,G9_S2_RHY_CLIMATE,0,17.38
user_022,G9_S2_RHY_CLIMATE,1,23.48
user_022,G9_S2_RHY_CLIMATE,1,17.24
user_022,G9_S2_RHY_CLIMATE,0,20.08
user_022,G9_S3_LIG_REFRAC,0,20.41
user_022,G9_S3_LIG_REFRAC,0,19.08
user_022,G9_S3_LIG_REFRAC,0,23.69
user_022,G9_S3_LIG_REFRAC,1,23.67
user_022,G9_S3_LIG_REFRAC,1,13.27
user_022,G9_S3_LIG_REFRAC,1,13.42
user_022,G9_S3_LIG_REFRAC,1,8.64
user_022,G9_S3_LIG_REFRAC,0,16.4
user_022,G9_S3_LIG_REFRAC,1,13.04
user_022,G9_S3_LIG_REFRAC,1,11.01
user_022,G9_S3_LIG_REFRAC,1,12.57
user_022,G9_S3_LIG_REFRAC,1,13.46
user_022,G9_S3_LIG_LENSES,0,26.12
user_022,G9_S3_LIG_LENSES,0,22.76
user_022,G9_S3_LIG_LENSES,0,19.6
user_022,G9_S3_LIG_LENSES,0,19.73
user_022,G9_S3_LIG_LENSES,0,26.61
user_022,G9_S3_LIG_LENSES,1,25.71
user_022,G9_S3_LIG_LENSES,0,20.63
user_022,G9_S3_LIG_LENSES,0,21.2
user_022,G9_S3_LIG_LENSES,1,22.11
user_022,G9_S3_LIG_LENSES,0,19.13
user_022,G9_S3_LIG_LENSES,0,19.29
user_022,G9_S3_LIG_LENSES,1,23.56
user_022,G9_S4_SOU_PROPAG,0,21.86
user_022,G9_S4_SOU_PROPAG,1,20.73
user_022,G9_S4_SOU_PROPAG,1,18.1
user_022,G9_S4_SOU_PROPAG,1,11.42
user_022,G9_S4_SOU_PROPAG,1,16.19
user_022,G9_S4_SOU_PROPAG,1,16.42
user_022,G9_S4_SOU_PROPAG,1,12.13
user_022,G9_S4_SOU_PROPAG,1,8.34
user_022,G9_S4_SOU_PROPAG,1,10.81
user_022,G9_S4_SOU_PROPAG,1,8.1
user_022,G9_S4_SOU_PROPAG,1,16.67
user_022,G9_S4_SOU_PROPAG,1,9.04
user_022,G9_S4_SOU_HEARING,0,21.8
user_022,G9_S4_SOU_HEARING,1,18.1
user_022,G9_S4_SOU_HEARING,0,12.6
user_022,G9_S4_SOU_HEARING,0,21.54
user_022,G9_S4_SOU_HEARING,0,20.93
user_022,G9_S4_SOU_HEARING,0,20.01
user_022,G9_S4_SOU_HEARING,1,26.11
user_022,G9_S4_SOU_HEARING,1,20.39
user_022,G9_S4_SOU_HEARING,1,7.45
user_022,G9_S4_SOU_HEARING,0,12.58
user_022,G9_S4_SOU_HEARING,0,10.83
user_022,G9_S4_SOU_HEARING,0,17.14
user_022,G9_S5_HEA_EXPANS,0,24.31
user_022,G9_S5_HEA_EXPANS,1,19.22
user_022,G9_S5_HEA_EXPANS,1,20.44
user_022,G9_S5_HEA_EXPANS,1,14.13
user_022,G9_S5_HEA_EXPANS,1,12.9
user_022,G9_S5_HEA_EXPANS,1,9.76
user_022,G9_S5_HEA_EXPANS,1,9.57
user_022,G9_S5_HEA_EXPANS,1,12.1
user_022,G9_S5_HEA_EXPANS,0,11.44
user_022,G9_S5_HEA_EXPANS,1,14.05
user_022,G9_S5_HEA_EXPANS,1,6.5
user_022,G9_S5_HEA_EXPANS,1,12.13
user_022,G9_S5_HEA_TRANSF,0,27.74
user_022,G9_S5_HEA_TRANSF,1,21.93
user_022,G9_S5_HEA_TRANSF,1,17.57
user_022,G9_S5_HEA_TRANSF,1,12.46
user_022,G9_S5_HEA_TRANSF,1,14.92
user_022,G9_S5_HEA_TRANSF,1,13.32
user_022,G9_S5_HEA_TRANSF,1,12.37
user_022,G9_S5_HEA_TRANSF,1,12.65
user_022,G9_S5_HEA_TRANSF,1,11.25
user_022,G9_S5_HEA_TRANSF,1,13.63
user_022,G9_S5_HEA_TRANSF,1,13.52
user_022,G9_S5_HEA_TRANSF,0,11.81
user_022,G9_S6_NAT_ATOMS,0,20.96
user_022,G9_S6_NAT_ATOMS,0,22.57
user_022,G9_S6_NAT_ATOMS,1,24.13
user_022,G9_S6_NAT_ATOMS,1,19.21
user_022,G9_S6_NAT_ATOMS,1,12.37
user_022,G9_S6_NAT_ATOMS,1,9.67
user_022,G9_S6_NAT_ATOMS,1,14.73
user_022,G9_S6_NAT_ATOMS,1,13.08
user_022,G9_S6_NAT_ATOMS,1,13.8
user_022,G9_S6_NAT_ATOMS,1,8.71
user_022,G9_S6_NAT_ATOMS,1,13.0
user_022,G9_S6_NAT_ATOMS,1,14.29
user_022,G9_S6_NAT_CONFIG,1,25.7
user_022,G9_S6_NAT_CONFIG,1,22.73
user_022,G9_S6_NAT_CONFIG,0,14.36
user_022,G9_S6_NAT_CONFIG,1,13.73
user_022,G9_S6_NAT_CONFIG,0,15.61
user_022,G9_S6_NAT_CONFIG,1,21.94
user_022,G9_S6_NAT_CONFIG,0,19.24
user_022,G9_S6_NAT_CONFIG,1,20.73
user_022,G9_S6_NAT_CONFIG,1,15.8
user_022,G9_S6_NAT_CONFIG,1,10.93
user_022,G9_S6_NAT_CONFIG,1,10.16
user_022,G9_S6_NAT_CONFIG,1,17.32
user_022,G9_S7_ACI_SALTS,0,21.19
user_022,G9_S7_ACI_SALTS,0,20.4
user_022,G9_S7_ACI_SALTS,0,20.93
user_022,G9_S7_ACI_SALTS,1,23.35
user_022,G9_S7_ACI_SALTS,1,15.99
user_022,G9_S7_ACI_SALTS,1,13.38
user_022,G9_S7_ACI_SALTS,1,11.89
user_022,G9_S7_ACI_SALTS,1,12.59
user_022,G9_S7_ACI_SALTS,1,12.75
user_022,G9_S7_ACI_SALTS,1,10.21
user_022,G9_S7_ACI_SALTS,1,8.23
user_022,G9_S7_ACI_SALTS,1,12.25
user_022,G9_S7_ACI_NEUTRAL,0,20.92
user_022,G9_S7_ACI_NEUTRAL,1,21.4
user_022,G9_S7_ACI_NEUTRAL,1,13.37
user_022,G9_S7_ACI_NEUTRAL,1,13.87
user_022,G9_S7_ACI_NEUTRAL,1,20.15
user_022,G9_S7_ACI_NEUTRAL,1,9.69
user_022,G9_S7_ACI_NEUTRAL,1,10.03
user_022,G9_S7_ACI_NEUTRAL,1,14.54
user_022,G9_S7_ACI_NEUTRAL,1,5.78
user_022,G9_S7_ACI_NEUTRAL,1,13.94
user_022,G9_S7_ACI_NEUTRAL,1,14.76
user_022,G9_S7_ACI_NEUTRAL,1,10.33
user_023,G6_S1_ORG_CHARS,0,22.58
user_023,G6_S1_ORG_CHARS,1,24.19
user_023,G6_S1_ORG_CHARS,0,18.38
user_023,G6_S1_ORG_CHARS,0,25.29
user_023,G6_S1_ORG_CHARS,0,22.43
user_023,G6_S1_ORG_CHARS,1,24.44
user_023,G6_S1_ORG_CHARS,1,23.47
user_023,G6_S1_ORG_CHARS,0,14.24
user_023,G6_S1_ORG_CHARS,1,19.32
user_023,G6_S1_ORG_CHARS,1,19.04
user_023,G6_S1_ORG_CHARS,1,13.75
user_023,G6_S1_ORG_CHARS,1,12.67
user_023,G6_S1_ORG_CLASS,0,15.08
user_023,G6_S1_ORG_CLASS,0,27.26
user_023,G6_S1_ORG_CLASS,0,29.09
user_023,G6_S1_ORG_CLASS,0,22.98
user_023,G6_S1_ORG_CLASS,0,26.77
user_023,G6_S1_ORG_CLASS,0,29.22
user_023,G6_S1_ORG_CLASS,1,26.96
user_023,G6_S1_ORG_CLASS,0,18.35
user_023,G6_S1_ORG_CLASS,1,17.52
user_023,G6_S1_ORG_CLASS,0,15.5
user_023,G6_S1_ORG_CLASS,0,24.07
user_023,G6_S1_ORG_CLASS,0,20.52
user_023,G6_S2_MAT_STATES,0,22.37
user_023,G6_S2_MAT_STATES,1,21.37
user_023,G6_S2_MAT_STATES,0,18.39
user_023,G6_S2_MAT_STATES,1,21.12
user_023,G6_S2_MAT_STATES,1,19.27
user_023,G6_S2_MAT_STATES,0,11.63
user_023,G6_S2_MAT_STATES,1,21.5
user_023,G6_S2_MAT_STATES,0,19.16
user_023,G6_S2_MAT_STATES,1,20.65
user_023,G6_S2_MAT_STATES,1,16.05
user_023,G6_S2_MAT_STATES,1,13.77
user_023,G6_S2_MAT_STATES,1,14.1
user_023,G6_S2_MAT_PROPS,0,22.87
user_023,G6_S2_MAT_PROPS,0,24.89
user_023,G6_S2_MAT_PROPS,1,25.06
user_023,G6_S2_MAT_PROPS,1,17.96
user_023,G6_S2_MAT_PROPS,1,14.55
user_023,G6_S2_MAT_PROPS,1,18.1
user_023,G6_S2_MAT_PROPS,1,14.11
user_023,G6_S2_MAT_PROPS,1,11.98
user_023,G6_S2_MAT_PROPS,1,12.49
user_023,G6_S2_MAT_PROPS,1,15.23
user_023,G6_S2_MAT_PROPS,1,15.22
user_023,G6_S2_MAT_PROPS,1,12.53
user_023,G6_S4_ENE_SOURCES,1,19.87
user_023,G6_S4_ENE_SOURCES,1,20.66
user_023,G6_S4_ENE_SOURCES,1,12.43
user_023,G6_S4_ENE_SOURCES,1,13.82
user_023,G6_S4_ENE_SOURCES,1,15.29
user_023,G6_S4_ENE_SOURCES,1,11.88
user_023,G6_S4_ENE_SOURCES,1,13.48
user_023,G6_S4_ENE_SOURCES,1,11.55
user_023,G6_S4_ENE_SOURCES,1,12.31
user_023,G6_S4_ENE_SOURCES,1,6.74
user_023,G6_S4_ENE_SOURCES,1,13.43
user_023,G6_S4_ENE_SOURCES,1,15.59
user_023,G6_S8_ELE_CIRCUITS,0,19.6
user_023,G6_S8_ELE_CIRCUITS,0,22.9
user_023,G6_S8_ELE_CIRCUITS,0,21.68
user_023,G6_S8_ELE_CIRCUITS,0,24.01
user_023,G6_S8_ELE_CIRCUITS,0,23.85
user_023,G6_S8_ELE_CIRCUITS,1,26.8
user_023,G6_S8_ELE_CIRCUITS,1,16.46
user_023,G6_S8_ELE_CIRCUITS,1,12.77
user_023,G6_S8_ELE_CIRCUITS,1,6.96
user_023,G6_S8_ELE_CIRCUITS,1,10.18
user_023,G6_S8_ELE_CIRCUITS,1,13.98
user_023,G6_S8_ELE_CIRCUITS,1,15.96
user_023,G6_S8_ELE_CONDINS,1,21.96
user_023,G6_S8_ELE_CONDINS,0,17.23
user_023,G6_S8_ELE_CONDINS,0,25.57
user_023,G6_S8_ELE_CONDINS,1,25.94
user_023,G6_S8_ELE_CONDINS,1,18.67
user_023,G6_S8_ELE_CONDINS,1,15.0
user_023,G6_S8_ELE_CONDINS,0,11.9
user_023,G6_S8_ELE_CONDINS,1,16.98
user_023,G6_S8_ELE_CONDINS,0,11.42
user_023,G6_S8_ELE_CONDINS,1,17.22
user_023,G6_S8_ELE_CONDINS,0,12.53
user_023,G6_S8_ELE_CONDINS,0,18.03
user_023,G7_S1_PLA_DIVER,0,18.88
user_023,G7_S1_PLA_DIVER,0,25.35
user_023,G7_S1_PLA_DIVER,0,24.75
user_023,G7_S1_PLA_DIVER,0,18.75
user_023,G7_S1_PLA_DIVER,1,26.35
user_023,G7_S1_PLA_DIVER,0,14.05
user_023,G7_S1_PLA_DIVER,0,27.9
user_023,G7_S1_PLA_DIVER,0,26.28
user_023,G7_S1_PLA_DIVER,0,24.83
user_023,G7_S1_PLA_DIVER,0,21.66
user_023,G7_S1_PLA_DIVER,0,21.07
user_023,G7_S1_PLA_DIVER,0,23.18
user_023,G7_S1_PLA_CLASSIF,0,20.19
user_023,G7_S1_PLA_CLASSIF,1,21.48
user_023,G7_S1_PLA_CLASSIF,1,19.43
user_023,G7_S1_PLA_CLASSIF,1,15.9
user_023,G7_S1_PLA_CLASSIF,1,15.35
user_023,G7_S1_PLA_CLASSIF,1,13.26
user_023,G7_S1_PLA_CLASSIF,1,17.23
user_023,G7_S1_PLA_CLASSIF,0,11.54
user_023,G7_S1_PLA_CLASSIF,1,9.58
user_023,G7_S1_PLA_CLASSIF,1,13.02
user_023,G7_S1_PLA_CLASSIF,1,14.42
user_023,G7_S1_PLA_CLASSIF,1,10.83
user_023,G7_S2_STA_CHARGES,0,21.98
user_023,G7_S2_STA_CHARGES,1,22.83
user_023,G7_S2_STA_CHARGES,1,19.45
user_023,G7_S2_STA_CHARGES,0,15.02
user_023,G7_S2_STA_CHARGES,0,22.81
user_023,G7_S2_STA_CHARGES,0,26.94
user_023,G7_S2_STA_CHARGES,0,29.1
user_023,G7_S2_STA_CHARGES,0,23.04
user_023,G7_S2_STA_CHARGES,0,19.2
user_023,G7_S2_STA_CHARGES,0,22.66
user_023,G7_S2_STA_CHARGES,0,22.1
user_023,G7_S2_STA_CHARGES,0,23.27
user_023,G7_S2_STA_CAPACIT,0,21.01
user_023,G7_S2_STA_CAPACIT,0,20.23
user_023,G7_S2_STA_CAPACIT,0,25.44
user_023,G7_S2_STA_CAPACIT,0,22.49
user_023,G7_S2_STA_CAPACIT,0,18.93
user_023,G7_S2_STA_CAPACIT,0,20.28
user_023,G7_S2_STA_CAPACIT,0,25.19
user_023,G7_S2_STA_CAPACIT,1,22.62
user_023,G7_S2_STA_CAPACIT,0,20.72
user_023,G7_S2_STA_CAPACIT,0,23.49
user_023,G7_S2_STA_CAPACIT,0,19.88
user_023,G7_S2_STA_CAPACIT,0,18.53
user_023,G7_S3_ELE_SOURCES,0,18.44
user_023,G7_S3_ELE_SOURCES,1,25.8
user_023,G7_S3_ELE_SOURCES,1,15.51
user_023,G7_S3_ELE_SOURCES,1,16.12
user_023,G7_S3_ELE_SOURCES,1,11.15
user_023,G7_S3_ELE_SOURCES,1,11.34
user_023,G7_S3_ELE_SOURCES,1,10.13
user_023,G7_S3_ELE_SOURCES,1,14.84
user_023,G7_S3_ELE_SOURCES,1,10.43
user_023,G7_S3_ELE_SOURCES,1,12.79
user_023,G7_S3_ELE_SOURCES,1,10.97
user_023,G7_S3_ELE_SOURCES,1,10.75
user_023,G7_S3_ELE_CURRENTS,1,19.01
user_023,G7_S3_ELE_CURRENTS,1,19.3
user_023,G7_S3_ELE_CURRENTS,1,13.91
user_023,G7_S3_ELE_CURRENTS,1,9.84
user_023,G7_S3_ELE_CURRENTS,1,13.06
user_023,G7_S3_ELE_CURRENTS,1,15.61
user_023,G7_S3_ELE_CURRENTS,1,8.1
user_023,G7_S3_ELE_CURRENTS,1,13.78
user_023,G7_S3_ELE_CURRENTS,1,18.33
user_023,G7_S3_ELE_CURRENTS,1,13.45
user_023,G7_S3_ELE_CURRENTS,1,10.6
user_023,G7_S3_ELE_CURRENTS,1,11.85
user_023,G7_S4_WAT_SOLVENT,0,20.91
user_023,G7_S4_WAT_SOLVENT,0,22.06
user_023,G7_S4_WAT_SOLVENT,0,21.21
user_023,G7_S4_WAT_SOLVENT,0,21.65
user_023,G7_S4_WAT_SOLVENT,1,26.68
user_023,G7_S4_WAT_SOLVENT,1,16.71
user_023,G7_S4_WAT_SOLVENT,1,15.76
user_023,G7_S4_WAT_SOLVENT,1,18.6
user_023,G7_S4_WAT_SOLVENT,1,17.15
user_023,G7_S4_WAT_SOLVENT,1,12.19
user_023,G7_S4_WAT_SOLVENT,1,10.91
user_023,G7_S4_WAT_SOLVENT,1,7.73
user_023,G7_S4_WAT_COOLANT,1,22.17
user_023,G7_S4_WAT_COOLANT,1,17.81
user_023,G7_S4_WAT_COOLANT,1,12.19
user_023,G7_S4_WAT_COOLANT,1,12.65
user_023,G7_S4_WAT_COOLANT,1,11.91
user_023,G7_S4_WAT_COOLANT,1,14.6
user_023,G7_S4_WAT_COOLANT,1,9.19
user_023,G7_S4_WAT_COOLANT,0,4.34
user_023,G7_S4_WAT_COOLANT,1,12.48
user_023,G7_S4_WAT_COOLANT,1,12.72
user_023,G7_S4_WAT_COOLANT,1,14.06
user_023,G7_S4_WAT_COOLANT,1,14.28
user_023,G7_S5_ACI_IDENTIF,0,21.11
user_023,G7_S5_ACI_IDENTIF,0,22.82
user_023,G7_S5_ACI_IDENTIF,0,21.67
user_023,G7_S5_ACI_IDENTIF,1,18.81
user_023,G7_S5_ACI_IDENTIF,0,20.89
user_023,G7_S5_ACI_IDENTIF,1,22.41
user_023,G7_S5_ACI_IDENTIF,1,22.96
user_023,G7_S5_ACI_IDENTIF,1,16.44
user_023,G7_S5_ACI_IDENTIF,0,12.1
user_023,G7_S5_ACI_IDENTIF,0,18.58
user_023,G7_S5_ACI_IDENTIF,1,22.54
user_023,G7_S5_ACI_IDENTIF,1,14.95
user_023,G7_S5_ACI_INDICAT,1,22.85
user_023,G7_S5_ACI_INDICAT,0,20.43
user_023,G7_S5_ACI_INDICAT,0,21.4
user_023,G7_S5_ACI_INDICAT,0,24.09
user_023,G7_S5_ACI_INDICAT,0,20.04
user_023,G7_S5_ACI_INDICAT,0,25.39
user_023,G7_S5_ACI_INDICAT,0,23.0
user_023,G7_S5_ACI_INDICAT,0,22.28
user_023,G7_S5_ACI_INDICAT,0,22.85
user_023,G7_S5_ACI_INDICAT,1,19.25
user_023,G7_S5_ACI_INDICAT,1,19.59
user_023,G7_S5_ACI_INDICAT,1,14.94
user_023,G7_S6_ANI_CLASSIF,0,20.23
user_023,G7_S6_ANI_CLASSIF,1,26.18
user_023,G7_S6_ANI_CLASSIF,1,21.32
user_023,G7_S6_ANI_CLASSIF,1,11.84
user_023,G7_S6_ANI_CLASSIF,1,13.68
user_023,G7_S6_ANI_CLASSIF,0,13.6
user_023,G7_S6_ANI_CLASSIF,1,15.32
user_023,G7_S6_ANI_CLASSIF,1,13.52
user_023,G7_S6_ANI_CLASSIF,1,10.03
user_023,G7_S6_ANI_CLASSIF,1,12.72
user_023,G7_S6_ANI_CLASSIF,1,11.1
user_023,G7_S6_ANI_CLASSIF,1,15.58
user_023,G7_S6_ANI_ADAPTAT,0,23.79
user_023,G7_S6_ANI_ADAPTAT,0,21.68
user_023,G7_S6_ANI_ADAPTAT,0,28.07
user_023,G7_S6_ANI_ADAPTAT,0,23.04
user_023,G7_S6_ANI_ADAPTAT,0,21.86
user_023,G7_S6_ANI_ADAPTAT,1,22.8
user_023,G7_S6_ANI_ADAPTAT,0,17.13
user_023,G7_S6_ANI_ADAPTAT,1,24.09
user_023,G7_S6_ANI_ADAPTAT,1,18.3
user_023,G7_S6_ANI_ADAPTAT,1,15.63
user_023,G7_S6_ANI_ADAPTAT,1,14.1
user_023,G7_S6_ANI_ADAPTAT,1,15.36
user_023,G7_S7_ENE_FORMS,0,21.92
user_023,G7_S7_ENE_FORMS,1,19.81
user_023,G7_S7_ENE_FORMS,1,19.73
user_023,G7_S7_ENE_FORMS,1,20.75
user_023,G7_S7_ENE_FORMS,1,15.59
user_023,G7_S7_ENE_FORMS,1,11.72
user_023,G7_S7_ENE_FORMS,1,15.63
user_023,G7_S7_ENE_FORMS,1,8.58
user_023,G7_S7_ENE_FORMS,1,8.88
user_023,G7_S7_ENE_FORMS,1,11.88
user_023,G7_S7_ENE_FORMS,1,7.98
user_023,G7_S7_ENE_FORMS,1,10.69
user_023,G7_S7_ENE_TRANSF,0,16.86
user_023,G7_S7_ENE_TRANSF,1,27.27
user_023,G7_S7_ENE_TRANSF,0,16.22
user_023,G7_S7_ENE_TRANSF,1,24.25
user_023,G7_S7_ENE_TRANSF,0,22.01
user_023,G7_S7_ENE_TRANSF,0,17.3
user_023,G7_S7_ENE_TRANSF,0,19.47
user_023,G7_S7_ENE_TRANSF,0,21.74
user_023,G7_S7_ENE_TRANSF,0,22.4
user_023,G7_S7_ENE_TRANSF,0,22.57
user_023,G7_S7_ENE_TRANSF,0,26.14
user_023,G7_S7_ENE_TRANSF,0,23.56
user_023,G7_S8_EAR_STRUCT,1,21.76
user_023,G7_S8_EAR_STRUCT,1,15.84
user_023,G7_S8_EAR_STRUCT,1,17.64
user_023,G7_S8_EAR_STRUCT,1,13.83
user_023,G7_S8_EAR_STRUCT,1,9.17
user_023,G7_S8_EAR_STRUCT,1,8.02
user_023,G7_S8_EAR_STRUCT,1,10.46
user_023,G7_S8_EAR_STRUCT,1,10.51
user_023,G7_S8_EAR_STRUCT,0,12.78
user_023,G7_S8_EAR_STRUCT,1,12.05
user_023,G7_S8_EAR_STRUCT,1,10.87
user_023,G7_S8_EAR_STRUCT,1,13.3
user_023,G7_S8_EAR_TECTON,1,19.06
user_023,G7_S8_EAR_TECTON,1,18.88
user_023,G7_S8_EAR_TECTON,1,15.12
user_023,G7_S8_EAR_TECTON,1,8.06
user_023,G7_S8_EAR_TECTON,1,12.55
user_023,G7_S8_EAR_TECTON,1,13.53
user_023,G7_S8_EAR_TECTON,1,10.58
user_023,G7_S8_EAR_TECTON,1,10.52
user_023,G7_S8_EAR_TECTON,0,11.91
user_023,G7_S8_EAR_TECTON,1,13.88
user_023,G7_S8_EAR_TECTON,1,13.62
user_023,G7_S8_EAR_TECTON,1,11.75
user_023,G7_S9_LIG_SHADOWS,0,25.67
user_023,G7_S9_LIG_SHADOWS,1,18.34
user_023,G7_S9_LIG_SHADOWS,0,17.18
user_023,G7_S9_LIG_SHADOWS,0,26.84
user_023,G7_S9_LIG_SHADOWS,1,23.25
user_023,G7_S9_LIG_SHADOWS,0,24.97
user_023,G7_S9_LIG_SHADOWS,0,18.49
user_023,G7_S9_LIG_SHADOWS,1,22.04
user_023,G7_S9_LIG_SHADOWS,0,14.5
user_023,G7_S9_LIG_SHADOWS,0,23.75
user_023,G7_S9_LIG_SHADOWS,0,20.25
user_023,G7_S9_LIG_SHADOWS,0,21.3
user_023,G7_S9_LIG_MIRRORS,1,21.55
user_023,G7_S9_LIG_MIRRORS,1,15.41
user_023,G7_S9_LIG_MIRRORS,1,18.65
user_023,G7_S9_LIG_MIRRORS,1,15.88
user_023,G7_S9_LIG_MIRRORS,1,13.35
user_023,G7_S9_LIG_MIRRORS,1,11.02
user_023,G7_S9_LIG_MIRRORS,1,16.44
user_023,G7_S9_LIG_MIRRORS,1,10.21
user_023,G7_S9_LIG_MIRRORS,1,13.95
user_023,G7_S9_LIG_MIRRORS,1,13.44
user_023,G7_S9_LIG_MIRRORS,1,9.71
user_023,G7_S9_LIG_MIRRORS,1,12.67
user_023,G7_S10_MIC_LIGHT,0,21.91
user_023,G7_S10_MIC_LIGHT,0,20.63
user_023,G7_S10_MIC_LIGHT,1,25.54
user_023,G7_S10_MIC_LIGHT,0,20.33
user_023,G7_S10_MIC_LIGHT,0,24.37
user_023,G7_S10_MIC_LIGHT,0,20.11
user_023,G7_S10_MIC_LIGHT,1,20.45
user_023,G7_S10_MIC_LIGHT,0,19.35
user_023,G7_S10_MIC_LIGHT,0,24.2
user_023,G7_S10_MIC_LIGHT,0,19.15
user_023,G7_S10_MIC_LIGHT,0,22.5
user_023,G7_S10_MIC_LIGHT,0,17.85
user_023,G7_S10_MIC_ELECTR,0,20.97
user_023,G7_S10_MIC_ELECTR,1,22.53
user_023,G7_S10_MIC_ELECTR,1,18.5
user_023,G7_S10_MIC_ELECTR,1,16.35
user_023,G7_S10_MIC_ELECTR,1,14.67
user_023,G7_S10_MIC_ELECTR,1,9.67
user_023,G7_S10_MIC_ELECTR,1,8.72
user_023,G7_S10_MIC_ELECTR,0,9.6
user_023,G7_S10_MIC_ELECTR,1,11.44
user_023,G7_S10_MIC_ELECTR,0,14.8
user_023,G7_S10_MIC_ELECTR,1,12.66
user_023,G7_S10_MIC_ELECTR,1,9.01
user_023,G8_S1_BIO_DIVER,0,21.0
user_023,G8_S1_BIO_DIVER,0,26.57
user_023,G8_S1_BIO_DIVER,0,20.43
user_023,G8_S1_BIO_DIVER,0,22.85
user_023,G8_S1_BIO_DIVER,0,23.62
user_023,G8_S1_BIO_DIVER,1,21.93
user_023,G8_S1_BIO_DIVER,1,22.09
user_023,G8_S1_BIO_DIVER,0,12.61
user_023,G8_S1_BIO_DIVER,1,17.56
user_023,G8_S1_BIO_DIVER,1,14.38
user_023,G8_S1_BIO_DIVER,1,13.09
user_023,G8_S1_BIO_DIVER,1,14.65
user_023,G8_S1_BIO_CLASSIF,0,20.29
user_023,G8_S1_BIO_CLASSIF,0,22.06
user_023,G8_S1_BIO_CLASSIF,0,27.05
user_023,G8_S1_BIO_CLASSIF,0,19.46
user_023,G8_S1_BIO_CLASSIF,1,21.33
user_023,G8_S1_BIO_CLASSIF,0,19.67
user_023,G8_S1_BIO_CLASSIF,0,20.38
user_023,G8_S1_BIO_CLASSIF,1,20.26
user_023,G8_S1_BIO_CLASSIF,1,19.57
user_023,G8_S1_BIO_CLASSIF,0,19.35
user_023,G8_S1_BIO_CLASSIF,0,17.01
user_023,G8_S1_BIO_CLASSIF,0,22.59
user_023,G8_S2_TIS_PLANT,1,20.94
user_023,G8_S2_TIS_PLANT,0,21.84
user_023,G8_S2_TIS_PLANT,0,18.23
user_023,G8_S2_TIS_PLANT,0,22.9
user_023,G8_S2_TIS_PLANT,1,24.6
user_023,G8_S2_TIS_PLANT,1,19.7
user_023,G8_S2_TIS_PLANT,1,13.03
user_023,G8_S2_TIS_PLANT,1,11.22
user_023,G8_S2_TIS_PLANT,0,12.57
user_023,G8_S2_TIS_PLANT,1,13.05
user_023,G8_S2_TIS_PLANT,1,8.49
user_023,G8_S2_TIS_PLANT,1,10.75
user_023,G8_S2_TIS_ANIMAL,0,19.93
user_023,G8_S2_TIS_ANIMAL,0,26.52
user_023,G8_S2_TIS_ANIMAL,0,25.15
user_023,G8_S2_TIS_ANIMAL,0,22.07
user_023,G8_S2_TIS_ANIMAL,0,23.24
user_023,G8_S2_TIS_ANIMAL,0,24.99
user_023,G8_S2_TIS_ANIMAL,0,21.24
user_023,G8_S2_TIS_ANIMAL,0,18.2
user_023,G8_S2_TIS_ANIMAL,0,18.84
user_023,G8_S2_TIS_ANIMAL,1,21.18
user_023,G8_S2_TIS_ANIMAL,1,24.07
user_023,G8_S2_TIS_ANIMAL,1,16.31
user_023,G8_S3_PHO_PROCESS,0,22.31
user_023,G8_S3_PHO_PROCESS,1,21.89
user_023,G8_S3_PHO_PROCESS,1,17.98
user_023,G8_S3_PHO_PROCESS,1,16.95
user_023,G8_S3_PHO_PROCESS,1,14.97
user_023,G8_S3_PHO_PROCESS,1,15.24
user_023,G8_S3_PHO_PROCESS,1,12.74
user_023,G8_S3_PHO_PROCESS,0,15.19
user_023,G8_S3_PHO_PROCESS,1,8.41
user_023,G8_S3_PHO_PROCESS,0,8.24
user_023,G8_S3_PHO_PROCESS,1,11.49
user_023,G8_S3_PHO_PROCESS,0,14.08
user_023,G8_S3_PHO_IMPORT,0,25.26
user_023,G8_S3_PHO_IMPORT,0,22.31
user_023,G8_S3_PHO_IMPORT,1,24.65
user_023,G8_S3_PHO_IMPORT,0,21.13
user_023,G8_S3_PHO_IMPORT,0,21.17
user_023,G8_S3_PHO_IMPORT,0,21.97
user_023,G8_S3_PHO_IMPORT,1,25.04
user_023,G8_S3_PHO_IMPORT,1,20.57
user_023,G8_S3_PHO_IMPORT,1,17.56
user_023,G8_S3_PHO_IMPORT,1,17.07
user_023,G8_S3_PHO_IMPORT,1,11.04
user_023,G8_S3_PHO_IMPORT,1,11.55
user_023,G8_S4_MAT_ELEMENTS,1,25.83
user_023,G8_S4_MAT_ELEMENTS,1,17.96
user_023,G8_S4_MAT_ELEMENTS,1,12.45
user_023,G8_S4_MAT_ELEMENTS,1,12.96
user_023,G8_S4_MAT_ELEMENTS,0,9.12
user_023,G8_S4_MAT_ELEMENTS,1,13.21
user_023,G8_S4_MAT_ELEMENTS,1,15.33
user_023,G8_S4_MAT_ELEMENTS,1,11.15
user_023,G8_S4_MAT_ELEMENTS,1,9.83
user_023,G8_S4_MAT_ELEMENTS,1,12.86
user_023,G8_S4_MAT_ELEMENTS,1,12.86
user_023,G8_S4_MAT_ELEMENTS,1,11.07
user_023,G8_S4_MAT_COMPOUNDS,1,21.21
user_023,G8_S4_MAT_COMPOUNDS,1,18.07
user_023,G8_S4_MAT_COMPOUNDS,1,12.46
user_023,G8_S4_MAT_COMPOUNDS,1,13.71
user_023,G8_S4_MAT_COMPOUNDS,1,10.59
user_023,G8_S4_MAT_COMPOUNDS,1,13.17
user_023,G8_S4_MAT_COMPOUNDS,1,8.34
user_023,G8_S4_MAT_COMPOUNDS,1,10.67
user_023,G8_S4_MAT_COMPOUNDS,1,10.07
user_023,G8_S4_MAT_COMPOUNDS,1,10.65
user_023,G8_S4_MAT_COMPOUNDS,1,10.46
user_023,G8_S4_MAT_COMPOUNDS,1,9.79
user_023,G8_S5_MAT_DENSITY,0,17.84
user_023,G8_S5_MAT_DENSITY,0,24.26
user_023,G8_S5_MAT_DENSITY,0,21.59
user_023,G8_S5_MAT_DENSITY,0,25.43
user_023,G8_S5_MAT_DENSITY,0,24.96
user_023,G8_S5_MAT_DENSITY,0,21.98
user_023,G8_S5_MAT_DENSITY,0,19.32
user_023,G8_S5_MAT_DENSITY,1,21.14
user_023,G8_S5_MAT_DENSITY,0,17.77
user_023,G8_S5_MAT_DENSITY,0,23.98
user_023,G8_S5_MAT_DENSITY,1,22.25
user_023,G8_S5_MAT_DENSITY,1,18.37
user_023,G8_S5_MAT_THERMAL,0,23.37
user_023,G8_S5_MAT_THERMAL,0,18.84
user_023,G8_S5_MAT_THERMAL,0,23.44
user_023,G8_S5_MAT_THERMAL,0,21.01
user_023,G8_S5_MAT_THERMAL,0,15.85
user_023,G8_S5_MAT_THERMAL,0,26.72
user_023,G8_S5_MAT_THERMAL,0,27.87
user_023,G8_S5_MAT_THERMAL,1,27.67
user_023,G8_S5_MAT_THERMAL,1,20.32
user_023,G8_S5_MAT_THERMAL,1,14.96
user_023,G8_S5_MAT_THERMAL,1,17.11
user_023,G8_S5_MAT_THERMAL,1,12.09
user_023,G8_S6_CHA_PHYSICAL,0,25.64
user_023,G8_S6_CHA_PHYSICAL,1,26.66
user_023,G8_S6_CHA_PHYSICAL,1,16.59
user_023,G8_S6_CHA_PHYSICAL,1,15.89
user_023,G8_S6_CHA_PHYSICAL,0,12.86
user_023,G8_S6_CHA_PHYSICAL,1,16.7
user_023,G8_S6_CHA_PHYSICAL,1,12.58
user_023,G8_S6_CHA_PHYSICAL,1,17.45
user_023,G8_S6_CHA_PHYSICAL,1,11.53
user_023,G8_S6_CHA_PHYSICAL,1,12.19
user_023,G8_S6_CHA_PHYSICAL,1,9.01
user_023,G8_S6_CHA_PHYSICAL,0,10.32
user_023,G8_S6_CHA_BURNING,1,22.83
user_023,G8_S6_CHA_BURNING,0,15.68
user_023,G8_S6_CHA_BURNING,0,22.62
user_023,G8_S6_CHA_BURNING,0,20.42
user_023,G8_S6_CHA_BURNING,0,22.61
user_023,G8_S6_CHA_BURNING,0,22.71
user_023,G8_S6_CHA_BURNING,1,23.52
user_023,G8_S6_CHA_BURNING,1,19.04
user_023,G8_S6_CHA_BURNING,0,15.31
user_023,G8_S6_CHA_BURNING,1,19.37
user_023,G8_S6_CHA_BURNING,1,17.81
user_023,G8_S6_CHA_BURNING,1,16.7
user_023,G8_S7_FOR_TYPES,0,21.49
user_023,G8_S7_FOR_TYPES,0,23.61
user_023,G8_S7_FOR_TYPES,0,26.01
user_023,G8_S7_FOR_TYPES,1,19.94
user_023,G8_S7_FOR_TYPES,1,23.13
user_023,G8_S7_FOR_TYPES,1,20.14
user_023,G8_S7_FOR_TYPES,1,11.66
user_023,G8_S7_FOR_TYPES,1,12.56
user_023,G8_S7_FOR_TYPES,1,10.61
user_023,G8_S7_FOR_TYPES,1,15.17
user_023,G8_S7_FOR_TYPES,0,8.83
user_023,G8_S7_FOR_TYPES,1,18.13
user_023,G8_S7_FOR_PRESSURE,0,21.48
user_023,G8_S7_FOR_PRESSURE,1,23.54
user_023,G8_S7_FOR_PRESSURE,0,18.81
user_023,G8_S7_FOR_PRESSURE,1,22.11
user_023,G8_S7_FOR_PRESSURE,1,19.32
user_023,G8_S7_FOR_PRESSURE,1,16.19
user_023,G8_S7_FOR_PRESSURE,1,14.73
user_023,G8_S7_FOR_PRESSURE,1,10.32
user_023,G8_S7_FOR_PRESSURE,1,13.52
user_023,G8_S7_FOR_PRESSURE,1,16.69
user_023,G8_S7_FOR_PRESSURE,1,14.01
user_023,G8_S7_FOR_PRESSURE,1,12.73
user_023,G8_S8_STA_PHENOM,0,22.95
user_023,G8_S8_STA_PHENOM,0,22.62
user_023,G8_S8_STA_PHENOM,0,21.96
user_023,G8_S8_STA_PHENOM,0,22.06
user_023,G8_S8_STA_PHENOM,1,21.88
user_023,G8_S8_STA_PHENOM,1,20.57
user_023,G8_S8_STA_PHENOM,1,11.2
user_023,G8_S8_STA_PHENOM,1,14.44
user_023,G8_S8_STA_PHENOM,0,8.88
user_023,G8_S8_STA_PHENOM,1,12.09
user_023,G8_S8_STA_PHENOM,1,12.07
user_023,G8_S8_STA_PHENOM,1,13.41
user_023,G8_S8_STA_LIGHTNG,1,20.37
user_023,G8_S8_STA_LIGHTNG,0,16.61
user_023,G8_S8_STA_LIGHTNG,0,23.23
user_023,G8_S8_STA_LIGHTNG,0,27.82
user_023,G8_S8_STA_LIGHTNG,1,20.99
user_023,G8_S8_STA_LIGHTNG,0,23.88
user_023,G8_S8_STA_LIGHTNG,0,25.41
user_023,G8_S8_STA_LIGHTNG,1,20.47
user_023,G8_S8_STA_LIGHTNG,1,22.19
user_023,G8_S8_STA_LIGHTNG,1,16.45
user_023,G8_S8_STA_LIGHTNG,0,14.41
user_023,G8_S8_STA_LIGHTNG,1,18.97
user_023,G9_S1_SYS_DIGEST,1,22.8
user_023,G9_S1_SYS_DIGEST,1,17.78
user_023,G9_S1_SYS_DIGEST,1,9.89
user_023,G9_S1_SYS_DIGEST,1,15.61
user_023,G9_S1_SYS_DIGEST,1,13.72
user_023,G9_S1_SYS_DIGEST,1,12.94
user_023,G9_S1_SYS_DIGEST,1,13.3
user_023,G9_S1_SYS_DIGEST,1,14.47
user_023,G9_S1_SYS_DIGEST,1,12.9
user_023,G9_S1_SYS_DIGEST,1,13.61
user_023,G9_S1_SYS_DIGEST,1,10.4
user_023,G9_S1_SYS_DIGEST,1,14.43
user_023,G9_S1_SYS_CIRCUL,1,20.2
user_023,G9_S1_SYS_CIRCUL,1,18.21
user_023,G9_S1_SYS_CIRCUL,1,14.05
user_023,G9_S1_SYS_CIRCUL,1,13.0
user_023,G9_S1_SYS_CIRCUL,1,11.37
user_023,G9_S1_SYS_CIRCUL,1,12.29
user_023,G9_S1_SYS_CIRCUL,1,17.17
user_023,G9_S1_SYS_CIRCUL,1,12.39
user_023,G9_S1_SYS_CIRCUL,1,14.14
user_023,G9_S1_SYS_CIRCUL,1,9.09
user_023,G9_S1_SYS_CIRCUL,1,11.98
user_023,G9_S1_SYS_CIRCUL,1,12.22
user_023,G9_S2_RHY_EARTH,1,23.62
user_023,G9_S2_RHY_EARTH,0,18.46
user_023,G9_S2_RHY_EARTH,1,17.98
user_023,G9_S2_RHY_EARTH,1,19.96
user_023,G9_S2_RHY_EARTH,0,15.54
user_023,G9_S2_RHY_EARTH,0,16.82
user_023,G9_S2_RHY_EARTH,0,21.79
user_023,G9_S2_RHY_EARTH,1,26.2
user_023,G9_S2_RHY_EARTH,0,16.29
user_023,G9_S2_RHY_EARTH,0,23.9
user_023,G9_S2_RHY_EARTH,0,27.37
user_023,G9_S2_RHY_EARTH,0,21.79
user_023,G9_S2_RHY_CLIMATE,0,24.7
user_023,G9_S2_RHY_CLIMATE,1,23.6
user_023,G9_S2_RHY_CLIMATE,1,22.09
user_023,G9_S2_RHY_CLIMATE,1,17.81
user_023,G9_S2_RHY_CLIMATE,1,12.0
user_023,G9_S2_RHY_CLIMATE,1,13.7
user_023,G9_S2_RHY_CLIMATE,1,9.75
user_023,G9_S2_RHY_CLIMATE,1,9.57
user_023,G9_S2_RHY_CLIMATE,1,12.57
user_023,G9_S2_RHY_CLIMATE,1,12.66
user_023,G9_S2_RHY_CLIMATE,1,13.92
user_023,G9_S2_RHY_CLIMATE,1,10.98
user_023,G9_S3_LIG_REFRAC,0,22.46
user_023,G9_S3_LIG_REFRAC,0,21.67
user_023,G9_S3_LIG_REFRAC,1,21.03
user_023,G9_S3_LIG_REFRAC,1,20.19
user_023,G9_S3_LIG_REFRAC,0,14.62
user_023,G9_S3_LIG_REFRAC,1,21.05
user_023,G9_S3_LIG_REFRAC,1,13.09
user_023,G9_S3_LIG_REFRAC,1,14.09
user_023,G9_S3_LIG_REFRAC,1,16.66
user_023,G9_S3_LIG_REFRAC,1,12.24
user_023,G9_S3_LIG_REFRAC,1,12.39
user_023,G9_S3_LIG_REFRAC,1,10.28
user_023,G9_S3_LIG_LENSES,0,21.4
user_023,G9_S3_LIG_LENSES,0,21.63
user_023,G9_S3_LIG_LENSES,1,24.6
user_023,G9_S3_LIG_LENSES,1,19.73
user_023,G9_S3_LIG_LENSES,0,14.55
user_023,G9_S3_LIG_LENSES,0,23.98
user_023,G9_S3_LIG_LENSES,0,20.55
user_023,G9_S3_LIG_LENSES,0,18.77
user_023,G9_S3_LIG_LENSES,0,20.59
user_023,G9_S3_LIG_LENSES,0,20.53
user_023,G9_S3_LIG_LENSES,0,24.36
user_023,G9_S3_LIG_LENSES,0,20.24
user_023,G9_S4_SOU_PROPAG,1,20.38
user_023,G9_S4_SOU_PROPAG,1,21.16
user_023,G9_S4_SOU_PROPAG,1,11.99
user_023,G9_S4_SOU_PROPAG,0,13.82
user_023,G9_S4_SOU_PROPAG,0,17.31
user_023,G9_S4_SOU_PROPAG,1,24.72
user_023,G9_S4_SOU_PROPAG,1,15.89
user_023,G9_S4_SOU_PROPAG,0,16.23
user_023,G9_S4_SOU_PROPAG,1,15.2
user_023,G9_S4_SOU_PROPAG,1,17.83
user_023,G9_S4_SOU_PROPAG,1,16.09
user_023,G9_S4_SOU_PROPAG,0,13.95
user_023,G9_S4_SOU_HEARING,0,21.91
user_023,G9_S4_SOU_HEARING,0,22.23
user_023,G9_S4_SOU_HEARING,0,22.62
user_023,G9_S4_SOU_HEARING,0,22.05
user_023,G9_S4_SOU_HEARING,0,18.97
user_023,G9_S4_SOU_HEARING,0,18.76
user_023,G9_S4_SOU_HEARING,0,24.9
user_023,G9_S4_SOU_HEARING,1,22.47
user_023,G9_S4_SOU_HEARING,0,15.13
user_023,G9_S4_SOU_HEARING,0,22.52
user_023,G9_S4_SOU_HEARING,0,22.78
user_023,G9_S4_SOU_HEARING,0,22.52
user_023,G9_S5_HEA_EXPANS,1,25.24
user_023,G9_S5_HEA_EXPANS,0,19.11
user_023,G9_S5_HEA_EXPANS,0,19.72
user_023,G9_S5_HEA_EXPANS,0,19.49
user_023,G9_S5_HEA_EXPANS,0,23.78
user_023,G9_S5_HEA_EXPANS,0,20.52
user_023,G9_S5_HEA_EXPANS,0,24.46
user_023,G9_S5_HEA_EXPANS,0,19.69
user_023,G9_S5_HEA_EXPANS,0,25.59
user_023,G9_S5_HEA_EXPANS,0,23.99
user_023,G9_S5_HEA_EXPANS,0,22.73
user_023,G9_S5_HEA_EXPANS,0,22.21
user_023,G9_S5_HEA_TRANSF,0,23.11
user_023,G9_S5_HEA_TRANSF,0,27.19
user_023,G9_S5_HEA_TRANSF,1,22.2
user_023,G9_S5_HEA_TRANSF,0,22.21
user_023,G9_S5_HEA_TRANSF,1,21.24
user_023,G9_S5_HEA_TRANSF,1,17.85
user_023,G9_S5_HEA_TRANSF,1,12.57
user_023,G9_S5_HEA_TRANSF,1,9.22
user_023,G9_S5_HEA_TRANSF,1,14.21
user_023,G9_S5_HEA_TRANSF,1,9.2
user_023,G9_S5_HEA_TRANSF,1,14.23
user_023,G9_S5_HEA_TRANSF,1,7.95
user_023,G9_S6_NAT_ATOMS,1,20.99
user_023,G9_S6_NAT_ATOMS,0,15.4
user_023,G9_S6_NAT_ATOMS,0,22.57
user_023,G9_S6_NAT_ATOMS,0,21.91
user_023,G9_S6_NAT_ATOMS,0,20.61
user_023,G9_S6_NAT_ATOMS,0,19.55
user_023,G9_S6_NAT_ATOMS,0,25.55
user_023,G9_S6_NAT_ATOMS,1,23.29
user_023,G9_S6_NAT_ATOMS,1,16.89
user_023,G9_S6_NAT_ATOMS,0,12.92
user_023,G9_S6_NAT_ATOMS,0,23.82
user_023,G9_S6_NAT_ATOMS,1,21.97
user_023,G9_S6_NAT_CONFIG,0,24.13
user_023,G9_S6_NAT_CONFIG,0,18.37
user_023,G9_S6_NAT_CONFIG,0,23.02
user_023,G9_S6_NAT_CONFIG,0,28.18
user_023,G9_S6_NAT_CONFIG,0,20.46
user_023,G9_S6_NAT_CONFIG,0,19.03
user_023,G9_S6_NAT_CONFIG,0,20.97
user_023,G9_S6_NAT_CONFIG,1,21.27
user_023,G9_S6_NAT_CONFIG,1,15.9
user_023,G9_S6_NAT_CONFIG,0,17.11
user_023,G9_S6_NAT_CONFIG,0,17.02
user_023,G9_S6_NAT_CONFIG,0,23.17
user_023,G9_S7_ACI_SALTS,1,23.06
user_023,G9_S7_ACI_SALTS,0,19.93
user_023,G9_S7_ACI_SALTS,1,15.8
user_023,G9_S7_ACI_SALTS,1,21.06
user_023,G9_S7_ACI_SALTS,1,10.44
user_023,G9_S7_ACI_SALTS,0,18.2
user_023,G9_S7_ACI_SALTS,0,21.06
user_023,G9_S7_ACI_SALTS,1,20.64
user_023,G9_S7_ACI_SALTS,1,16.1
user_023,G9_S7_ACI_SALTS,1,17.24
user_023,G9_S7_ACI_SALTS,1,13.67
user_023,G9_S7_ACI_SALTS,1,13.64
user_023,G9_S7_ACI_NEUTRAL,1,23.41
user_023,G9_S7_ACI_NEUTRAL,0,22.01
user_023,G9_S7_ACI_NEUTRAL,0,20.98
user_023,G9_S7_ACI_NEUTRAL,0,22.13
user_023,G9_S7_ACI_NEUTRAL,1,24.95
user_023,G9_S7_ACI_NEUTRAL,0,20.92
user_023,G9_S7_ACI_NEUTRAL,1,19.94
user_023,G9_S7_ACI_NEUTRAL,1,21.39
user_023,G9_S7_ACI_NEUTRAL,1,14.93
user_023,G9_S7_ACI_NEUTRAL,1,10.1
user_023,G9_S7_ACI_NEUTRAL,1,11.31
user_023,G9_S7_ACI_NEUTRAL,1,12.98
user_024,G6_S1_ORG_CHARS,0,21.26
user_024,G6_S1_ORG_CHARS,1,21.97
user_024,G6_S1_ORG_CHARS,1,15.89
user_024,G6_S1_ORG_CHARS,1,14.4
user_024,G6_S1_ORG_CHARS,1,13.48
user_024,G6_S1_ORG_CHARS,1,6.31
user_024,G6_S1_ORG_CHARS,1,14.49
user_024,G6_S1_ORG_CHARS,1,14.17
user_024,G6_S1_ORG_CHARS,1,10.47
user_024,G6_S1_ORG_CHARS,1,11.1
user_024,G6_S1_ORG_CHARS,1,10.85
user_024,G6_S1_ORG_CHARS,1,11.53
user_024,G6_S1_ORG_CLASS,0,25.99
user_024,G6_S1_ORG_CLASS,0,23.42
user_024,G6_S1_ORG_CLASS,1,25.47
user_024,G6_S1_ORG_CLASS,1,14.72
user_024,G6_S1_ORG_CLASS,1,12.34
user_024,G6_S1_ORG_CLASS,1,7.78
user_024,G6_S1_ORG_CLASS,1,10.93
user_024,G6_S1_ORG_CLASS,0,10.47
user_024,G6_S1_ORG_CLASS,1,10.56
user_024,G6_S1_ORG_CLASS,1,12.45
user_024,G6_S1_ORG_CLASS,1,11.89
user_024,G6_S1_ORG_CLASS,1,13.05
user_024,G6_S2_MAT_STATES,1,22.31
user_024,G6_S2_MAT_STATES,1,21.48
user_024,G6_S2_MAT_STATES,1,14.99
user_024,G6_S2_MAT_STATES,1,12.24
user_024,G6_S2_MAT_STATES,1,13.22
user_024,G6_S2_MAT_STATES,0,11.18
user_024,G6_S2_MAT_STATES,1,11.0
user_024,G6_S2_MAT_STATES,1,10.44
user_024,G6_S2_MAT_STATES,1,8.26
user_024,G6_S2_MAT_STATES,1,9.61
user_024,G6_S2_MAT_STATES,1,7.85
user_024,G6_S2_MAT_STATES,1,14.61
user_024,G6_S2_MAT_PROPS,1,25.39
user_024,G6_S2_MAT_PROPS,0,21.28
user_024,G6_S2_MAT_PROPS,0,25.64
user_024,G6_S2_MAT_PROPS,0,20.92
user_024,G6_S2_MAT_PROPS,1,18.32
user_024,G6_S2_MAT_PROPS,1,19.77
user_024,G6_S2_MAT_PROPS,0,12.84
user_024,G6_S2_MAT_PROPS,0,17.51
user_024,G6_S2_MAT_PROPS,1,21.16
user_024,G6_S2_MAT_PROPS,1,16.57
user_024,G6_S2_MAT_PROPS,1,13.8
user_024,G6_S2_MAT_PROPS,1,9.9
user_024,G6_S4_ENE_SOURCES,0,23.73
user_024,G6_S4_ENE_SOURCES,0,20.58
user_024,G6_S4_ENE_SOURCES,1,24.18
user_024,G6_S4_ENE_SOURCES,1,13.27
user_024,G6_S4_ENE_SOURCES,0,10.88
user_024,G6_S4_ENE_SOURCES,0,16.27
user_024,G6_S4_ENE_SOURCES,0,21.57
user_024,G6_S4_ENE_SOURCES,0,22.96
user_024,G6_S4_ENE_SOURCES,0,21.7
user_024,G6_S4_ENE_SOURCES,0,24.24
user_024,G6_S4_ENE_SOURCES,1,20.64
user_024,G6_S4_ENE_SOURCES,1,19.39
user_024,G6_S8_ELE_CIRCUITS,1,21.71
user_024,G6_S8_ELE_CIRCUITS,0,21.29
user_024,G6_S8_ELE_CIRCUITS,1,20.4
user_024,G6_S8_ELE_CIRCUITS,1,16.31
user_024,G6_S8_ELE_CIRCUITS,0,9.01
user_024,G6_S8_ELE_CIRCUITS,0,18.46
user_024,G6_S8_ELE_CIRCUITS,1,21.64
user_024,G6_S8_ELE_CIRCUITS,1,19.03
user_024,G6_S8_ELE_CIRCUITS,1,11.46
user_024,G6_S8_ELE_CIRCUITS,0,12.96
user_024,G6_S8_ELE_CIRCUITS,0,14.55
user_024,G6_S8_ELE_CIRCUITS,1,15.37
user_024,G6_S8_ELE_CONDINS,0,22.62
user_024,G6_S8_ELE_CONDINS,0,20.3
user_024,G6_S8_ELE_CONDINS,0,26.17
user_024,G6_S8_ELE_CONDINS,1,21.7
user_024,G6_S8_ELE_CONDINS,1,15.09
user_024,G6_S8_ELE_CONDINS,1,11.35
user_024,G6_S8_ELE_CONDINS,1,16.0
user_024,G6_S8_ELE_CONDINS,0,10.03
user_024,G6_S8_ELE_CONDINS,1,13.21
user_024,G6_S8_ELE_CONDINS,1,15.97
user_024,G6_S8_ELE_CONDINS,1,16.2
user_024,G6_S8_ELE_CONDINS,0,13.47
user_024,G7_S1_PLA_DIVER,0,23.76
user_024,G7_S1_PLA_DIVER,0,21.59
user_024,G7_S1_PLA_DIVER,0,22.68
user_024,G7_S1_PLA_DIVER,1,22.42
user_024,G7_S1_PLA_DIVER,1,17.08
user_024,G7_S1_PLA_DIVER,1,12.7
user_024,G7_S1_PLA_DIVER,0,14.27
user_024,G7_S1_PLA_DIVER,1,17.52
user_024,G7_S1_PLA_DIVER,1,12.28
user_024,G7_S1_PLA_DIVER,1,12.78
user_024,G7_S1_PLA_DIVER,1,11.67
user_024,G7_S1_PLA_DIVER,1,11.29
user_024,G7_S1_PLA_CLASSIF,0,22.79
user_024,G7_S1_PLA_CLASSIF,0,23.22
user_024,G7_S1_PLA_CLASSIF,0,18.73
user_024,G7_S1_PLA_CLASSIF,1,24.8
user_024,G7_S1_PLA_CLASSIF,1,20.31
user_024,G7_S1_PLA_CLASSIF,1,11.54
user_024,G7_S1_PLA_CLASSIF,0,10.7
user_024,G7_S1_PLA_CLASSIF,1,9.1
user_024,G7_S1_PLA_CLASSIF,1,9.75
user_024,G7_S1_PLA_CLASSIF,1,9.88
user_024,G7_S1_PLA_CLASSIF,1,8.72
user_024,G7_S1_PLA_CLASSIF,1,10.64
user_024,G7_S2_STA_CHARGES,0,21.76
user_024,G7_S2_STA_CHARGES,0,20.92
user_024,G7_S2_STA_CHARGES,0,20.93
user_024,G7_S2_STA_CHARGES,1,20.75
user_024,G7_S2_STA_CHARGES,1,18.92
user_024,G7_S2_STA_CHARGES,1,12.89
user_024,G7_S2_STA_CHARGES,1,13.62
user_024,G7_S2_STA_CHARGES,1,12.31
user_024,G7_S2_STA_CHARGES,0,11.34
user_024,G7_S2_STA_CHARGES,1,11.61
user_024,G7_S2_STA_CHARGES,1,16.02
user_024,G7_S2_STA_CHARGES,1,15.51
user_024,G7_S2_STA_CAPACIT,1,26.73
user_024,G7_S2_STA_CAPACIT,0,17.04
user_024,G7_S2_STA_CAPACIT,1,16.14
user_024,G7_S2_STA_CAPACIT,1,18.24
user_024,G7_S2_STA_CAPACIT,1,11.68
user_024,G7_S2_STA_CAPACIT,1,12.51
user_024,G7_S2_STA_CAPACIT,1,6.17
user_024,G7_S2_STA_CAPACIT,1,12.07
user_024,G7_S2_STA_CAPACIT,1,11.89
user_024,G7_S2_STA_CAPACIT,1,13.06
user_024,G7_S2_STA_CAPACIT,1,15.18
user_024,G7_S2_STA_CAPACIT,1,10.95
user_024,G7_S3_ELE_SOURCES,0,24.61
user_024,G7_S3_ELE_SOURCES,0,20.32
user_024,G7_S3_ELE_SOURCES,1,16.4
user_024,G7_S3_ELE_SOURCES,0,19.61
user_024,G7_S3_ELE_SOURCES,0,26.91
user_024,G7_S3_ELE_SOURCES,1,21.34
user_024,G7_S3_ELE_SOURCES,1,19.1
user_024,G7_S3_ELE_SOURCES,0,15.5
user_024,G7_S3_ELE_SOURCES,1,19.63
user_024,G7_S3_ELE_SOURCES,1,14.48
user_024,G7_S3_ELE_SOURCES,1,8.42
user_024,G7_S3_ELE_SOURCES,1,15.03
user_024,G7_S3_ELE_CURRENTS,0,23.12
user_024,G7_S3_ELE_CURRENTS,1,23.2
user_024,G7_S3_ELE_CURRENTS,0,18.89
user_024,G7_S3_ELE_CURRENTS,0,20.75
user_024,G7_S3_ELE_CURRENTS,0,23.48
user_024,G7_S3_ELE_CURRENTS,0,20.33
user_024,G7_S3_ELE_CURRENTS,0,23.05
user_024,G7_S3_ELE_CURRENTS,0,22.37
user_024,G7_S3_ELE_CURRENTS,1,22.65
user_024,G7_S3_ELE_CURRENTS,0,18.8
user_024,G7_S3_ELE_CURRENTS,0,20.53
user_024,G7_S3_ELE_CURRENTS,1,23.13
user_024,G7_S4_WAT_SOLVENT,0,24.05
user_024,G7_S4_WAT_SOLVENT,1,19.21
user_024,G7_S4_WAT_SOLVENT,0,13.39
user_024,G7_S4_WAT_SOLVENT,0,18.02
user_024,G7_S4_WAT_SOLVENT,0,19.83
user_024,G7_S4_WAT_SOLVENT,0,18.89
user_024,G7_S4_WAT_SOLVENT,0,23.75
user_024,G7_S4_WAT_SOLVENT,0,20.26
user_024,G7_S4_WAT_SOLVENT,0,24.45
user_024,G7_S4_WAT_SOLVENT,0,22.57
user_024,G7_S4_WAT_SOLVENT,0,20.33
user_024,G7_S4_WAT_SOLVENT,1,21.72
user_024,G7_S4_WAT_COOLANT,0,23.85
user_024,G7_S4_WAT_COOLANT,0,23.45
user_024,G7_S4_WAT_COOLANT,1,23.28
user_024,G7_S4_WAT_COOLANT,0,14.05
user_024,G7_S4_WAT_COOLANT,1,23.5
user_024,G7_S4_WAT_COOLANT,0,17.64
user_024,G7_S4_WAT_COOLANT,0,18.92
user_024,G7_S4_WAT_COOLANT,0,18.25
user_024,G7_S4_WAT_COOLANT,1,14.99
user_024,G7_S4_WAT_COOLANT,1,18.68
user_024,G7_S4_WAT_COOLANT,1,11.1
user_024,G7_S4_WAT_COOLANT,1,16.78
user_024,G7_S5_ACI_IDENTIF,0,26.2
user_024,G7_S5_ACI_IDENTIF,1,21.41
user_024,G7_S5_ACI_IDENTIF,1,20.07
user_024,G7_S5_ACI_IDENTIF,1,14.1
user_024,G7_S5_ACI_IDENTIF,1,12.0
user_024,G7_S5_ACI_IDENTIF,1,9.23
user_024,G7_S5_ACI_IDENTIF,1,11.14
user_024,G7_S5_ACI_IDENTIF,1,11.79
user_024,G7_S5_ACI_IDENTIF,1,10.61
user_024,G7_S5_ACI_IDENTIF,1,12.05
user_024,G7_S5_ACI_IDENTIF,1,11.47
user_024,G7_S5_ACI_IDENTIF,1,10.89
user_024,G7_S5_ACI_INDICAT,0,22.54
user_024,G7_S5_ACI_INDICAT,0,21.84
user_024,G7_S5_ACI_INDICAT,0,22.81
user_024,G7_S5_ACI_INDICAT,0,21.66
user_024,G7_S5_ACI_INDICAT,1,24.82
user_024,G7_S5_ACI_INDICAT,1,14.62
user_024,G7_S5_ACI_INDICAT,1,11.04
user_024,G7_S5_ACI_INDICAT,1,10.61
user_024,G7_S5_ACI_INDICAT,1,9.41
user_024,G7_S5_ACI_INDICAT,1,13.58
user_024,G7_S5_ACI_INDICAT,1,12.81
user_024,G7_S5_ACI_INDICAT,1,13.85
user_024,G7_S6_ANI_CLASSIF,0,20.48
user_024,G7_S6_ANI_CLASSIF,0,25.3
user_024,G7_S6_ANI_CLASSIF,0,24.23
user_024,G7_S6_ANI_CLASSIF,1,21.51
user_024,G7_S6_ANI_CLASSIF,1,21.1
user_024,G7_S6_ANI_CLASSIF,1,10.8
user_024,G7_S6_ANI_CLASSIF,1,9.1
user_024,G7_S6_ANI_CLASSIF,1,9.49
user_024,G7_S6_ANI_CLASSIF,1,9.42
user_024,G7_S6_ANI_CLASSIF,1,12.92
user_024,G7_S6_ANI_CLASSIF,1,12.36
user_024,G7_S6_ANI_CLASSIF,0,10.39
user_024,G7_S6_ANI_ADAPTAT,0,24.91
user_024,G7_S6_ANI_ADAPTAT,0,20.46
user_024,G7_S6_ANI_ADAPTAT,0,17.71
user_024,G7_S6_ANI_ADAPTAT,1,20.12
user_024,G7_S6_ANI_ADAPTAT,1,19.78
user_024,G7_S6_ANI_ADAPTAT,1,12.11
user_024,G7_S6_ANI_ADAPTAT,1,13.56
user_024,G7_S6_ANI_ADAPTAT,1,11.02
user_024,G7_S6_ANI_ADAPTAT,1,14.02
user_024,G7_S6_ANI_ADAPTAT,1,12.99
user_024,G7_S6_ANI_ADAPTAT,1,11.73
user_024,G7_S6_ANI_ADAPTAT,1,11.09
user_024,G7_S7_ENE_FORMS,0,25.61
user_024,G7_S7_ENE_FORMS,0,23.55
user_024,G7_S7_ENE_FORMS,1,18.36
user_024,G7_S7_ENE_FORMS,0,11.47
user_024,G7_S7_ENE_FORMS,1,18.42
user_024,G7_S7_ENE_FORMS,1,17.36
user_024,G7_S7_ENE_FORMS,0,13.15
user_024,G7_S7_ENE_FORMS,1,17.27
user_024,G7_S7_ENE_FORMS,1,17.63
user_024,G7_S7_ENE_FORMS,1,9.12
user_024,G7_S7_ENE_FORMS,1,9.01
user_024,G7_S7_ENE_FORMS,1,14.0
user_024,G7_S7_ENE_TRANSF,0,17.02
user_024,G7_S7_ENE_TRANSF,1,23.01
user_024,G7_S7_ENE_TRANSF,0,20.63
user_024,G7_S7_ENE_TRANSF,1,17.96
user_024,G7_S7_ENE_TRANSF,1,15.14
user_024,G7_S7_ENE_TRANSF,1,13.06
user_024,G7_S7_ENE_TRANSF,1,13.24
user_024,G7_S7_ENE_TRANSF,1,9.39
user_024,G7_S7_ENE_TRANSF,1,12.17
user_024,G7_S7_ENE_TRANSF,1,9.92
user_024,G7_S7_ENE_TRANSF,1,11.91
user_024,G7_S7_ENE_TRANSF,1,7.47
user_024,G7_S8_EAR_STRUCT,1,23.38
user_024,G7_S8_EAR_STRUCT,1,17.91
user_024,G7_S8_EAR_STRUCT,1,16.47
user_024,G7_S8_EAR_STRUCT,1,11.7
user_024,G7_S8_EAR_STRUCT,1,12.58
user_024,G7_S8_EAR_STRUCT,1,11.32
user_024,G7_S8_EAR_STRUCT,1,14.15
user_024,G7_S8_EAR_STRUCT,1,19.19
user_024,G7_S8_EAR_STRUCT,1,9.77
user_024,G7_S8_EAR_STRUCT,0,11.61
user_024,G7_S8_EAR_STRUCT,1,9.47
user_024,G7_S8_EAR_STRUCT,1,14.03
user_024,G7_S8_EAR_TECTON,0,22.72
user_024,G7_S8_EAR_TECTON,1,26.22
user_024,G7_S8_EAR_TECTON,0,13.43
user_024,G7_S8_EAR_TECTON,1,19.87
user_024,G7_S8_EAR_TECTON,1,13.21
user_024,G7_S8_EAR_TECTON,1,18.29
user_024,G7_S8_EAR_TECTON,1,13.31
user_024,G7_S8_EAR_TECTON,1,11.53
user_024,G7_S8_EAR_TECTON,1,12.0
user_024,G7_S8_EAR_TECTON,1,11.63
user_024,G7_S8_EAR_TECTON,1,5.75
user_024,G7_S8_EAR_TECTON,1,11.42
user_024,G7_S9_LIG_SHADOWS,0,20.43
user_024,G7_S9_LIG_SHADOWS,0,22.18
user_024,G7_S9_LIG_SHADOWS,1,21.69
user_024,G7_S9_LIG_SHADOWS,1,14.18
user_024,G7_S9_LIG_SHADOWS,1,13.25
user_024,G7_S9_LIG_SHADOWS,1,12.09
user_024,G7_S9_LIG_SHADOWS,0,11.51
user_024,G7_S9_LIG_SHADOWS,1,16.73
user_024,G7_S9_LIG_SHADOWS,1,12.0
user_024,G7_S9_LIG_SHADOWS,1,10.14
user_024,G7_S9_LIG_SHADOWS,1,9.02
user_024,G7_S9_LIG_SHADOWS,1,15.86
user_024,G7_S9_LIG_MIRRORS,1,22.29
user_024,G7_S9_LIG_MIRRORS,0,19.86
user_024,G7_S9_LIG_MIRRORS,1,22.69
user_024,G7_S9_LIG_MIRRORS,1,18.07
user_024,G7_S9_LIG_MIRRORS,1,12.33
user_024,G7_S9_LIG_MIRRORS,1,11.92
user_024,G7_S9_LIG_MIRRORS,1,15.87
user_024,G7_S9_LIG_MIRRORS,1,12.14
user_024,G7_S9_LIG_MIRRORS,1,14.6
user_024,G7_S9_LIG_MIRRORS,1,11.53
user_024,G7_S9_LIG_MIRRORS,1,12.84
user_024,G7_S9_LIG_MIRRORS,1,12.89
user_024,G7_S10_MIC_LIGHT,0,21.94
user_024,G7_S10_MIC_LIGHT,0,17.53
user_024,G7_S10_MIC_LIGHT,0,24.43
user_024,G7_S10_MIC_LIGHT,0,20.47
user_024,G7_S10_MIC_LIGHT,0,22.81
user_024,G7_S10_MIC_LIGHT,0,19.07
user_024,G7_S10_MIC_LIGHT,0,20.97
user_024,G7_S10_MIC_LIGHT,0,22.2
user_024,G7_S10_MIC_LIGHT,0,25.33
user_024,G7_S10_MIC_LIGHT,0,23.53
user_024,G7_S10_MIC_LIGHT,1,23.25
user_024,G7_S10_MIC_LIGHT,1,16.31
user_024,G7_S10_MIC_ELECTR,0,24.02
user_024,G7_S10_MIC_ELECTR,0,23.27
user_024,G7_S10_MIC_ELECTR,1,19.33
user_024,G7_S10_MIC_ELECTR,1,18.84
user_024,G7_S10_MIC_ELECTR,1,10.8
user_024,G7_S10_MIC_ELECTR,1,13.89
user_024,G7_S10_MIC_ELECTR,1,13.32
user_024,G7_S10_MIC_ELECTR,1,7.79
user_024,G7_S10_MIC_ELECTR,1,8.72
user_024,G7_S10_MIC_ELECTR,1,10.9
user_024,G7_S10_MIC_ELECTR,0,9.85
user_024,G7_S10_MIC_ELECTR,1,9.27
user_024,G8_S1_BIO_DIVER,1,19.99
user_024,G8_S1_BIO_DIVER,1,16.33
user_024,G8_S1_BIO_DIVER,1,14.19
user_024,G8_S1_BIO_DIVER,1,14.93
user_024,G8_S1_BIO_DIVER,1,12.67
user_024,G8_S1_BIO_DIVER,1,9.23
user_024,G8_S1_BIO_DIVER,1,12.05
user_024,G8_S1_BIO_DIVER,0,11.55
user_024,G8_S1_BIO_DIVER,1,9.62
user_024,G8_S1_BIO_DIVER,1,9.91
user_024,G8_S1_BIO_DIVER,1,11.24
user_024,G8_S1_BIO_DIVER,1,10.3
user_024,G8_S1_BIO_CLASSIF,0,18.36
user_024,G8_S1_BIO_CLASSIF,0,21.17
user_024,G8_S1_BIO_CLASSIF,1,25.34
user_024,G8_S1_BIO_CLASSIF,0,15.67
user_024,G8_S1_BIO_CLASSIF,1,18.08
user_024,G8_S1_BIO_CLASSIF,1,16.78
user_024,G8_S1_BIO_CLASSIF,1,11.79
user_024,G8_S1_BIO_CLASSIF,1,10.19
user_024,G8_S1_BIO_CLASSIF,1,11.28
user_024,G8_S1_BIO_CLASSIF,1,13.59
user_024,G8_S1_BIO_CLASSIF,1,12.18
user_024,G8_S1_BIO_CLASSIF,1,11.49
user_024,G8_S2_TIS_PLANT,0,22.05
user_024,G8_S2_TIS_PLANT,0,18.2
user_024,G8_S2_TIS_PLANT,0,18.61
user_024,G8_S2_TIS_PLANT,0,21.47
user_024,G8_S2_TIS_PLANT,0,23.99
user_024,G8_S2_TIS_PLANT,0,19.11
user_024,G8_S2_TIS_PLANT,1,22.64
user_024,G8_S2_TIS_PLANT,0,16.03
user_024,G8_S2_TIS_PLANT,0,18.93
user_024,G8_S2_TIS_PLANT,0,21.69
user_024,G8_S2_TIS_PLANT,0,25.49
user_024,G8_S2_TIS_PLANT,1,22.07
user_024,G8_S2_TIS_ANIMAL,0,24.12
user_024,G8_S2_TIS_ANIMAL,1,22.16
user_024,G8_S2_TIS_ANIMAL,1,16.85
user_024,G8_S2_TIS_ANIMAL,1,12.26
user_024,G8_S2_TIS_ANIMAL,1,14.38
user_024,G8_S2_TIS_ANIMAL,0,11.15
user_024,G8_S2_TIS_ANIMAL,1,12.98
user_024,G8_S2_TIS_ANIMAL,1,10.68
user_024,G8_S2_TIS_ANIMAL,1,10.46
user_024,G8_S2_TIS_ANIMAL,1,11.95
user_024,G8_S2_TIS_ANIMAL,0,13.58
user_024,G8_S2_TIS_ANIMAL,1,14.35
user_024,G8_S3_PHO_PROCESS,0,24.72
user_024,G8_S3_PHO_PROCESS,0,22.32
user_024,G8_S3_PHO_PROCESS,0,21.75
user_024,G8_S3_PHO_PROCESS,1,21.68
user_024,G8_S3_PHO_PROCESS,1,17.15
user_024,G8_S3_PHO_PROCESS,1,11.88
user_024,G8_S3_PHO_PROCESS,1,14.38
user_024,G8_S3_PHO_PROCESS,1,12.8
user_024,G8_S3_PHO_PROCESS,1,13.94
user_024,G8_S3_PHO_PROCESS,1,12.48
user_024,G8_S3_PHO_PROCESS,1,9.54
user_024,G8_S3_PHO_PROCESS,0,13.52
user_024,G8_S3_PHO_IMPORT,0,21.97
user_024,G8_S3_PHO_IMPORT,0,20.09
user_024,G8_S3_PHO_IMPORT,0,21.49
user_024,G8_S3_PHO_IMPORT,1,17.91
user_024,G8_S3_PHO_IMPORT,0,18.16
user_024,G8_S3_PHO_IMPORT,0,26.74
user_024,G8_S3_PHO_IMPORT,0,17.73
user_024,G8_S3_PHO_IMPORT,0,19.03
user_024,G8_S3_PHO_IMPORT,0,20.98
user_024,G8_S3_PHO_IMPORT,1,25.91
user_024,G8_S3_PHO_IMPORT,1,16.58
user_024,G8_S3_PHO_IMPORT,1,16.87
user_024,G8_S4_MAT_ELEMENTS,0,23.37
user_024,G8_S4_MAT_ELEMENTS,0,22.72
user_024,G8_S4_MAT_ELEMENTS,0,21.7
user_024,G8_S4_MAT_ELEMENTS,0,23.44
user_024,G8_S4_MAT_ELEMENTS,0,19.99
user_024,G8_S4_MAT_ELEMENTS,1,17.54
user_024,G8_S4_MAT_ELEMENTS,0,17.55
user_024,G8_S4_MAT_ELEMENTS,1,22.79
user_024,G8_S4_MAT_ELEMENTS,0,17.18
user_024,G8_S4_MAT_ELEMENTS,1,21.09
user_024,G8_S4_MAT_ELEMENTS,0,14.68
user_024,G8_S4_MAT_ELEMENTS,1,24.15
user_024,G8_S4_MAT_COMPOUNDS,0,23.92
user_024,G8_S4_MAT_COMPOUNDS,1,19.17
user_024,G8_S4_MAT_COMPOUNDS,0,20.29
user_024,G8_S4_MAT_COMPOUNDS,1,19.79
user_024,G8_S4_MAT_COMPOUNDS,1,18.37
user_024,G8_S4_MAT_COMPOUNDS,1,14.78
user_024,G8_S4_MAT_COMPOUNDS,1,13.09
user_024,G8_S4_MAT_COMPOUNDS,1,10.5
user_024,G8_S4_MAT_COMPOUNDS,1,14.8
user_024,G8_S4_MAT_COMPOUNDS,1,7.72
user_024,G8_S4_MAT_COMPOUNDS,1,13.26
user_024,G8_S4_MAT_COMPOUNDS,1,12.23
user_024,G8_S5_MAT_DENSITY,0,24.19
user_024,G8_S5_MAT_DENSITY,0,25.66
user_024,G8_S5_MAT_DENSITY,1,24.58
user_024,G8_S5_MAT_DENSITY,1,17.94
user_024,G8_S5_MAT_DENSITY,1,8.26
user_024,G8_S5_MAT_DENSITY,1,14.86
user_024,G8_S5_MAT_DENSITY,0,12.15
user_024,G8_S5_MAT_DENSITY,1,10.59
user_024,G8_S5_MAT_DENSITY,1,15.0
user_024,G8_S5_MAT_DENSITY,1,15.3
user_024,G8_S5_MAT_DENSITY,1,14.98
user_024,G8_S5_MAT_DENSITY,1,14.45
user_024,G8_S5_MAT_THERMAL,0,22.54
user_024,G8_S5_MAT_THERMAL,0,19.66
user_024,G8_S5_MAT_THERMAL,0,20.64
user_024,G8_S5_MAT_THERMAL,0,18.68
user_024,G8_S5_MAT_THERMAL,1,22.53
user_024,G8_S5_MAT_THERMAL,0,21.27
user_024,G8_S5_MAT_THERMAL,1,22.97
user_024,G8_S5_MAT_THERMAL,1,15.89
user_024,G8_S5_MAT_THERMAL,1,11.53
user_024,G8_S5_MAT_THERMAL,1,14.72
user_024,G8_S5_MAT_THERMAL,1,13.69
user_024,G8_S5_MAT_THERMAL,0,8.98
user_024,G8_S6_CHA_PHYSICAL,1,23.56
user_024,G8_S6_CHA_PHYSICAL,0,20.82
user_024,G8_S6_CHA_PHYSICAL,0,22.42
user_024,G8_S6_CHA_PHYSICAL,0,18.88
user_024,G8_S6_CHA_PHYSICAL,0,21.2
user_024,G8_S6_CHA_PHYSICAL,0,18.12
user_024,G8_S6_CHA_PHYSICAL,1,19.33
user_024,G8_S6_CHA_PHYSICAL,0,16.78
user_024,G8_S6_CHA_PHYSICAL,0,23.11
user_024,G8_S6_CHA_PHYSICAL,0,22.11
user_024,G8_S6_CHA_PHYSICAL,1,19.49
user_024,G8_S6_CHA_PHYSICAL,0,12.34
user_024,G8_S6_CHA_BURNING,0,20.28
user_024,G8_S6_CHA_BURNING,0,24.91
user_024,G8_S6_CHA_BURNING,0,20.26
user_024,G8_S6_CHA_BURNING,0,22.97
user_024,G8_S6_CHA_BURNING,0,19.49
user_024,G8_S6_CHA_BURNING,0,21.66
user_024,G8_S6_CHA_BURNING,0,21.15
user_024,G8_S6_CHA_BURNING,1,24.63
user_024,G8_S6_CHA_BURNING,1,17.6
user_024,G8_S6_CHA_BURNING,1,13.37
user_024,G8_S6_CHA_BURNING,1,16.55
user_024,G8_S6_CHA_BURNING,1,8.43
user_024,G8_S7_FOR_TYPES,0,25.76
user_024,G8_S7_FOR_TYPES,0,24.51
user_024,G8_S7_FOR_TYPES,0,22.49
user_024,G8_S7_FOR_TYPES,0,18.9
user_024,G8_S7_FOR_TYPES,0,22.8
user_024,G8_S7_FOR_TYPES,0,18.74
user_024,G8_S7_FOR_TYPES,0,20.22
user_024,G8_S7_FOR_TYPES,0,19.64
user_024,G8_S7_FOR_TYPES,1,26.16
user_024,G8_S7_FOR_TYPES,1,17.07
user_024,G8_S7_FOR_TYPES,1,10.36
user_024,G8_S7_FOR_TYPES,1,15.69
user_024,G8_S7_FOR_PRESSURE,1,22.02
user_024,G8_S7_FOR_PRESSURE,1,19.63
user_024,G8_S7_FOR_PRESSURE,1,19.49
user_024,G8_S7_FOR_PRESSURE,1,12.56
user_024,G8_S7_FOR_PRESSURE,1,11.06
user_024,G8_S7_FOR_PRESSURE,1,10.83
user_024,G8_S7_FOR_PRESSURE,1,11.12
user_024,G8_S7_FOR_PRESSURE,1,12.93
user_024,G8_S7_FOR_PRESSURE,1,14.32
user_024,G8_S7_FOR_PRESSURE,1,13.81
user_024,G8_S7_FOR_PRESSURE,1,12.4
user_024,G8_S7_FOR_PRESSURE,1,10.49
user_024,G8_S8_STA_PHENOM,0,23.42
user_024,G8_S8_STA_PHENOM,0,25.22
user_024,G8_S8_STA_PHENOM,0,21.44
user_024,G8_S8_STA_PHENOM,0,24.72
user_024,G8_S8_STA_PHENOM,0,26.65
user_024,G8_S8_STA_PHENOM,0,19.47
user_024,G8_S8_STA_PHENOM,0,24.35
user_024,G8_S8_STA_PHENOM,0,25.81
user_024,G8_S8_STA_PHENOM,0,16.02
user_024,G8_S8_STA_PHENOM,0,21.32
user_024,G8_S8_STA_PHENOM,0,19.08
user_024,G8_S8_STA_PHENOM,0,24.98
user_024,G8_S8_STA_LIGHTNG,0,20.94
user_024,G8_S8_STA_LIGHTNG,0,24.36
user_024,G8_S8_STA_LIGHTNG,0,22.63
user_024,G8_S8_STA_LIGHTNG,0,20.53
user_024,G8_S8_STA_LIGHTNG,0,16.68
user_024,G8_S8_STA_LIGHTNG,0,21.78
user_024,G8_S8_STA_LIGHTNG,0,22.38
user_024,G8_S8_STA_LIGHTNG,1,19.11
user_024,G8_S8_STA_LIGHTNG,1,19.94
user_024,G8_S8_STA_LIGHTNG,1,8.84
user_024,G8_S8_STA_LIGHTNG,1,13.81
user_024,G8_S8_STA_LIGHTNG,1,18.24
user_024,G9_S1_SYS_DIGEST,0,24.62
user_024,G9_S1_SYS_DIGEST,0,23.38
user_024,G9_S1_SYS_DIGEST,0,21.38
user_024,G9_S1_SYS_DIGEST,0,22.02
user_024,G9_S1_SYS_DIGEST,0,20.46
user_024,G9_S1_SYS_DIGEST,1,26.77
user_024,G9_S1_SYS_DIGEST,1,20.08
user_024,G9_S1_SYS_DIGEST,1,15.68
user_024,G9_S1_SYS_DIGEST,1,13.1
user_024,G9_S1_SYS_DIGEST,1,12.64
user_024,G9_S1_SYS_DIGEST,1,13.08
user_024,G9_S1_SYS_DIGEST,1,11.25
user_024,G9_S1_SYS_CIRCUL,1,19.55
user_024,G9_S1_SYS_CIRCUL,0,18.93
user_024,G9_S1_SYS_CIRCUL,1,18.62
user_024,G9_S1_SYS_CIRCUL,0,19.04
user_024,G9_S1_SYS_CIRCUL,0,23.0
user_024,G9_S1_SYS_CIRCUL,0,20.69
user_024,G9_S1_SYS_CIRCUL,0,19.72
user_024,G9_S1_SYS_CIRCUL,1,21.85
user_024,G9_S1_SYS_CIRCUL,1,15.59
user_024,G9_S1_SYS_CIRCUL,1,11.33
user_024,G9_S1_SYS_CIRCUL,1,14.91
user_024,G9_S1_SYS_CIRCUL,1,12.07
user_024,G9_S2_RHY_EARTH,1,17.24
user_024,G9_S2_RHY_EARTH,0,20.86
user_024,G9_S2_RHY_EARTH,0,19.96
user_024,G9_S2_RHY_EARTH,0,20.87
user_024,G9_S2_RHY_EARTH,1,23.76
user_024,G9_S2_RHY_EARTH,1,16.23
user_024,G9_S2_RHY_EARTH,1,14.4
user_024,G9_S2_RHY_EARTH,1,12.93
user_024,G9_S2_RHY_EARTH,1,15.08
user_024,G9_S2_RHY_EARTH,0,12.08
user_024,G9_S2_RHY_EARTH,1,14.41
user_024,G9_S2_RHY_EARTH,0,6.05
user_024,G9_S2_RHY_CLIMATE,0,23.62
user_024,G9_S2_RHY_CLIMATE,0,21.03
user_024,G9_S2_RHY_CLIMATE,0,21.92
user_024,G9_S2_RHY_CLIMATE,1,21.83
user_024,G9_S2_RHY_CLIMATE,1,16.38
user_024,G9_S2_RHY_CLIMATE,1,13.58
user_024,G9_S2_RHY_CLIMATE,1,15.26
user_024,G9_S2_RHY_CLIMATE,1,5.63
user_024,G9_S2_RHY_CLIMATE,1,13.65
user_024,G9_S2_RHY_CLIMATE,1,9.9
user_024,G9_S2_RHY_CLIMATE,0,13.16
user_024,G9_S2_RHY_CLIMATE,1,13.83
user_024,G9_S3_LIG_REFRAC,1,28.38
user_024,G9_S3_LIG_REFRAC,0,16.57
user_024,G9_S3_LIG_REFRAC,0,27.3
user_024,G9_S3_LIG_REFRAC,1,23.58
user_024,G9_S3_LIG_REFRAC,0,11.89
user_024,G9_S3_LIG_REFRAC,0,12.75
user_024,G9_S3_LIG_REFRAC,0,20.35
user_024,G9_S3_LIG_REFRAC,0,18.73
user_024,G9_S3_LIG_REFRAC,0,22.36
user_024,G9_S3_LIG_REFRAC,1,21.53
user_024,G9_S3_LIG_REFRAC,1,14.48
user_024,G9_S3_LIG_REFRAC,0,10.64
user_024,G9_S3_LIG_LENSES,0,25.29
user_024,G9_S3_LIG_LENSES,0,23.85
user_024,G9_S3_LIG_LENSES,1,22.83
user_024,G9_S3_LIG_LENSES,0,20.39
user_024,G9_S3_LIG_LENSES,1,19.77
user_024,G9_S3_LIG_LENSES,1,16.64
user_024,G9_S3_LIG_LENSES,1,12.07
user_024,G9_S3_LIG_LENSES,1,15.55
user_024,G9_S3_LIG_LENSES,1,11.26
user_024,G9_S3_LIG_LENSES,1,6.49
user_024,G9_S3_LIG_LENSES,1,12.32
user_024,G9_S3_LIG_LENSES,1,11.6
user_024,G9_S4_SOU_PROPAG,1,25.69
user_024,G9_S4_SOU_PROPAG,1,18.59
user_024,G9_S4_SOU_PROPAG,1,19.09
user_024,G9_S4_SOU_PROPAG,0,13.51
user_024,G9_S4_SOU_PROPAG,1,22.1
user_024,G9_S4_SOU_PROPAG,1,14.04
user_024,G9_S4_SOU_PROPAG,1,12.7
user_024,G9_S4_SOU_PROPAG,1,12.81
user_024,G9_S4_SOU_PROPAG,1,9.12
user_024,G9_S4_SOU_PROPAG,1,13.79
user_024,G9_S4_SOU_PROPAG,1,10.53
user_024,G9_S4_SOU_PROPAG,1,15.41
user_024,G9_S4_SOU_HEARING,0,20.31
user_024,G9_S4_SOU_HEARING,1,20.01
user_024,G9_S4_SOU_HEARING,1,14.84
user_024,G9_S4_SOU_HEARING,1,17.24
user_024,G9_S4_SOU_HEARING,0,9.67
user_024,G9_S4_SOU_HEARING,1,15.52
user_024,G9_S4_SOU_HEARING,1,13.45
user_024,G9_S4_SOU_HEARING,1,14.45
user_024,G9_S4_SOU_HEARING,1,15.04
user_024,G9_S4_SOU_HEARING,1,15.03
user_024,G9_S4_SOU_HEARING,1,13.82
user_024,G9_S4_SOU_HEARING,1,11.79
user_024,G9_S5_HEA_EXPANS,0,22.66
user_024,G9_S5_HEA_EXPANS,0,22.32
user_024,G9_S5_HEA_EXPANS,1,20.55
user_024,G9_S5_HEA_EXPANS,0,17.74
user_024,G9_S5_HEA_EXPANS,1,20.95
user_024,G9_S5_HEA_EXPANS,0,17.7
user_024,G9_S5_HEA_EXPANS,0,20.51
user_024,G9_S5_HEA_EXPANS,0,20.41
user_024,G9_S5_HEA_EXPANS,0,20.27
user_024,G9_S5_HEA_EXPANS,0,16.54
user_024,G9_S5_HEA_EXPANS,0,16.68
user_024,G9_S5_HEA_EXPANS,0,23.26
user_024,G9_S5_HEA_TRANSF,0,20.48
user_024,G9_S5_HEA_TRANSF,0,23.05
user_024,G9_S5_HEA_TRANSF,0,26.14
user_024,G9_S5_HEA_TRANSF,0,17.97
user_024,G9_S5_HEA_TRANSF,0,17.04
user_024,G9_S5_HEA_TRANSF,1,17.28
user_024,G9_S5_HEA_TRANSF,1,17.34
user_024,G9_S5_HEA_TRANSF,1,10.79
user_024,G9_S5_HEA_TRANSF,0,12.08
user_024,G9_S5_HEA_TRANSF,1,14.8
user_024,G9_S5_HEA_TRANSF,1,9.85
user_024,G9_S5_HEA_TRANSF,0,10.78
user_024,G9_S6_NAT_ATOMS,1,22.07
user_024,G9_S6_NAT_ATOMS,1,18.72
user_024,G9_S6_NAT_ATOMS,1,14.71
user_024,G9_S6_NAT_ATOMS,1,11.64
user_024,G9_S6_NAT_ATOMS,1,10.78
user_024,G9_S6_NAT_ATOMS,1,9.59
user_024,G9_S6_NAT_ATOMS,1,19.14
user_024,G9_S6_NAT_ATOMS,1,11.35
user_024,G9_S6_NAT_ATOMS,1,10.28
user_024,G9_S6_NAT_ATOMS,1,12.87
user_024,G9_S6_NAT_ATOMS,1,11.45
user_024,G9_S6_NAT_ATOMS,1,12.72
user_024,G9_S6_NAT_CONFIG,0,20.5
user_024,G9_S6_NAT_CONFIG,0,23.58
user_024,G9_S6_NAT_CONFIG,0,22.44
user_024,G9_S6_NAT_CONFIG,1,20.55
user_024,G9_S6_NAT_CONFIG,0,17.69
user_024,G9_S6_NAT_CONFIG,0,13.59
user_024,G9_S6_NAT_CONFIG,0,24.05
user_024,G9_S6_NAT_CONFIG,0,26.17
user_024,G9_S6_NAT_CONFIG,0,22.95
user_024,G9_S6_NAT_CONFIG,0,22.82
user_024,G9_S6_NAT_CONFIG,0,22.67
user_024,G9_S6_NAT_CONFIG,1,21.19
user_024,G9_S7_ACI_SALTS,1,23.49
user_024,G9_S7_ACI_SALTS,1,16.93
user_024,G9_S7_ACI_SALTS,1,15.68
user_024,G9_S7_ACI_SALTS,1,12.01
user_024,G9_S7_ACI_SALTS,1,14.15
user_024,G9_S7_ACI_SALTS,1,16.0
user_024,G9_S7_ACI_SALTS,1,8.44
user_024,G9_S7_ACI_SALTS,1,11.21
user_024,G9_S7_ACI_SALTS,1,15.96
user_024,G9_S7_ACI_SALTS,1,9.97
user_024,G9_S7_ACI_SALTS,1,17.86
user_024,G9_S7_ACI_SALTS,1,13.86
user_024,G9_S7_ACI_NEUTRAL,0,22.47
user_024,G9_S7_ACI_NEUTRAL,0,26.13
user_024,G9_S7_ACI_NEUTRAL,0,18.69
user_024,G9_S7_ACI_NEUTRAL,1,23.53
user_024,G9_S7_ACI_NEUTRAL,1,11.69
user_024,G9_S7_ACI_NEUTRAL,1,15.75
user_024,G9_S7_ACI_NEUTRAL,1,8.63
user_024,G9_S7_ACI_NEUTRAL,1,9.36
user_024,G9_S7_ACI_NEUTRAL,1,12.39
user_024,G9_S7_ACI_NEUTRAL,1,11.63
user_024,G9_S7_ACI_NEUTRAL,1,14.86
user_024,G9_S7_ACI_NEUTRAL,0,12.92
user_025,G6_S1_ORG_CHARS,1,21.46
user_025,G6_S1_ORG_CHARS,0,19.01
user_025,G6_S1_ORG_CHARS,1,22.82
user_025,G6_S1_ORG_CHARS,1,16.94
user_025,G6_S1_ORG_CHARS,1,9.39
user_025,G6_S1_ORG_CHARS,1,6.13
user_025,G6_S1_ORG_CHARS,1,10.25
user_025,G6_S1_ORG_CHARS,1,13.84
user_025,G6_S1_ORG_CHARS,1,13.51
user_025,G6_S1_ORG_CHARS,1,10.23
user_025,G6_S1_ORG_CHARS,1,7.64
user_025,G6_S1_ORG_CHARS,1,14.05
user_025,G6_S1_ORG_CLASS,0,20.64
user_025,G6_S1_ORG_CLASS,0,17.43
user_025,G6_S1_ORG_CLASS,0,21.49
user_025,G6_S1_ORG_CLASS,0,23.89
user_025,G6_S1_ORG_CLASS,0,19.59
user_025,G6_S1_ORG_CLASS,0,21.27
user_025,G6_S1_ORG_CLASS,0,22.9
user_025,G6_S1_ORG_CLASS,0,22.16
user_025,G6_S1_ORG_CLASS,0,20.29
user_025,G6_S1_ORG_CLASS,0,20.25
user_025,G6_S1_ORG_CLASS,0,20.08
user_025,G6_S1_ORG_CLASS,1,21.56
user_025,G6_S2_MAT_STATES,1,20.88
user_025,G6_S2_MAT_STATES,1,17.13
user_025,G6_S2_MAT_STATES,1,15.03
user_025,G6_S2_MAT_STATES,1,17.44
user_025,G6_S2_MAT_STATES,1,15.19
user_025,G6_S2_MAT_STATES,1,7.67
user_025,G6_S2_MAT_STATES,1,14.8
user_025,G6_S2_MAT_STATES,1,12.56
user_025,G6_S2_MAT_STATES,1,15.63
user_025,G6_S2_MAT_STATES,1,11.49
user_025,G6_S2_MAT_STATES,1,13.92
user_025,G6_S2_MAT_STATES,1,11.56
user_025,G6_S2_MAT_PROPS,0,24.22
user_025,G6_S2_MAT_PROPS,1,20.33
user_025,G6_S2_MAT_PROPS,0,17.01
user_025,G6_S2_MAT_PROPS,0,24.78
user_025,G6_S2_MAT_PROPS,0,19.95
user_025,G6_S2_MAT_PROPS,0,22.85
user_025,G6_S2_MAT_PROPS,0,21.7
user_025,G6_S2_MAT_PROPS,1,22.58
user_025,G6_S2_MAT_PROPS,0,17.21
user_025,G6_S2_MAT_PROPS,0,18.59
user_025,G6_S2_MAT_PROPS,0,22.33
user_025,G6_S2_MAT_PROPS,0,18.11
user_025,G6_S4_ENE_SOURCES,0,25.79
user_025,G6_S4_ENE_SOURCES,0,19.8
user_025,G6_S4_ENE_SOURCES,0,23.39
user_025,G6_S4_ENE_SOURCES,0,19.52
user_025,G6_S4_ENE_SOURCES,0,23.61
user_025,G6_S4_ENE_SOURCES,0,23.62
user_025,G6_S4_ENE_SOURCES,1,19.6
user_025,G6_S4_ENE_SOURCES,1,14.25
user_025,G6_S4_ENE_SOURCES,0,14.17
user_025,G6_S4_ENE_SOURCES,1,18.02
user_025,G6_S4_ENE_SOURCES,1,12.03
user_025,G6_S4_ENE_SOURCES,1,10.53
user_025,G6_S8_ELE_CIRCUITS,0,13.78
user_025,G6_S8_ELE_CIRCUITS,0,21.45
user_025,G6_S8_ELE_CIRCUITS,1,21.24
user_025,G6_S8_ELE_CIRCUITS,1,17.73
user_025,G6_S8_ELE_CIRCUITS,1,9.63
user_025,G6_S8_ELE_CIRCUITS,1,11.09
user_025,G6_S8_ELE_CIRCUITS,1,9.71
user_025,G6_S8_ELE_CIRCUITS,1,10.48
user_025,G6_S8_ELE_CIRCUITS,1,7.99
user_025,G6_S8_ELE_CIRCUITS,1,11.45
user_025,G6_S8_ELE_CIRCUITS,1,12.55
user_025,G6_S8_ELE_CIRCUITS,1,10.89
user_025,G6_S8_ELE_CONDINS,0,21.97
user_025,G6_S8_ELE_CONDINS,1,22.23
user_025,G6_S8_ELE_CONDINS,0,15.93
user_025,G6_S8_ELE_CONDINS,1,21.2
user_025,G6_S8_ELE_CONDINS,1,19.25
user_025,G6_S8_ELE_CONDINS,1,12.58
user_025,G6_S8_ELE_CONDINS,1,13.12
user_025,G6_S8_ELE_CONDINS,1,11.45
user_025,G6_S8_ELE_CONDINS,1,12.1
user_025,G6_S8_ELE_CONDINS,1,12.64
user_025,G6_S8_ELE_CONDINS,1,10.84
user_025,G6_S8_ELE_CONDINS,1,14.75
user_025,G7_S1_PLA_DIVER,1,21.43
user_025,G7_S1_PLA_DIVER,1,18.75
user_025,G7_S1_PLA_DIVER,1,13.5
user_025,G7_S1_PLA_DIVER,1,15.04
user_025,G7_S1_PLA_DIVER,1,6.55
user_025,G7_S1_PLA_DIVER,1,13.84
user_025,G7_S1_PLA_DIVER,1,9.17
user_025,G7_S1_PLA_DIVER,1,13.06
user_025,G7_S1_PLA_DIVER,1,6.89
user_025,G7_S1_PLA_DIVER,1,13.64
user_025,G7_S1_PLA_DIVER,1,18.02
user_025,G7_S1_PLA_DIVER,0,10.99
user_025,G7_S1_PLA_CLASSIF,0,24.28
user_025,G7_S1_PLA_CLASSIF,1,19.04
user_025,G7_S1_PLA_CLASSIF,0,15.6
user_025,G7_S1_PLA_CLASSIF,0,16.89
user_025,G7_S1_PLA_CLASSIF,0,19.48
user_025,G7_S1_PLA_CLASSIF,0,22.09
user_025,G7_S1_PLA_CLASSIF,0,25.09
user_025,G7_S1_PLA_CLASSIF,0,25.91
user_025,G7_S1_PLA_CLASSIF,1,23.82
user_025,G7_S1_PLA_CLASSIF,1,18.59
user_025,G7_S1_PLA_CLASSIF,1,14.82
user_025,G7_S1_PLA_CLASSIF,1,8.8
user_025,G7_S2_STA_CHARGES,0,23.65
user_025,G7_S2_STA_CHARGES,0,20.8
user_025,G7_S2_STA_CHARGES,0,22.39
user_025,G7_S2_STA_CHARGES,0,22.99
user_025,G7_S2_STA_CHARGES,0,20.34
user_025,G7_S2_STA_CHARGES,0,21.31
user_025,G7_S2_STA_CHARGES,1,26.25
user_025,G7_S2_STA_CHARGES,1,21.47
user_025,G7_S2_STA_CHARGES,1,9.68
user_025,G7_S2_STA_CHARGES,1,10.8
user_025,G7_S2_STA_CHARGES,1,12.35
user_025,G7_S2_STA_CHARGES,1,11.99
user_025,G7_S2_STA_CAPACIT,0,24.34
user_025,G7_S2_STA_CAPACIT,0,17.86
user_025,G7_S2_STA_CAPACIT,1,22.12
user_025,G7_S2_STA_CAPACIT,0,13.91
user_025,G7_S2_STA_CAPACIT,0,23.05
user_025,G7_S2_STA_CAPACIT,1,17.61
user_025,G7_S2_STA_CAPACIT,0,15.75
user_025,G7_S2_STA_CAPACIT,1,20.19
user_025,G7_S2_STA_CAPACIT,0,16.78
user_025,G7_S2_STA_CAPACIT,0,15.93
user_025,G7_S2_STA_CAPACIT,0,23.95
user_025,G7_S2_STA_CAPACIT,1,18.93
user_025,G7_S3_ELE_SOURCES,0,23.31
user_025,G7_S3_ELE_SOURCES,0,18.07
user_025,G7_S3_ELE_SOURCES,1,23.91
user_025,G7_S3_ELE_SOURCES,1,17.09
user_025,G7_S3_ELE_SOURCES,1,14.1
user_025,G7_S3_ELE_SOURCES,0,9.21
user_025,G7_S3_ELE_SOURCES,1,12.78
user_025,G7_S3_ELE_SOURCES,1,12.43
user_025,G7_S3_ELE_SOURCES,1,10.66
user_025,G7_S3_ELE_SOURCES,1,15.38
user_025,G7_S3_ELE_SOURCES,1,12.47
user_025,G7_S3_ELE_SOURCES,1,15.58
user_025,G7_S3_ELE_CURRENTS,0,19.34
user_025,G7_S3_ELE_CURRENTS,1,19.87
user_025,G7_S3_ELE_CURRENTS,0,18.12
user_025,G7_S3_ELE_CURRENTS,0,20.04
user_025,G7_S3_ELE_CURRENTS,0,23.5
user_025,G7_S3_ELE_CURRENTS,1,26.88
user_025,G7_S3_ELE_CURRENTS,1,23.32
user_025,G7_S3_ELE_CURRENTS,1,14.65
user_025,G7_S3_ELE_CURRENTS,1,12.77
user_025,G7_S3_ELE_CURRENTS,1,13.85
user_025,G7_S3_ELE_CURRENTS,1,15.08
user_025,G7_S3_ELE_CURRENTS,1,11.04
user_025,G7_S4_WAT_SOLVENT,1,21.75
user_025,G7_S4_WAT_SOLVENT,0,16.51
user_025,G7_S4_WAT_SOLVENT,1,23.98
user_025,G7_S4_WAT_SOLVENT,1,15.65
user_025,G7_S4_WAT_SOLVENT,1,11.04
user_025,G7_S4_WAT_SOLVENT,1,11.6
user_025,G7_S4_WAT_SOLVENT,1,13.32
user_025,G7_S4_WAT_SOLVENT,1,11.67
user_025,G7_S4_WAT_SOLVENT,1,10.41
user_025,G7_S4_WAT_SOLVENT,1,9.96
user_025,G7_S4_WAT_SOLVENT,1,10.08
user_025,G7_S4_WAT_SOLVENT,1,13.68
user_025,G7_S4_WAT_COOLANT,0,22.1
user_025,G7_S4_WAT_COOLANT,0,23.54
user_025,G7_S4_WAT_COOLANT,1,20.33
user_025,G7_S4_WAT_COOLANT,0,17.44
user_025,G7_S4_WAT_COOLANT,1,24.16
user_025,G7_S4_WAT_COOLANT,1,19.1
user_025,G7_S4_WAT_COOLANT,1,13.96
user_025,G7_S4_WAT_COOLANT,1,8.58
user_025,G7_S4_WAT_COOLANT,1,11.5
user_025,G7_S4_WAT_COOLANT,1,12.36
user_025,G7_S4_WAT_COOLANT,1,15.37
user_025,G7_S4_WAT_COOLANT,1,13.41
user_025,G7_S5_ACI_IDENTIF,1,23.85
user_025,G7_S5_ACI_IDENTIF,1,14.96
user_025,G7_S5_ACI_IDENTIF,1,9.57
user_025,G7_S5_ACI_IDENTIF,1,13.56
user_025,G7_S5_ACI_IDENTIF,1,14.45
user_025,G7_S5_ACI_IDENTIF,0,10.32
user_025,G7_S5_ACI_IDENTIF,1,11.35
user_025,G7_S5_ACI_IDENTIF,0,12.66
user_025,G7_S5_ACI_IDENTIF,1,15.3
user_025,G7_S5_ACI_IDENTIF,1,9.74
user_025,G7_S5_ACI_IDENTIF,1,11.16
user_025,G7_S5_ACI_IDENTIF,1,12.55
user_025,G7_S5_ACI_INDICAT,1,18.74
user_025,G7_S5_ACI_INDICAT,1,18.52
user_025,G7_S5_ACI_INDICAT,0,12.43
user_025,G7_S5_ACI_INDICAT,1,20.09
user_025,G7_S5_ACI_INDICAT,1,15.39
user_025,G7_S5_ACI_INDICAT,1,16.35
user_025,G7_S5_ACI_INDICAT,0,12.81
user_025,G7_S5_ACI_INDICAT,0,14.41
user_025,G7_S5_ACI_INDICAT,0,17.67
user_025,G7_S5_ACI_INDICAT,1,15.52
user_025,G7_S5_ACI_INDICAT,1,16.4
user_025,G7_S5_ACI_INDICAT,1,12.8
user_025,G7_S6_ANI_CLASSIF,0,23.48
user_025,G7_S6_ANI_CLASSIF,1,19.82
user_025,G7_S6_ANI_CLASSIF,1,18.85
user_025,G7_S6_ANI_CLASSIF,1,16.86
user_025,G7_S6_ANI_CLASSIF,1,13.52
user_025,G7_S6_ANI_CLASSIF,1,12.94
user_025,G7_S6_ANI_CLASSIF,0,11.26
user_025,G7_S6_ANI_CLASSIF,1,9.72
user_025,G7_S6_ANI_CLASSIF,1,17.6
user_025,G7_S6_ANI_CLASSIF,1,9.27
user_025,G7_S6_ANI_CLASSIF,1,11.03
user_025,G7_S6_ANI_CLASSIF,1,14.57
user_025,G7_S6_ANI_ADAPTAT,0,26.18
user_025,G7_S6_ANI_ADAPTAT,0,18.34
user_025,G7_S6_ANI_ADAPTAT,1,20.58
user_025,G7_S6_ANI_ADAPTAT,0,17.29
user_025,G7_S6_ANI_ADAPTAT,1,20.16
user_025,G7_S6_ANI_ADAPTAT,1,14.26
user_025,G7_S6_ANI_ADAPTAT,1,16.26
user_025,G7_S6_ANI_ADAPTAT,1,10.4
user_025,G7_S6_ANI_ADAPTAT,0,10.12
user_025,G7_S6_ANI_ADAPTAT,1,16.53
user_025,G7_S6_ANI_ADAPTAT,0,17.0
user_025,G7_S6_ANI_ADAPTAT,1,12.04
user_025,G7_S7_ENE_FORMS,1,19.43
user_025,G7_S7_ENE_FORMS,1,19.13
user_025,G7_S7_ENE_FORMS,1,13.7
user_025,G7_S7_ENE_FORMS,1,12.9
user_025,G7_S7_ENE_FORMS,1,11.23
user_025,G7_S7_ENE_FORMS,1,10.91
user_025,G7_S7_ENE_FORMS,1,9.6
user_025,G7_S7_ENE_FORMS,1,15.53
user_025,G7_S7_ENE_FORMS,1,13.45
user_025,G7_S7_ENE_FORMS,1,10.68
user_025,G7_S7_ENE_FORMS,1,11.45
user_025,G7_S7_ENE_FORMS,1,14.52
user_025,G7_S7_ENE_TRANSF,1,21.15
user_025,G7_S7_ENE_TRANSF,0,18.85
user_025,G7_S7_ENE_TRANSF,0,22.16
user_025,G7_S7_ENE_TRANSF,1,18.91
user_025,G7_S7_ENE_TRANSF,0,19.47
user_025,G7_S7_ENE_TRANSF,0,20.78
user_025,G7_S7_ENE_TRANSF,1,22.46
user_025,G7_S7_ENE_TRANSF,1,14.98
user_025,G7_S7_ENE_TRANSF,1,13.11
user_025,G7_S7_ENE_TRANSF,0,12.9
user_025,G7_S7_ENE_TRANSF,0,17.38
user_025,G7_S7_ENE_TRANSF,1,19.64
user_025,G7_S8_EAR_STRUCT,0,23.55
user_025,G7_S8_EAR_STRUCT,0,24.13
user_025,G7_S8_EAR_STRUCT,1,21.49
user_025,G7_S8_EAR_STRUCT,1,17.66
user_025,G7_S8_EAR_STRUCT,1,14.34
user_025,G7_S8_EAR_STRUCT,1,12.08
user_025,G7_S8_EAR_STRUCT,1,8.93
user_025,G7_S8_EAR_STRUCT,1,16.43
user_025,G7_S8_EAR_STRUCT,1,13.25
user_025,G7_S8_EAR_STRUCT,1,15.4
user_025,G7_S8_EAR_STRUCT,1,13.02
user_025,G7_S8_EAR_STRUCT,1,12.4
user_025,G7_S8_EAR_TECTON,0,22.11
user_025,G7_S8_EAR_TECTON,0,23.08
user_025,G7_S8_EAR_TECTON,1,25.32
user_025,G7_S8_EAR_TECTON,1,18.04
user_025,G7_S8_EAR_TECTON,1,13.18
user_025,G7_S8_EAR_TECTON,1,12.59
user_025,G7_S8_EAR_TECTON,1,12.25
user_025,G7_S8_EAR_TECTON,0,10.07
user_025,G7_S8_EAR_TECTON,1,15.17
user_025,G7_S8_EAR_TECTON,1,15.01
user_025,G7_S8_EAR_TECTON,1,15.72
user_025,G7_S8_EAR_TECTON,0,11.9
user_025,G7_S9_LIG_SHADOWS,0,24.22
user_025,G7_S9_LIG_SHADOWS,1,19.74
user_025,G7_S9_LIG_SHADOWS,0,14.54
user_025,G7_S9_LIG_SHADOWS,0,17.12
user_025,G7_S9_LIG_SHADOWS,1,24.23
user_025,G7_S9_LIG_SHADOWS,1,16.92
user_025,G7_S9_LIG_SHADOWS,1,14.89
user_025,G7_S9_LIG_SHADOWS,1,12.24
user_025,G7_S9_LIG_SHADOWS,1,11.61
user_025,G7_S9_LIG_SHADOWS,0,11.6
user_025,G7_S9_LIG_SHADOWS,1,12.32
user_025,G7_S9_LIG_SHADOWS,0,14.56
user_025,G7_S9_LIG_MIRRORS,0,20.66
user_025,G7_S9_LIG_MIRRORS,0,24.41
user_025,G7_S9_LIG_MIRRORS,0,27.78
user_025,G7_S9_LIG_MIRRORS,0,21.69
user_025,G7_S9_LIG_MIRRORS,1,20.31
user_025,G7_S9_LIG_MIRRORS,0,17.76
user_025,G7_S9_LIG_MIRRORS,1,20.04
user_025,G7_S9_LIG_MIRRORS,1,12.95
user_025,G7_S9_LIG_MIRRORS,1,13.8
user_025,G7_S9_LIG_MIRRORS,1,9.94
user_025,G7_S9_LIG_MIRRORS,1,9.99
user_025,G7_S9_LIG_MIRRORS,1,14.33
user_025,G7_S10_MIC_LIGHT,1,22.91
user_025,G7_S10_MIC_LIGHT,1,16.18
user_025,G7_S10_MIC_LIGHT,1,10.0
user_025,G7_S10_MIC_LIGHT,1,12.65
user_025,G7_S10_MIC_LIGHT,1,9.64
user_025,G7_S10_MIC_LIGHT,1,13.71
user_025,G7_S10_MIC_LIGHT,1,11.35
user_025,G7_S10_MIC_LIGHT,1,12.28
user_025,G7_S10_MIC_LIGHT,1,13.41
user_025,G7_S10_MIC_LIGHT,1,15.5
user_025,G7_S10_MIC_LIGHT,1,16.85
user_025,G7_S10_MIC_LIGHT,1,7.46
user_025,G7_S10_MIC_ELECTR,1,18.35
user_025,G7_S10_MIC_ELECTR,1,21.38
user_025,G7_S10_MIC_ELECTR,1,11.11
user_025,G7_S10_MIC_ELECTR,0,14.37
user_025,G7_S10_MIC_ELECTR,0,11.42
user_025,G7_S10_MIC_ELECTR,1,18.45
user_025,G7_S10_MIC_ELECTR,1,13.25
user_025,G7_S10_MIC_ELECTR,0,8.68
user_025,G7_S10_MIC_ELECTR,0,12.54
user_025,G7_S10_MIC_ELECTR,0,15.68
user_025,G7_S10_MIC_ELECTR,0,24.68
user_025,G7_S10_MIC_ELECTR,0,20.42
user_025,G8_S1_BIO_DIVER,0,22.77
user_025,G8_S1_BIO_DIVER,0,18.13
user_025,G8_S1_BIO_DIVER,1,18.9
user_025,G8_S1_BIO_DIVER,0,16.65
user_025,G8_S1_BIO_DIVER,1,23.16
user_025,G8_S1_BIO_DIVER,1,17.51
user_025,G8_S1_BIO_DIVER,0,14.88
user_025,G8_S1_BIO_DIVER,1,15.94
user_025,G8_S1_BIO_DIVER,0,10.49
user_025,G8_S1_BIO_DIVER,1,15.82
user_025,G8_S1_BIO_DIVER,1,14.55
user_025,G8_S1_BIO_DIVER,1,15.02
user_025,G8_S1_BIO_CLASSIF,0,19.18
user_025,G8_S1_BIO_CLASSIF,1,18.1
user_025,G8_S1_BIO_CLASSIF,0,12.88
user_025,G8_S1_BIO_CLASSIF,0,17.18
user_025,G8_S1_BIO_CLASSIF,0,21.4
user_025,G8_S1_BIO_CLASSIF,0,20.34
user_025,G8_S1_BIO_CLASSIF,1,21.9
user_025,G8_S1_BIO_CLASSIF,1,15.91
user_025,G8_S1_BIO_CLASSIF,1,13.18
user_025,G8_S1_BIO_CLASSIF,1,10.79
user_025,G8_S1_BIO_CLASSIF,1,10.17
user_025,G8_S1_BIO_CLASSIF,1,11.05
user_025,G8_S2_TIS_PLANT,0,21.99
user_025,G8_S2_TIS_PLANT,0,26.03
user_025,G8_S2_TIS_PLANT,0,20.66
user_025,G8_S2_TIS_PLANT,1,19.72
user_025,G8_S2_TIS_PLANT,1,18.63
user_025,G8_S2_TIS_PLANT,1,14.35
user_025,G8_S2_TIS_PLANT,1,10.19
user_025,G8_S2_TIS_PLANT,1,10.75
user_025,G8_S2_TIS_PLANT,1,13.05
user_025,G8_S2_TIS_PLANT,1,14.17
user_025,G8_S2_TIS_PLANT,1,12.26
user_025,G8_S2_TIS_PLANT,1,15.68
user_025,G8_S2_TIS_ANIMAL,0,19.24
user_025,G8_S2_TIS_ANIMAL,0,23.3
user_025,G8_S2_TIS_ANIMAL,1,22.5
user_025,G8_S2_TIS_ANIMAL,1,17.42
user_025,G8_S2_TIS_ANIMAL,0,14.15
user_025,G8_S2_TIS_ANIMAL,1,11.82
user_025,G8_S2_TIS_ANIMAL,1,15.99
user_025,G8_S2_TIS_ANIMAL,1,12.45
user_025,G8_S2_TIS_ANIMAL,0,14.1
user_025,G8_S2_TIS_ANIMAL,1,11.3
user_025,G8_S2_TIS_ANIMAL,1,16.08
user_025,G8_S2_TIS_ANIMAL,1,8.32
user_025,G8_S3_PHO_PROCESS,0,23.53
user_025,G8_S3_PHO_PROCESS,0,22.31
user_025,G8_S3_PHO_PROCESS,0,23.4
user_025,G8_S3_PHO_PROCESS,0,23.16
user_025,G8_S3_PHO_PROCESS,0,20.41
user_025,G8_S3_PHO_PROCESS,1,18.93
user_025,G8_S3_PHO_PROCESS,1,21.93
user_025,G8_S3_PHO_PROCESS,0,12.51
user_025,G8_S3_PHO_PROCESS,1,14.39
user_025,G8_S3_PHO_PROCESS,1,11.16
user_025,G8_S3_PHO_PROCESS,1,14.44
user_025,G8_S3_PHO_PROCESS,1,9.92
user_025,G8_S3_PHO_IMPORT,1,20.99
user_025,G8_S3_PHO_IMPORT,1,14.39
user_025,G8_S3_PHO_IMPORT,1,16.98
user_025,G8_S3_PHO_IMPORT,1,15.11
user_025,G8_S3_PHO_IMPORT,1,9.28
user_025,G8_S3_PHO_IMPORT,1,9.98
user_025,G8_S3_PHO_IMPORT,1,10.92
user_025,G8_S3_PHO_IMPORT,1,11.79
user_025,G8_S3_PHO_IMPORT,1,11.59
user_025,G8_S3_PHO_IMPORT,1,9.87
user_025,G8_S3_PHO_IMPORT,1,13.55
user_025,G8_S3_PHO_IMPORT,1,12.54
user_025,G8_S4_MAT_ELEMENTS,1,19.6
user_025,G8_S4_MAT_ELEMENTS,1,17.02
user_025,G8_S4_MAT_ELEMENTS,1,14.53
user_025,G8_S4_MAT_ELEMENTS,1,11.38
user_025,G8_S4_MAT_ELEMENTS,1,16.11
user_025,G8_S4_MAT_ELEMENTS,1,12.81
user_025,G8_S4_MAT_ELEMENTS,1,15.46
user_025,G8_S4_MAT_ELEMENTS,0,14.92
user_025,G8_S4_MAT_ELEMENTS,1,15.05
user_025,G8_S4_MAT_ELEMENTS,1,9.79
user_025,G8_S4_MAT_ELEMENTS,0,14.29
user_025,G8_S4_MAT_ELEMENTS,1,14.08
user_025,G8_S4_MAT_COMPOUNDS,0,24.61
user_025,G8_S4_MAT_COMPOUNDS,0,18.72
user_025,G8_S4_MAT_COMPOUNDS,1,23.01
user_025,G8_S4_MAT_COMPOUNDS,1,16.65
user_025,G8_S4_MAT_COMPOUNDS,1,8.89
user_025,G8_S4_MAT_COMPOUNDS,0,12.8
user_025,G8_S4_MAT_COMPOUNDS,1,15.64
user_025,G8_S4_MAT_COMPOUNDS,1,11.08
user_025,G8_S4_MAT_COMPOUNDS,1,13.3
user_025,G8_S4_MAT_COMPOUNDS,1,15.27
user_025,G8_S4_MAT_COMPOUNDS,1,11.86
user_025,G8_S4_MAT_COMPOUNDS,1,11.66
user_025,G8_S5_MAT_DENSITY,0,18.98
user_025,G8_S5_MAT_DENSITY,1,20.91
user_025,G8_S5_MAT_DENSITY,1,18.67
user_025,G8_S5_MAT_DENSITY,1,12.02
user_025,G8_S5_MAT_DENSITY,1,12.32
user_025,G8_S5_MAT_DENSITY,1,14.81
user_025,G8_S5_MAT_DENSITY,1,8.55
user_025,G8_S5_MAT_DENSITY,0,10.74
user_025,G8_S5_MAT_DENSITY,1,10.0
user_025,G8_S5_MAT_DENSITY,1,14.46
user_025,G8_S5_MAT_DENSITY,1,10.05
user_025,G8_S5_MAT_DENSITY,1,12.02
user_025,G8_S5_MAT_THERMAL,1,20.34
user_025,G8_S5_MAT_THERMAL,1,17.68
user_025,G8_S5_MAT_THERMAL,1,15.97
user_025,G8_S5_MAT_THERMAL,1,12.54
user_025,G8_S5_MAT_THERMAL,1,11.21
user_025,G8_S5_MAT_THERMAL,1,11.72
user_025,G8_S5_MAT_THERMAL,1,13.72
user_025,G8_S5_MAT_THERMAL,1,13.82
user_025,G8_S5_MAT_THERMAL,1,13.01
user_025,G8_S5_MAT_THERMAL,1,10.52
user_025,G8_S5_MAT_THERMAL,1,11.71
user_025,G8_S5_MAT_THERMAL,1,12.56
user_025,G8_S6_CHA_PHYSICAL,0,20.78
user_025,G8_S6_CHA_PHYSICAL,1,22.66
user_025,G8_S6_CHA_PHYSICAL,1,19.53
user_025,G8_S6_CHA_PHYSICAL,1,14.81
user_025,G8_S6_CHA_PHYSICAL,1,16.66
user_025,G8_S6_CHA_PHYSICAL,1,10.93
user_025,G8_S6_CHA_PHYSICAL,1,11.24
user_025,G8_S6_CHA_PHYSICAL,1,10.49
user_025,G8_S6_CHA_PHYSICAL,1,9.77
user_025,G8_S6_CHA_PHYSICAL,1,13.1
user_025,G8_S6_CHA_PHYSICAL,1,13.34
user_025,G8_S6_CHA_PHYSICAL,1,15.46
user_025,G8_S6_CHA_BURNING,0,22.98
user_025,G8_S6_CHA_BURNING,0,17.14
user_025,G8_S6_CHA_BURNING,0,24.81
user_025,G8_S6_CHA_BURNING,0,21.97
user_025,G8_S6_CHA_BURNING,1,21.59
user_025,G8_S6_CHA_BURNING,1,24.16
user_025,G8_S6_CHA_BURNING,1,15.01
user_025,G8_S6_CHA_BURNING,1,12.15
user_025,G8_S6_CHA_BURNING,1,13.25
user_025,G8_S6_CHA_BURNING,1,10.24
user_025,G8_S6_CHA_BURNING,1,10.06
user_025,G8_S6_CHA_BURNING,0,13.65
user_025,G8_S7_FOR_TYPES,0,20.77
user_025,G8_S7_FOR_TYPES,0,23.19
user_025,G8_S7_FOR_TYPES,1,18.46
user_025,G8_S7_FOR_TYPES,0,16.73
user_025,G8_S7_FOR_TYPES,0,20.13
user_025,G8_S7_FOR_TYPES,0,22.31
user_025,G8_S7_FOR_TYPES,0,17.34
user_025,G8_S7_FOR_TYPES,1,22.44
user_025,G8_S7_FOR_TYPES,1,16.47
user_025,G8_S7_FOR_TYPES,1,13.36
user_025,G8_S7_FOR_TYPES,1,12.65
user_025,G8_S7_FOR_TYPES,1,14.79
user_025,G8_S7_FOR_PRESSURE,0,20.6
user_025,G8_S7_FOR_PRESSURE,1,19.79
user_025,G8_S7_FOR_PRESSURE,1,15.27
user_025,G8_S7_FOR_PRESSURE,1,12.07
user_025,G8_S7_FOR_PRESSURE,1,9.61
user_025,G8_S7_FOR_PRESSURE,1,11.63
user_025,G8_S7_FOR_PRESSURE,1,10.35
user_025,G8_S7_FOR_PRESSURE,1,14.33
user_025,G8_S7_FOR_PRESSURE,1,13.71
user_025,G8_S7_FOR_PRESSURE,0,15.04
user_025,G8_S7_FOR_PRESSURE,1,12.63
user_025,G8_S7_FOR_PRESSURE,1,8.71
user_025,G8_S8_STA_PHENOM,0,24.44
user_025,G8_S8_STA_PHENOM,1,25.81
user_025,G8_S8_STA_PHENOM,0,17.06
user_025,G8_S8_STA_PHENOM,0,22.6
user_025,G8_S8_STA_PHENOM,1,18.59
user_025,G8_S8_STA_PHENOM,0,14.57
user_025,G8_S8_STA_PHENOM,1,19.16
user_025,G8_S8_STA_PHENOM,1,16.39
user_025,G8_S8_STA_PHENOM,1,13.4
user_025,G8_S8_STA_PHENOM,1,16.17
user_025,G8_S8_STA_PHENOM,1,13.41
user_025,G8_S8_STA_PHENOM,1,13.47
user_025,G8_S8_STA_LIGHTNG,0,19.49
user_025,G8_S8_STA_LIGHTNG,1,22.9
user_025,G8_S8_STA_LIGHTNG,0,14.55
user_025,G8_S8_STA_LIGHTNG,0,20.93
user_025,G8_S8_STA_LIGHTNG,1,21.64
user_025,G8_S8_STA_LIGHTNG,1,18.57
user_025,G8_S8_STA_LIGHTNG,1,15.84
user_025,G8_S8_STA_LIGHTNG,1,16.3
user_025,G8_S8_STA_LIGHTNG,1,12.08
user_025,G8_S8_STA_LIGHTNG,1,12.99
user_025,G8_S8_STA_LIGHTNG,1,14.18
user_025,G8_S8_STA_LIGHTNG,1,13.47
user_025,G9_S1_SYS_DIGEST,0,23.26
user_025,G9_S1_SYS_DIGEST,0,21.33
user_025,G9_S1_SYS_DIGEST,1,23.71
user_025,G9_S1_SYS_DIGEST,1,21.67
user_025,G9_S1_SYS_DIGEST,1,14.67
user_025,G9_S1_SYS_DIGEST,1,15.03
user_025,G9_S1_SYS_DIGEST,1,9.52
user_025,G9_S1_SYS_DIGEST,1,15.46
user_025,G9_S1_SYS_DIGEST,0,11.0
user_025,G9_S1_SYS_DIGEST,1,11.35
user_025,G9_S1_SYS_DIGEST,1,12.99
user_025,G9_S1_SYS_DIGEST,1,13.0
user_025,G9_S1_SYS_CIRCUL,1,19.99
user_025,G9_S1_SYS_CIRCUL,1,15.37
user_025,G9_S1_SYS_CIRCUL,1,11.98
user_025,G9_S1_SYS_CIRCUL,1,16.23
user_025,G9_S1_SYS_CIRCUL,1,11.86
user_025,G9_S1_SYS_CIRCUL,1,10.66
user_025,G9_S1_SYS_CIRCUL,1,12.23
user_025,G9_S1_SYS_CIRCUL,1,13.29
user_025,G9_S1_SYS_CIRCUL,1,17.24
user_025,G9_S1_SYS_CIRCUL,1,16.42
user_025,G9_S1_SYS_CIRCUL,1,11.21
user_025,G9_S1_SYS_CIRCUL,1,10.99
user_025,G9_S2_RHY_EARTH,0,23.18
user_025,G9_S2_RHY_EARTH,0,24.39
user_025,G9_S2_RHY_EARTH,0,21.36
user_025,G9_S2_RHY_EARTH,0,25.31
user_025,G9_S2_RHY_EARTH,0,19.31
user_025,G9_S2_RHY_EARTH,0,19.4
user_025,G9_S2_RHY_EARTH,0,20.34
user_025,G9_S2_RHY_EARTH,1,20.92
user_025,G9_S2_RHY_EARTH,1,11.8
user_025,G9_S2_RHY_EARTH,1,13.93
user_025,G9_S2_RHY_EARTH,0,9.78
user_025,G9_S2_RHY_EARTH,1,10.07
user_025,G9_S2_RHY_CLIMATE,1,22.89
user_025,G9_S2_RHY_CLIMATE,0,16.57
user_025,G9_S2_RHY_CLIMATE,1,19.12
user_025,G9_S2_RHY_CLIMATE,0,18.48
user_025,G9_S2_RHY_CLIMATE,1,19.23
user_025,G9_S2_RHY_CLIMATE,1,17.09
user_025,G9_S2_RHY_CLIMATE,1,14.76
user_025,G9_S2_RHY_CLIMATE,0,13.43
user_025,G9_S2_RHY_CLIMATE,0,14.54
user_025,G9_S2_RHY_CLIMATE,0,21.21
user_025,G9_S2_RHY_CLIMATE,0,19.75
user_025,G9_S2_RHY_CLIMATE,1,22.33
user_025,G9_S3_LIG_REFRAC,1,22.15
user_025,G9_S3_LIG_REFRAC,1,15.47
user_025,G9_S3_LIG_REFRAC,1,9.48
user_025,G9_S3_LIG_REFRAC,1,14.03
user_025,G9_S3_LIG_REFRAC,1,16.47
user_025,G9_S3_LIG_REFRAC,1,12.87
user_025,G9_S3_LIG_REFRAC,1,12.14
user_025,G9_S3_LIG_REFRAC,1,6.83
user_025,G9_S3_LIG_REFRAC,1,15.0
user_025,G9_S3_LIG_REFRAC,1,15.93
user_025,G9_S3_LIG_REFRAC,0,9.1
user_025,G9_S3_LIG_REFRAC,1,10.95
user_025,G9_S3_LIG_LENSES,1,17.61
user_025,G9_S3_LIG_LENSES,1,19.98
user_025,G9_S3_LIG_LENSES,1,13.48
user_025,G9_S3_LIG_LENSES,0,12.34
user_025,G9_S3_LIG_LENSES,1,20.24
user_025,G9_S3_LIG_LENSES,1,18.92
user_025,G9_S3_LIG_LENSES,1,15.92
user_025,G9_S3_LIG_LENSES,1,10.07
user_025,G9_S3_LIG_LENSES,0,14.99
user_025,G9_S3_LIG_LENSES,1,17.82
user_025,G9_S3_LIG_LENSES,1,17.18
user_025,G9_S3_LIG_LENSES,0,12.09
user_025,G9_S4_SOU_PROPAG,0,22.89
user_025,G9_S4_SOU_PROPAG,0,22.33
user_025,G9_S4_SOU_PROPAG,0,20.94
user_025,G9_S4_SOU_PROPAG,0,24.98
user_025,G9_S4_SOU_PROPAG,1,23.86
user_025,G9_S4_SOU_PROPAG,1,17.9
user_025,G9_S4_SOU_PROPAG,1,11.47
user_025,G9_S4_SOU_PROPAG,0,10.71
user_025,G9_S4_SOU_PROPAG,1,14.68
user_025,G9_S4_SOU_PROPAG,1,13.62
user_025,G9_S4_SOU_PROPAG,1,16.36
user_025,G9_S4_SOU_PROPAG,1,14.56
user_025,G9_S4_SOU_HEARING,0,20.7
user_025,G9_S4_SOU_HEARING,0,20.14
user_025,G9_S4_SOU_HEARING,1,24.4
user_025,G9_S4_SOU_HEARING,1,11.4
user_025,G9_S4_SOU_HEARING,0,11.56
user_025,G9_S4_SOU_HEARING,0,14.77
user_025,G9_S4_SOU_HEARING,0,19.01
user_025,G9_S4_SOU_HEARING,0,17.18
user_025,G9_S4_SOU_HEARING,0,20.11
user_025,G9_S4_SOU_HEARING,0,23.81
user_025,G9_S4_SOU_HEARING,0,24.4
user_025,G9_S4_SOU_HEARING,0,19.17
user_025,G9_S5_HEA_EXPANS,1,22.05
user_025,G9_S5_HEA_EXPANS,1,19.62
user_025,G9_S5_HEA_EXPANS,1,12.21
user_025,G9_S5_HEA_EXPANS,1,9.87
user_025,G9_S5_HEA_EXPANS,1,10.29
user_025,G9_S5_HEA_EXPANS,1,13.82
user_025,G9_S5_HEA_EXPANS,1,14.03
user_025,G9_S5_HEA_EXPANS,1,13.51
user_025,G9_S5_HEA_EXPANS,1,11.63
user_025,G9_S5_HEA_EXPANS,1,11.16
user_025,G9_S5_HEA_EXPANS,1,13.94
user_025,G9_S5_HEA_EXPANS,0,9.6
user_025,G9_S5_HEA_TRANSF,0,23.19
user_025,G9_S5_HEA_TRANSF,0,17.79
user_025,G9_S5_HEA_TRANSF,0,21.8
user_025,G9_S5_HEA_TRANSF,0,18.04
user_025,G9_S5_HEA_TRANSF,0,21.04
user_025,G9_S5_HEA_TRANSF,0,21.61
user_025,G9_S5_HEA_TRANSF,1,20.47
user_025,G9_S5_HEA_TRANSF,0,18.88
user_025,G9_S5_HEA_TRANSF,1,15.24
user_025,G9_S5_HEA_TRANSF,0,15.32
user_025,G9_S5_HEA_TRANSF,1,20.52
user_025,G9_S5_HEA_TRANSF,1,15.3
user_025,G9_S6_NAT_ATOMS,0,18.44
user_025,G9_S6_NAT_ATOMS,1,24.68
user_025,G9_S6_NAT_ATOMS,1,20.3
user_025,G9_S6_NAT_ATOMS,0,13.59
user_025,G9_S6_NAT_ATOMS,1,15.6
user_025,G9_S6_NAT_ATOMS,0,15.77
user_025,G9_S6_NAT_ATOMS,1,16.79
user_025,G9_S6_NAT_ATOMS,1,15.53
user_025,G9_S6_NAT_ATOMS,1,12.0
user_025,G9_S6_NAT_ATOMS,1,13.94
user_025,G9_S6_NAT_ATOMS,1,14.17
user_025,G9_S6_NAT_ATOMS,1,11.42
user_025,G9_S6_NAT_CONFIG,0,18.62
user_025,G9_S6_NAT_CONFIG,0,23.19
user_025,G9_S6_NAT_CONFIG,0,19.65
user_025,G9_S6_NAT_CONFIG,0,21.72
user_025,G9_S6_NAT_CONFIG,1,22.92
user_025,G9_S6_NAT_CONFIG,1,12.64
user_025,G9_S6_NAT_CONFIG,0,13.98
user_025,G9_S6_NAT_CONFIG,1,17.01
user_025,G9_S6_NAT_CONFIG,1,14.55
user_025,G9_S6_NAT_CONFIG,1,9.64
user_025,G9_S6_NAT_CONFIG,1,9.34
user_025,G9_S6_NAT_CONFIG,1,10.28
user_025,G9_S7_ACI_SALTS,0,21.11
user_025,G9_S7_ACI_SALTS,1,22.85
user_025,G9_S7_ACI_SALTS,1,17.41
user_025,G9_S7_ACI_SALTS,1,8.79
user_025,G9_S7_ACI_SALTS,1,13.19
user_025,G9_S7_ACI_SALTS,1,4.85
user_025,G9_S7_ACI_SALTS,1,12.74
user_025,G9_S7_ACI_SALTS,1,9.82
user_025,G9_S7_ACI_SALTS,1,15.1
user_025,G9_S7_ACI_SALTS,1,11.21
user_025,G9_S7_ACI_SALTS,1,12.63
user_025,G9_S7_ACI_SALTS,1,15.02
user_025,G9_S7_ACI_NEUTRAL,0,23.52
user_025,G9_S7_ACI_NEUTRAL,1,22.26
user_025,G9_S7_ACI_NEUTRAL,1,17.94
user_025,G9_S7_ACI_NEUTRAL,1,14.1
user_025,G9_S7_ACI_NEUTRAL,1,10.3
user_025,G9_S7_ACI_NEUTRAL,1,16.76
user_025,G9_S7_ACI_NEUTRAL,1,10.13
user_025,G9_S7_ACI_NEUTRAL,1,15.32
user_025,G9_S7_ACI_NEUTRAL,0,13.75
user_025,G9_S7_ACI_NEUTRAL,1,11.65
user_025,G9_S7_ACI_NEUTRAL,1,12.21
user_025,G9_S7_ACI_NEUTRAL,1,13.1
